date,price,bedrooms,bathrooms,sqft_living,sqft_lot,floors,condition,yr_built,city,price_per_sqft
2014-05-02,313000.0,3.0,1.5,1340,7912,1.5,3,1955,Shoreline,233.58
2014-05-02,2384000.0,5.0,2.5,3650,9050,2.0,5,1921,Seattle,653.15
2014-05-02,342000.0,3.0,2.0,1930,11947,1.0,4,1966,Kent,177.2
2014-05-02,420000.0,3.0,2.25,2000,8030,1.0,4,1963,Bellevue,210.0
2014-05-02,550000.0,4.0,2.5,1940,10500,1.0,4,1976,Redmond,283.51
2014-05-02,490000.0,2.0,1.0,880,6380,1.0,3,1938,Seattle,556.82
2014-05-02,335000.0,2.0,2.0,1350,2560,1.0,3,1976,Redmond,248.15
2014-05-02,482000.0,4.0,2.5,2710,35868,2.0,3,1989,Maple Valley,177.86
2014-05-02,452500.0,3.0,2.5,2430,88426,1.0,4,1985,North Bend,186.21
2014-05-02,640000.0,4.0,2.0,1520,6200,1.5,3,1945,Seattle,421.05
2014-05-02,463000.0,3.0,1.75,1710,7320,1.0,3,1948,Lake Forest Park,270.76
2014-05-02,1400000.0,4.0,2.5,2920,4000,1.5,5,1909,Seattle,479.45
2014-05-02,588500.0,3.0,1.75,2330,14892,1.0,3,1980,Sammamish,252.58
2014-05-02,365000.0,3.0,1.0,1090,6435,1.0,4,1955,Seattle,334.86
2014-05-02,1200000.0,5.0,2.75,2910,9480,1.5,3,1939,Seattle,412.37
2014-05-02,242500.0,3.0,1.5,1200,9720,1.0,4,1965,Kent,202.08
2014-05-02,419000.0,3.0,1.5,1570,6700,1.0,4,1956,Bellevue,266.88
2014-05-02,367500.0,4.0,3.0,3110,7231,2.0,3,1997,Auburn,118.17
2014-05-02,257950.0,3.0,1.75,1370,5858,1.0,3,1987,Des Moines,188.28
2014-05-02,275000.0,3.0,1.5,1180,10277,1.0,3,1983,North Bend,233.05
2014-05-02,750000.0,3.0,1.75,2240,10578,2.0,5,1923,Seattle,334.82
2014-05-02,435000.0,4.0,1.0,1450,8800,1.0,4,1954,Bellevue,300.0
2014-05-02,626000.0,3.0,2.25,1750,1572,2.5,3,2005,Seattle,357.71
2014-05-02,612500.0,4.0,2.5,2730,12261,2.0,3,1991,Bothell,224.36
2014-05-02,495000.0,4.0,1.75,1600,6380,1.0,3,1959,Seattle,309.38
2014-05-02,285000.0,3.0,2.5,2090,10834,1.0,4,1987,Federal Way,136.36
2014-05-02,615000.0,3.0,1.75,2360,7291,1.0,4,1948,Seattle,260.59
2014-05-02,698000.0,4.0,2.25,2200,11250,1.5,5,1920,Kirkland,317.27
2014-05-02,675000.0,5.0,2.5,2820,67518,2.0,3,1979,Issaquah,239.36
2014-05-02,790000.0,3.0,2.5,2600,4750,1.0,4,1951,Seattle,303.85
2014-05-02,382500.0,4.0,1.75,1560,8700,1.0,4,1967,Kirkland,245.19
2014-05-02,499950.0,4.0,2.5,2860,3345,2.0,3,2004,Woodinville,174.81
2014-05-02,650000.0,4.0,2.0,1820,5000,1.5,3,1945,Seattle,357.14
2014-05-02,625000.0,4.0,2.5,2820,8408,2.0,3,2014,Shoreline,221.63
2014-05-02,400000.0,4.0,2.5,3630,42884,1.5,3,1979,Auburn,110.19
2014-05-02,604000.0,3.0,2.5,3240,33151,2.0,3,1995,Federal Way,186.42
2014-05-02,440000.0,2.0,1.0,800,4850,1.0,4,1944,Seattle,550.0
2014-05-02,287200.0,3.0,3.0,1850,19966,1.0,4,1992,Maple Valley,155.24
2014-05-02,403000.0,3.0,2.0,1960,13100,1.0,5,1957,Normandy Park,205.61
2014-05-02,750000.0,3.0,2.5,2390,6550,1.0,4,1955,Seattle,313.81
2014-05-02,335000.0,3.0,2.25,1580,16215,1.0,4,1978,Fall City,212.03
2014-05-02,260000.0,4.0,2.0,1480,8625,1.0,4,1974,Renton,175.68
2014-05-02,308500.0,2.0,1.0,850,6174,1.0,4,1950,Shoreline,362.94
2014-05-02,439950.0,3.0,2.5,1770,2875,2.0,3,1990,Seattle,248.56
2014-05-02,235000.0,2.0,1.0,1210,9400,1.0,2,1949,Seattle,194.21
2014-05-02,315000.0,3.0,1.0,1160,9180,1.0,3,1968,Woodinville,271.55
2014-05-02,437500.0,3.0,2.25,1970,35100,2.0,4,1977,Issaquah,222.08
2014-05-02,407500.0,3.0,2.5,1930,10460,2.0,3,1996,Renton,211.14
2014-05-02,445700.0,3.0,2.5,1270,1180,3.0,3,2001,Seattle,350.94
2014-05-02,838000.0,4.0,2.5,3310,42998,2.0,3,2001,Redmond,253.17
2014-05-02,630000.0,4.0,2.75,2710,37277,2.0,3,2000,Issaquah,232.47
2014-05-02,550000.0,3.0,1.75,2910,35200,1.5,3,1979,Sammamish,189.0
2014-05-02,805000.0,3.0,2.0,2710,4500,1.5,4,1929,Seattle,297.05
2014-05-02,284000.0,3.0,1.75,1800,23103,1.0,3,1968,Carnation,157.78
2014-05-02,470000.0,5.0,2.5,2210,9655,1.0,3,1976,Bothell,212.67
2014-05-02,430000.0,4.0,1.5,1920,10000,1.0,4,1954,Bellevue,223.96
2014-05-02,491500.0,4.0,1.75,2190,125452,1.0,3,1968,Auburn,224.43
2014-05-02,785000.0,5.0,3.25,3660,11995,2.0,3,2006,Snoqualmie,214.48
2014-05-02,385000.0,3.0,3.25,1320,1327,2.0,3,2008,Seattle,291.67
2014-05-02,295000.0,2.0,2.5,1630,1368,2.0,3,2009,Seattle,180.98
2014-05-02,555000.0,4.0,2.5,3310,6500,2.0,3,2012,Snoqualmie,167.67
2014-05-02,459990.0,3.0,2.5,2680,5539,2.0,3,2013,North Bend,171.64
2014-05-02,625000.0,4.0,3.25,2730,54014,1.0,3,2007,Renton,228.94
2014-05-02,300000.0,3.0,2.5,2540,5050,2.0,3,2006,Kent,118.11
2014-05-03,625000.0,4.0,2.75,2920,6605,2.0,3,2012,Renton,214.04
2014-05-03,553000.0,2.0,1.0,900,5000,1.0,3,1944,Seattle,614.44
2014-05-03,379880.0,3.0,2.5,1650,14054,1.0,4,1986,Issaquah,230.23
2014-05-03,310000.0,3.0,1.0,1010,9945,1.0,4,1973,Snoqualmie,306.93
2014-05-04,775000.0,2.0,2.5,2680,7392,1.0,3,2004,Redmond,289.18
2014-05-04,365000.0,3.0,2.5,2200,7350,1.0,5,1988,Renton,165.91
2014-05-04,331950.0,4.0,2.5,2530,9933,2.0,3,1990,Auburn,131.21
2014-05-04,783500.0,3.0,2.5,2850,7130,2.0,3,1980,Seattle,274.91
2014-05-04,628000.0,4.0,2.0,2280,6010,1.0,3,1900,Seattle,275.44
2014-05-05,560000.0,3.0,2.5,1900,8744,2.0,3,1987,Sammamish,294.74
2014-05-05,900000.0,3.0,1.0,1330,77972,1.0,3,1928,Kirkland,676.69
2014-05-05,531000.0,2.0,3.0,1270,1175,2.0,3,2000,Seattle,418.11
2014-05-05,831000.0,4.0,3.0,2170,4000,2.0,4,1982,Seattle,382.95
2014-05-05,780000.0,4.0,2.5,2730,10281,2.0,3,1996,Sammamish,285.71
2014-05-05,755000.0,4.0,2.5,2120,10202,1.0,4,1960,Bellevue,356.13
2014-05-05,705380.0,3.0,2.5,2490,4343,2.0,3,2003,Issaquah,283.29
2014-05-05,627000.0,4.0,2.25,1990,7712,1.0,3,1973,Issaquah,315.08
2014-05-05,865000.0,4.0,3.0,3690,9892,2.0,3,1998,Sammamish,234.42
2014-05-05,580000.0,2.0,1.0,2540,7000,1.0,5,1942,Seattle,228.35
2014-05-05,410000.0,3.0,2.25,1800,36704,1.0,4,1978,Issaquah,227.78
2014-05-05,485000.0,4.0,3.0,2340,7048,1.0,4,1979,Kirkland,207.26
2014-05-05,400000.0,2.0,1.75,2110,9519,1.0,2,1948,Shoreline,189.57
2014-05-05,549000.0,2.0,1.0,1140,5400,1.0,5,1908,Seattle,481.58
2014-05-05,620000.0,3.0,1.75,1480,2185,2.5,3,2005,Kirkland,418.92
2014-05-05,405000.0,2.0,3.0,1410,1240,2.0,3,2006,Seattle,287.23
2014-05-05,232000.0,2.0,1.0,1200,8063,1.0,4,1958,Des Moines,193.33
2014-05-05,800866.0,5.0,2.5,3180,13806,2.0,4,1990,Kirkland,251.84
2014-05-05,650000.0,3.0,1.5,2160,9000,1.0,4,1949,Seattle,300.93
2014-05-05,823000.0,6.0,1.75,2920,5000,2.5,4,1908,Seattle,281.85
2014-05-05,770000.0,3.0,2.0,2350,5700,1.5,4,1939,Seattle,327.66
2014-05-05,524000.0,3.0,1.75,1560,5520,1.0,4,1944,Seattle,335.9
2014-05-05,541125.0,5.0,2.75,2740,8426,1.0,4,1960,Bellevue,197.49
2014-05-05,670000.0,3.0,2.5,1680,2000,3.0,3,1909,Seattle,398.81
2014-05-05,384900.0,5.0,2.5,3090,12750,1.0,3,1968,Federal Way,124.56
2014-05-05,406100.0,3.0,2.25,1410,1332,3.0,3,2005,Seattle,288.01
2014-05-05,1395000.0,5.0,3.5,4010,8510,2.0,5,1971,Seattle,347.88
2014-05-05,736500.0,4.0,2.5,3180,21904,2.0,3,2000,Renton,231.6
2014-05-05,570000.0,3.0,2.25,2010,6000,1.0,3,1975,Redmond,283.58
2014-05-05,787000.0,3.0,1.75,1330,7500,1.0,3,1961,Bellevue,591.73
2014-05-05,328000.0,4.0,2.5,2370,6500,2.0,3,1998,Auburn,138.4
2014-05-05,435000.0,5.0,2.0,1840,9240,1.0,4,1942,Seattle,236.41
2014-05-05,499000.0,4.0,2.5,2910,6479,2.0,3,2006,Snoqualmie,171.48
2014-05-05,501000.0,4.0,1.0,2070,7519,1.0,3,1963,Bellevue,242.03
2014-05-05,1090000.0,4.0,2.5,4340,141570,2.5,3,1992,Redmond,251.15
2014-05-05,400000.0,2.0,1.0,840,5510,1.0,3,1955,Seattle,476.19
2014-05-05,220000.0,4.0,1.5,1240,9600,1.0,3,1971,Federal Way,177.42
2014-05-05,657100.0,4.0,1.0,1390,4240,1.0,3,1924,Seattle,472.73
2014-05-05,309950.0,4.0,2.75,2310,5000,2.0,3,2006,Maple Valley,134.18
2014-05-05,300000.0,3.0,2.0,1050,10072,1.0,3,1986,Duvall,285.71
2014-05-05,525888.0,5.0,1.75,2550,71874,1.0,5,1960,Issaquah,206.23
2014-05-05,740000.0,4.0,1.75,2010,3600,1.5,3,1902,Seattle,368.16
2014-05-05,340000.0,5.0,1.0,1120,9022,1.5,4,1962,Kirkland,303.57
2014-05-05,398750.0,3.0,2.5,2230,4000,2.0,3,1954,Seattle,178.81
2014-05-05,206000.0,2.0,1.0,810,7158,1.0,5,1944,Burien,254.32
2014-05-05,1030000.0,5.0,2.75,3190,16920,1.0,3,1976,Bellevue,322.88
2014-05-05,600000.0,3.0,1.75,1670,39639,1.0,4,1976,Sammamish,359.28
2014-05-05,379950.0,4.0,1.75,1970,9389,1.0,5,1960,Shoreline,192.87
2014-05-05,287000.0,3.0,1.0,1450,6000,1.0,4,1953,Seattle,197.93
2014-05-05,2280000.0,7.0,8.0,13540,307752,3.0,3,1999,Redmond,168.39
2014-05-05,309950.0,3.0,2.5,1880,7838,2.0,3,1994,Renton,164.87
2014-05-05,600000.0,3.0,1.75,1880,6360,1.0,4,1945,Seattle,319.15
2014-05-05,418000.0,3.0,2.0,1410,6030,1.5,4,1930,Seattle,296.45
2014-05-05,449250.0,4.0,2.0,1480,3844,1.5,5,1928,Seattle,303.55
2014-05-05,329950.0,2.0,1.0,1140,5250,1.5,4,1949,Seattle,289.43
2014-05-05,245000.0,3.0,1.75,1920,9306,1.0,3,1984,Auburn,127.6
2014-05-05,549000.0,4.0,2.5,2910,6338,2.0,3,2008,Renton,188.66
2014-05-05,800000.0,3.0,2.5,3240,7857,2.0,3,1994,Sammamish,246.91
2014-05-05,249950.0,3.0,2.0,1550,15040,1.0,4,1958,Renton,161.26
2014-05-05,210000.0,5.0,2.0,2050,10200,1.0,3,1956,Des Moines,102.44
2014-05-05,1425000.0,2.0,2.5,2220,4000,2.0,3,2000,Seattle,641.89
2014-05-05,585000.0,2.0,1.0,1770,8640,1.5,3,1949,Seattle,330.51
2014-05-05,615000.0,4.0,1.75,2300,11700,1.0,4,1977,Redmond,267.39
2014-05-05,618500.0,3.0,2.0,1800,5000,1.0,4,1942,Seattle,343.61
2014-05-05,487585.0,4.0,1.75,2010,9211,1.0,3,1977,Kirkland,242.58
2014-05-05,509900.0,3.0,2.5,1790,2700,2.0,3,2010,Issaquah,284.86
2014-05-05,631625.0,4.0,2.5,2440,6651,2.0,3,2014,Seattle,258.86
2014-05-05,555000.0,3.0,2.5,1940,3211,2.0,3,2009,Issaquah,286.08
2014-05-05,340000.0,2.0,1.5,1160,1438,2.0,3,2001,Seattle,293.1
2014-05-05,830000.0,4.0,2.5,3400,9692,2.0,3,2007,Redmond,244.12
2014-05-05,890000.0,4.0,4.25,4420,5750,2.0,3,2006,Issaquah,201.36
2014-05-05,366750.0,3.0,3.0,1571,2017,3.0,3,2008,Seattle,233.45
2014-05-05,415000.0,3.0,2.25,1620,998,2.5,3,2010,Issaquah,256.17
2014-05-05,416286.0,3.0,2.5,1408,989,3.0,3,2005,Seattle,295.66
2014-05-05,478000.0,3.0,2.5,3040,4535,2.0,3,2007,Renton,157.24
2014-05-05,890000.0,5.0,3.5,4490,6000,2.0,3,2006,Issaquah,198.22
2014-05-05,419190.0,2.0,2.5,1590,1426,2.0,3,2014,Issaquah,263.64
2014-05-05,712198.0,4.0,2.5,2450,4247,2.0,3,2013,Redmond,290.69
2014-05-06,397000.0,4.0,2.0,1440,7680,1.0,3,1971,Kirkland,275.69
2014-05-06,450000.0,2.0,2.0,1100,3000,1.5,3,1912,Seattle,409.09
2014-05-06,353000.0,3.0,1.0,1350,7740,1.0,4,1947,Seattle,261.48
2014-05-06,609000.0,4.0,2.5,2150,37981,2.0,3,1985,Redmond,283.26
2014-05-06,234000.0,3.0,1.75,1490,8366,1.0,4,1975,Covington,157.05
2014-05-06,561000.0,3.0,2.0,2000,7000,2.0,3,1916,Seattle,280.5
2014-05-06,469000.0,2.0,1.0,1030,4400,1.0,3,1924,Seattle,455.34
2014-05-06,329350.0,2.0,1.0,720,6687,1.0,3,1942,Seattle,457.43
2014-05-06,488000.0,5.0,2.0,2020,5000,1.5,4,1938,Seattle,241.58
2014-05-06,279900.0,3.0,1.75,1580,8151,1.0,4,1962,Des Moines,177.15
2014-05-06,606000.0,4.0,2.5,2110,13850,2.0,3,1987,Issaquah,287.2
2014-05-06,312000.0,4.0,2.0,1300,7054,1.0,3,1950,Seattle,240.0
2014-05-06,650000.0,3.0,1.5,1630,7475,1.0,3,1940,Seattle,398.77
2014-05-06,1135000.0,4.0,2.75,3370,8103,1.0,3,1970,Seattle,336.8
2014-05-06,325000.0,4.0,2.5,1890,6156,1.0,3,1980,Seattle,171.96
2014-05-06,425000.0,4.0,2.0,1520,7983,1.0,5,1967,Inglewood-Finn Hill,279.61
2014-05-06,219000.0,2.0,1.0,900,5160,1.0,3,1952,Seattle,243.33
2014-05-06,250000.0,3.0,1.0,1050,6874,1.0,3,1954,Shoreline,238.1
2014-05-06,390000.0,3.0,1.75,1260,6500,1.0,4,1966,Bellevue,309.52
2014-05-06,475000.0,6.0,3.0,3470,117612,1.5,3,1924,Kenmore,136.89
2014-05-06,736000.0,4.0,2.5,2290,12047,2.0,4,1988,Bellevue,321.4
2014-05-06,407000.0,4.0,2.25,2810,23400,1.0,3,1958,Des Moines,144.84
2014-05-06,272000.0,3.0,2.5,1650,13816,2.0,3,1998,Carnation,164.85
2014-05-06,362000.0,3.0,2.25,1640,14374,1.0,4,1963,Burien,220.73
2014-05-06,535000.0,3.0,2.5,1850,10109,2.0,3,1991,Kirkland,289.19
2014-05-06,284000.0,4.0,2.5,2000,5390,2.0,3,2003,Kent,142.0
2014-05-06,367500.0,3.0,1.5,1410,9647,1.0,3,1961,Shoreline,260.64
2014-05-06,379900.0,4.0,1.75,1500,11600,1.0,4,1955,Kenmore,253.27
2014-05-06,520000.0,3.0,2.5,2460,54885,2.0,4,1980,Renton,211.38
2014-05-06,175000.0,3.0,1.0,1010,7034,1.0,3,1954,Renton,173.27
2014-05-06,460000.0,2.0,2.25,1230,929,2.0,3,2004,Seattle,373.98
2014-05-06,345000.0,4.0,2.5,2331,3826,2.0,3,2007,Renton,148.01
2014-05-06,455000.0,5.0,2.5,2240,7770,1.0,3,1978,Kirkland,203.12
2014-05-06,610000.0,4.0,3.0,2450,10117,1.0,5,1967,Bellevue,248.98
2014-05-06,563000.0,4.0,3.0,3100,15480,2.0,3,1996,Kenmore,181.61
2014-05-06,612500.0,4.0,2.0,2060,5000,1.0,3,1949,Seattle,297.33
2014-05-06,218000.0,3.0,1.75,1850,7684,1.0,3,1979,Federal Way,117.84
2014-05-06,404000.0,4.0,1.75,1840,10720,1.0,3,1958,Bellevue,219.57
2014-05-06,860000.0,4.0,2.0,3740,32417,2.0,3,2000,Redmond,229.95
2014-05-06,136500.0,3.0,1.5,1420,8580,1.0,3,1962,Federal Way,96.13
2014-05-06,313950.0,3.0,1.0,1510,6083,1.0,4,1940,Seattle,207.91
2014-05-06,575000.0,3.0,1.75,2130,6500,1.0,3,1954,Seattle,269.95
2014-05-06,1225000.0,4.0,2.25,3490,6906,2.0,4,1928,Seattle,351.0
2014-05-06,280000.0,3.0,1.75,1630,11800,1.0,4,1971,North Bend,171.78
2014-05-06,515000.0,3.0,2.5,1790,7167,2.0,3,1989,Sammamish,287.71
2014-05-06,513000.0,4.0,2.5,2000,5684,2.0,3,1996,Kenmore,256.5
2014-05-06,599000.0,4.0,2.25,2260,29930,2.0,4,1977,Bellevue,265.04
2014-05-06,685000.0,4.0,2.5,3030,7864,2.0,3,1999,Sammamish,226.07
2014-05-06,365000.0,3.0,1.5,1310,8160,1.0,3,1950,Seattle,278.63
2014-05-06,762300.0,4.0,2.5,3880,14550,2.0,3,1987,Sammamish,196.47
2014-05-06,1580000.0,4.0,3.25,3760,10920,1.5,5,1950,Seattle,420.21
2014-05-06,562000.0,5.0,2.25,3040,8111,2.0,3,1984,Redmond,184.87
2014-05-06,530000.0,5.0,2.5,2910,9636,1.0,4,1964,Bellevue,182.13
2014-05-06,525000.0,3.0,2.5,2970,11985,1.0,3,1995,Sammamish,176.77
2014-05-06,484000.0,2.0,1.75,1660,6000,1.0,3,1942,Seattle,291.57
2014-05-06,725126.0,4.0,2.5,3200,12369,2.0,3,1998,Newcastle,226.6
2014-05-06,360000.0,4.0,2.0,2680,18768,1.0,5,1965,Auburn,134.33
2014-05-06,387000.0,3.0,1.0,1230,9568,1.0,5,1962,Newcastle,314.63
2014-05-06,483500.0,4.0,2.5,2740,45732,2.0,3,1995,Woodinville,176.46
2014-05-06,655500.0,4.0,3.5,3380,8330,2.0,3,2000,Shoreline,193.93
2014-05-06,345000.0,3.0,1.0,1110,6250,1.0,3,1956,Seattle,310.81
2014-05-06,533000.0,5.0,2.75,1800,3780,1.5,3,1926,Seattle,296.11
2014-05-06,385000.0,3.0,1.75,1900,5520,1.0,3,1982,Seattle,202.63
2014-05-06,675000.0,2.0,1.0,930,36478,1.0,3,1951,Bellevue,725.81
2014-05-06,197000.0,3.0,1.75,1690,7735,1.0,4,1976,Auburn,116.57
2014-05-06,485000.0,3.0,2.0,1420,4080,1.5,3,1905,Seattle,341.55
2014-05-06,1870000.0,5.0,4.0,4510,15175,2.0,3,1969,Mercer Island,414.63
2014-05-06,295000.0,3.0,2.25,1980,8000,1.0,4,1974,Federal Way,148.99
2014-05-06,499000.0,2.0,1.75,1170,2400,1.0,4,1903,Seattle,426.5
2014-05-06,1050000.0,3.0,2.5,2200,1970,2.0,3,2008,Seattle,477.27
2014-05-06,191000.0,3.0,1.5,800,8850,1.0,4,1959,Federal Way,238.75
2014-05-06,500000.0,3.0,2.5,1480,1171,3.0,3,2006,Seattle,337.84
2014-05-06,390000.0,5.0,3.75,2890,5000,1.0,3,2006,Seattle,134.95
2014-05-06,979000.0,3.0,2.5,2690,4047,3.0,3,2014,Seattle,363.94
2014-05-06,580000.0,4.0,3.25,3569,8327,2.0,3,2013,Renton,162.51
2014-05-06,369950.0,3.0,2.0,1270,1320,3.0,3,2006,Seattle,291.3
2014-05-06,1800000.0,5.0,5.0,4490,10279,2.0,3,2013,Bellevue,400.89
2014-05-06,776000.0,4.0,2.5,3040,6425,2.0,3,2008,Redmond,255.26
2014-05-07,519950.0,3.0,2.25,1170,1249,3.0,3,2014,Seattle,444.4
2014-05-07,255000.0,5.0,2.25,2060,8632,1.0,3,1962,Burien,123.79
2014-05-07,495000.0,3.0,1.0,990,6000,1.0,3,1943,Seattle,500.0
2014-05-07,510000.0,4.0,2.5,2430,5203,2.0,3,2003,Shoreline,209.88
2014-05-07,1150000.0,4.0,4.0,4460,103382,2.0,3,2001,Redmond,257.85
2014-05-07,253000.0,3.0,1.75,1250,10122,1.0,3,1994,Black Diamond,202.4
2014-05-07,503000.0,3.0,2.75,1540,6760,1.0,5,1980,Kirkland,326.62
2014-05-07,275000.0,3.0,2.5,1600,7000,2.0,4,1993,Maple Valley,171.88
2014-05-07,249000.0,3.0,1.0,1110,8423,1.0,3,1952,Burien,224.32
2014-05-07,310000.0,3.0,1.75,1840,10723,1.0,4,1974,Renton,168.48
2014-05-07,750000.0,3.0,2.75,2520,5401,1.0,4,1946,Seattle,297.62
2014-05-07,630000.0,3.0,2.5,2680,327135,2.0,3,1995,Ravensdale,235.07
2014-05-07,599999.0,9.0,4.5,3830,6988,2.5,3,1938,Seattle,156.66
2014-05-07,758000.0,4.0,2.75,2410,9549,1.0,4,1956,Kirkland,314.52
2014-05-07,248500.0,4.0,1.75,1720,10018,1.0,5,1960,Covington,144.48
2014-05-07,310000.0,3.0,1.75,2070,37904,1.0,4,1973,Kent,149.76
2014-05-07,460000.0,3.0,2.0,1760,9055,2.0,4,1985,Redmond,261.36
2014-05-07,675000.0,3.0,1.75,1680,10500,1.0,4,1959,Bellevue,401.79
2014-05-07,526000.0,2.0,2.0,1550,2400,1.5,4,1900,Seattle,339.35
2014-05-07,560000.0,3.0,3.0,4120,60392,2.0,3,1994,Carnation,135.92
2014-05-07,415000.0,4.0,3.0,1830,9548,2.0,3,1991,Bothell,226.78
2014-05-07,246000.0,3.0,1.0,1400,7410,1.0,3,1944,Burien,175.71
2014-05-07,314500.0,3.0,1.75,1870,12381,1.0,4,1957,Federal Way,168.18
2014-05-07,3200000.0,7.0,4.5,6210,8856,2.5,5,1910,Seattle,515.3
2014-05-07,420000.0,2.0,1.5,1040,3500,1.5,4,1904,Seattle,403.85
2014-05-07,535000.0,3.0,1.75,2720,149410,1.5,3,1988,Carnation,196.69
2014-05-07,350000.0,3.0,1.0,1010,9360,1.0,3,1981,Kirkland,346.53
2014-05-07,515000.0,3.0,1.75,1580,9147,1.0,4,1967,Bellevue,325.95
2014-05-07,749950.0,4.0,2.75,2600,6050,2.0,5,1949,Seattle,288.44
2014-05-07,230000.0,3.0,2.5,1920,9180,2.0,3,1988,Renton,119.79
2014-05-07,568000.0,3.0,2.0,2350,5080,1.5,3,1929,Seattle,241.7
2014-05-07,250000.0,1.0,1.0,1100,4373,1.0,2,1947,Burien,227.27
2014-05-07,581000.0,4.0,2.0,2510,13695,1.0,4,1961,Kirkland,231.47
2014-05-07,651000.0,3.0,2.5,3240,108366,2.0,4,1991,Kent,200.93
2014-05-07,600000.0,3.0,2.5,2460,108900,1.0,4,1977,Issaquah,243.9
2014-05-07,500000.0,2.0,1.0,1010,3885,1.5,4,1906,Seattle,495.05
2014-05-07,475000.0,2.0,1.0,820,2723,1.0,3,1921,Seattle,579.27
2014-05-07,352000.0,5.0,2.5,2420,8560,1.0,3,1978,Seattle,145.45
2014-05-07,420000.0,3.0,2.25,1770,8165,2.0,3,1977,Kirkland,237.29
2014-05-07,428000.0,2.0,2.0,1350,3900,1.0,3,2003,Redmond,317.04
2014-05-07,599000.0,3.0,1.75,1960,4788,1.0,4,1920,Seattle,305.61
2014-05-07,492000.0,4.0,2.5,3305,16164,1.5,5,1922,Shoreline,148.87
2014-05-07,630000.0,2.0,2.25,2550,5663,1.0,3,2011,Renton,247.06
2014-05-07,900000.0,5.0,3.75,4130,226076,2.0,3,1985,Woodinville,217.92
2014-05-07,1110000.0,4.0,1.5,2310,13300,1.0,3,1950,Clyde Hill,480.52
2014-05-07,575000.0,4.0,2.0,1650,5000,1.0,3,1955,Seattle,348.48
2014-05-07,705000.0,4.0,2.5,2650,4316,1.5,3,1905,Seattle,266.04
2014-05-07,940000.0,4.0,2.25,1890,5940,1.0,3,1963,Seattle,497.35
2014-05-07,313000.0,3.0,1.75,2190,8000,1.0,4,1967,Federal Way,142.92
2014-05-07,618080.0,3.0,2.5,2030,6500,2.0,3,1988,Issaquah,304.47
2014-05-07,640000.0,3.0,3.0,2270,5175,2.0,3,2002,Renton,281.94
2014-05-07,485000.0,3.0,2.0,1610,4160,1.0,4,1917,Seattle,301.24
2014-05-07,300000.0,2.0,1.0,760,3001,1.0,3,1913,Seattle,394.74
2014-05-07,379500.0,2.0,1.0,1640,17335,1.0,3,1978,Redmond,231.4
2014-05-07,339950.0,3.0,2.25,1630,12295,2.0,4,1985,Renton,208.56
2014-05-07,1500000.0,6.0,2.5,3560,6480,2.5,4,1914,Seattle,421.35
2014-05-07,1340000.0,3.0,3.0,2960,5500,2.0,3,1937,Seattle,452.7
2014-05-07,500000.0,3.0,2.5,1940,37565,1.0,4,1987,Issaquah,257.73
2014-05-07,239900.0,3.0,2.0,1410,7566,1.0,3,1985,Kent,170.14
2014-05-07,314950.0,3.0,1.0,1040,16986,1.0,4,1968,Renton,302.84
2014-05-07,361280.0,2.0,1.0,820,6400,1.0,4,1944,Seattle,440.59
2014-05-07,100000.0,2.0,1.0,910,22000,1.0,3,1956,Algona,109.89
2014-05-07,540000.0,7.0,5.75,3700,7647,2.0,3,1948,Lake Forest Park,145.95
2014-05-07,480500.0,4.0,2.5,2180,11200,1.0,4,1968,Woodinville,220.41
2014-05-07,280000.0,3.0,2.5,1600,4271,2.0,3,2000,Auburn,175.0
2014-05-07,440000.0,3.0,1.75,1500,6180,1.0,4,1947,Seattle,293.33
2014-05-07,530000.0,3.0,1.0,1340,4284,1.0,3,1910,Seattle,395.52
2014-05-07,560000.0,3.0,2.0,1860,13374,1.0,3,1985,Issaquah,301.08
2014-05-07,775000.0,3.0,2.0,2540,7200,1.5,4,1905,Seattle,305.12
2014-05-07,160000.0,2.0,1.0,1040,13100,1.0,5,1912,Kent,153.85
2014-05-07,209950.0,3.0,1.5,1380,11130,1.0,3,1960,Federal Way,152.14
2014-05-07,226500.0,3.0,1.75,1640,10762,1.0,3,1988,Covington,138.11
2014-05-07,380000.0,5.0,1.75,3000,6000,1.0,5,1958,Seattle,126.67
2014-05-07,409500.0,4.0,2.75,2140,13000,1.0,3,1968,Kenmore,191.36
2014-05-07,690000.0,3.0,2.0,1760,6428,1.0,4,1942,Seattle,392.05
2014-05-07,405000.0,3.0,2.25,1660,8307,1.0,4,1961,Shoreline,243.98
2014-05-07,375000.0,3.0,2.5,1830,13042,2.0,3,1990,Maple Valley,204.92
2014-05-07,794154.0,4.0,2.0,2210,8556,1.0,4,1954,Seattle,359.35
2014-05-07,185000.0,4.0,1.0,1490,6600,1.0,3,1969,Burien,124.16
2014-05-07,245000.0,3.0,1.5,1260,1270,2.0,3,2005,Seattle,194.44
2014-05-07,1532500.0,5.0,4.5,4270,8076,2.0,3,2007,Kirkland,358.9
2014-05-07,1040000.0,4.0,3.5,3900,8391,2.0,3,2006,Kirkland,266.67
2014-05-07,425000.0,2.0,2.5,1150,1027,3.0,3,2008,Seattle,369.57
2014-05-07,495000.0,4.0,2.75,2656,21195,2.0,3,2014,Auburn,186.37
2014-05-07,365000.0,5.0,2.75,2410,5003,1.0,3,2008,Seattle,151.45
2014-05-07,417250.0,3.0,2.25,1606,1452,3.0,3,2009,Seattle,259.81
2014-05-07,339950.0,2.0,1.0,820,681,3.0,3,2006,Seattle,414.57
2014-05-08,615000.0,2.0,1.0,1540,6872,1.0,4,1946,Seattle,399.35
2014-05-08,403000.0,3.0,2.75,2090,8354,2.0,3,2012,Duvall,192.82
2014-05-08,980000.0,5.0,2.5,3160,11470,1.0,4,1971,Mercer Island,310.13
2014-05-08,258000.0,4.0,1.75,1730,8320,1.0,3,1977,Federal Way,149.13
2014-05-08,533000.0,3.0,1.0,1670,4080,1.0,3,1967,Seattle,319.16
2014-05-08,537500.0,4.0,2.5,2550,4630,2.0,3,2005,Sammamish,210.78
2014-05-08,830000.0,5.0,3.0,3040,9601,1.0,5,1968,Mercer Island,273.03
2014-05-08,712000.0,3.0,1.0,1250,4620,1.5,4,1900,Seattle,569.6
2014-05-08,262000.0,4.0,2.5,2020,6236,2.0,3,2002,Algona,129.7
2014-05-08,753888.0,4.0,2.5,2660,5500,2.0,3,2003,Issaquah,283.42
2014-05-08,134000.0,2.0,1.5,980,5000,2.0,3,1922,Skykomish,136.73
2014-05-08,402000.0,3.0,2.5,1960,8000,1.0,4,1977,Kirkland,205.1
2014-05-08,205000.0,2.0,1.0,720,5040,1.0,3,1955,Seattle,284.72
2014-05-08,553650.0,2.0,2.5,1360,1349,2.0,3,1997,Seattle,407.1
2014-05-08,559950.0,2.0,2.0,1870,4950,1.0,3,2006,Redmond,299.44
2014-05-08,260000.0,4.0,1.5,2130,8800,1.0,3,1962,Kent,122.07
2014-05-08,270000.0,4.0,2.5,1810,6509,2.0,3,1994,Kent,149.17
2014-05-08,295000.0,2.0,1.75,2200,89298,1.0,3,1973,Issaquah,134.09
2014-05-08,719000.0,3.0,2.5,1690,4500,1.5,4,1928,Seattle,425.44
2014-05-08,266000.0,3.0,2.5,1940,8547,1.0,3,1989,Kent,137.11
2014-05-08,325900.0,4.0,2.5,2320,6270,2.0,3,2004,Kent,140.47
2014-05-08,647500.0,4.0,1.75,2060,26036,1.0,4,1947,Normandy Park,314.32
2014-05-08,1039000.0,4.0,1.0,3410,5000,2.0,5,1910,Seattle,304.69
2014-05-08,569000.0,4.0,2.25,2250,41688,2.0,3,1980,Redmond,252.89
2014-05-08,246000.0,3.0,1.75,1390,7399,1.0,4,1975,Kent,176.98
2014-05-08,515000.0,2.0,1.0,1060,4960,1.0,3,1926,Seattle,485.85
2014-05-08,207000.0,3.0,1.0,1490,8995,1.0,4,1954,Seattle,138.93
2014-05-08,780000.0,4.0,1.75,2480,9195,1.0,3,1950,Bellevue,314.52
2014-05-08,489990.0,5.0,2.25,2440,20828,1.5,4,1975,Kent,200.82
2014-05-08,335000.0,3.0,1.5,2240,87625,1.5,2,1980,Auburn,149.55
2014-05-08,295000.0,3.0,2.5,1920,7229,2.0,3,1993,Federal Way,153.65
2014-05-08,385000.0,3.0,1.75,1890,9920,1.0,3,1944,Seattle,203.7
2014-05-08,350000.0,4.0,1.75,2250,13515,1.0,4,1940,Kent,155.56
2014-05-08,235000.0,2.0,1.0,1270,3008,1.0,4,1923,Seattle,185.04
2014-05-08,358000.0,2.0,1.5,960,1808,2.0,3,1993,Seattle,372.92
2014-05-08,716500.0,4.0,2.5,3290,6465,2.0,3,2002,Sammamish,217.78
2014-05-08,228000.0,4.0,1.75,2000,6120,1.0,3,1965,Seattle,114.0
2014-05-08,405000.0,2.0,1.0,1020,8155,1.0,4,1948,Seattle,397.06
2014-05-08,538000.0,4.0,1.75,1840,9600,1.0,3,1967,Redmond,292.39
2014-05-08,530000.0,3.0,1.75,1980,6760,1.0,4,1973,Bellevue,267.68
2014-05-08,1750000.0,6.0,3.0,3510,5760,2.5,4,1906,Seattle,498.58
2014-05-08,636000.0,2.0,1.75,1230,3600,1.5,5,1925,Seattle,517.07
2014-05-08,535000.0,4.0,2.5,2280,65836,2.0,3,2004,Woodinville,234.65
2014-05-08,1500000.0,3.0,1.75,2430,12757,1.0,4,1952,Bellevue,617.28
2014-05-08,868500.0,3.0,2.5,2920,3942,3.0,3,2008,Renton,297.43
2014-05-08,530000.0,4.0,2.75,2280,2850,1.5,4,1930,Seattle,232.46
2014-05-08,450000.0,3.0,2.0,1510,43560,1.0,3,1954,Woodinville,298.01
2014-05-08,230000.0,3.0,1.75,950,6000,1.0,3,1939,Seattle,242.11
2014-05-08,229000.0,3.0,2.5,1190,3000,2.0,3,2002,Tukwila,192.44
2014-05-08,437000.0,3.0,1.75,1310,9282,1.0,4,1976,Redmond,333.59
2014-05-08,1307000.0,5.0,3.25,2800,3200,1.5,5,1932,Seattle,466.79
2014-05-08,595000.0,3.0,2.5,1750,3354,2.0,4,1991,Kirkland,340.0
2014-05-08,660000.0,3.0,1.75,1320,5750,1.5,5,1918,Seattle,500.0
2014-05-08,347500.0,4.0,2.5,2460,7350,2.0,3,1989,Federal Way,141.26
2014-05-08,297950.0,3.0,2.0,1240,10800,1.0,3,1967,Renton,240.28
2014-05-08,245000.0,3.0,1.5,1260,7964,1.0,4,1955,Des Moines,194.44
2014-05-08,543200.0,6.0,2.25,2820,15600,1.5,5,1940,Burien,192.62
2014-05-08,1250000.0,4.0,3.25,3820,24166,2.0,4,1990,Mercer Island,327.23
2014-05-08,413450.0,3.0,2.5,1540,1614,3.0,3,2008,Seattle,268.47
2014-05-08,330000.0,2.0,2.0,1550,435600,1.5,2,1972,Snoqualmie,212.9
2014-05-08,424500.0,3.0,1.75,1460,7700,1.0,3,1979,Redmond,290.75
2014-05-08,230000.0,3.0,1.0,1390,16000,1.0,4,1960,Algona,165.47
2014-05-08,930000.0,3.0,3.25,2640,4080,2.0,3,1912,Seattle,352.27
2014-05-08,349000.0,3.0,1.75,1590,9620,1.0,3,1988,Renton,219.5
2014-05-08,835000.0,4.0,2.0,1910,6960,1.5,5,1941,Seattle,437.17
2014-05-08,988500.0,3.0,2.75,2015,16807,2.0,3,2007,Burien,490.57
2014-05-08,500000.0,3.0,1.75,1410,1197,3.0,3,2012,Seattle,354.61
2014-05-08,499000.0,2.0,1.5,1110,957,2.0,3,2005,Seattle,449.55
2014-05-08,321950.0,2.0,1.25,860,1277,2.0,3,2007,Seattle,374.36
2014-05-08,494000.0,3.0,2.5,2310,4729,2.0,3,2011,Kenmore,213.85
2014-05-08,441750.0,2.0,1.5,1020,1060,3.0,3,2008,Seattle,433.09
2014-05-08,438000.0,2.0,1.0,980,1179,2.0,3,2010,Seattle,446.94
2014-05-09,985000.0,4.0,2.25,4230,37769,2.0,3,1989,Woodinville,232.86
2014-05-09,352000.0,3.0,2.25,1640,11050,1.0,4,1972,Renton,214.63
2014-05-09,839900.0,4.0,3.5,3810,13592,1.0,3,2013,Renton,220.45
2014-05-09,765000.0,4.0,2.75,2790,10819,2.0,3,1996,Issaquah,274.19
2014-05-09,460000.0,4.0,1.75,1750,5500,1.5,5,1926,Seattle,262.86
2014-05-09,224500.0,4.0,1.0,1430,8355,1.5,4,1983,Auburn,156.99
2014-05-09,254000.0,3.0,2.5,1850,4597,2.0,3,2003,Covington,137.3
2014-05-09,255000.0,2.0,1.0,960,28717,1.0,4,1984,Vashon,265.62
2014-05-09,610000.0,3.0,3.0,2480,45302,1.0,4,1976,Woodinville,245.97
2014-05-09,920000.0,4.0,3.0,3750,11025,2.0,3,1976,Sammamish,245.33
2014-05-09,402500.0,4.0,2.5,2600,11951,2.0,3,1988,Federal Way,154.81
2014-05-09,280950.0,3.0,1.75,1390,8700,1.0,4,1912,Renton,202.12
2014-05-09,604000.0,4.0,2.5,2260,7753,2.0,3,1989,Issaquah,267.26
2014-05-09,565000.0,4.0,2.25,2470,7447,2.0,3,1984,Lake Forest Park,228.74
2014-05-09,255000.0,2.0,1.0,810,7980,1.0,1,1928,Seattle,314.81
2014-05-09,445000.0,4.0,2.0,1650,6000,1.0,5,1959,Seattle,269.7
2014-05-09,2400000.0,3.0,2.25,3000,11665,1.5,3,2001,Sammamish,800.0
2014-05-09,195000.0,2.0,1.0,720,18000,1.0,3,1950,Seattle,270.83
2014-05-09,275000.0,3.0,1.5,1390,48257,1.0,3,1922,Fall City,197.84
2014-05-09,387000.0,3.0,2.25,1445,1606,2.0,3,2003,Issaquah,267.82
2014-05-09,490000.0,2.0,1.0,1840,3300,1.5,4,1910,Seattle,266.3
2014-05-09,505000.0,3.0,2.5,2100,5824,2.0,3,1999,Snoqualmie,240.48
2014-05-09,303500.0,3.0,1.5,1060,10464,1.0,4,1973,Kirkland,286.32
2014-05-09,270000.0,3.0,1.5,1500,6337,1.0,5,1953,Seattle,180.0
2014-05-09,323000.0,4.0,2.75,1970,7213,1.0,3,1977,Renton,163.96
2014-05-09,382000.0,3.0,3.25,1410,1253,3.0,3,2005,Seattle,270.92
2014-05-09,1370000.0,4.0,2.75,3720,9450,1.0,5,1962,Bellevue,368.28
2014-05-09,280000.0,4.0,2.0,2190,14439,1.0,4,1977,Auburn,127.85
2014-05-09,260000.0,3.0,2.0,1920,8075,1.0,4,1969,Federal Way,135.42
2014-05-09,201500.0,3.0,1.0,1160,8320,1.0,4,1959,Kent,173.71
2014-05-09,1157200.0,4.0,4.25,5860,52889,2.0,4,1996,Woodinville,197.47
2014-05-09,536500.0,4.0,1.75,2000,4000,1.5,5,1926,Seattle,268.25
2014-05-09,248000.0,4.0,3.0,2163,5883,2.0,3,2006,Algona,114.66
2014-05-09,532000.0,5.0,3.0,3480,57499,1.0,4,1976,Issaquah,152.87
2014-05-09,580000.0,4.0,2.5,2840,6268,2.0,3,1998,Kenmore,204.23
2014-05-09,463000.0,2.0,1.0,1150,4400,1.0,4,1905,Seattle,402.61
2014-05-09,742500.0,4.0,2.75,3100,3773,2.0,3,1919,Seattle,239.52
2014-05-09,260000.0,3.0,2.5,1420,14850,1.0,4,1963,Kent,183.1
2014-05-09,590000.0,4.0,2.25,2430,32496,1.0,3,1993,Woodinville,242.8
2014-05-09,312000.0,4.0,2.25,1930,7452,1.0,3,1984,Kent,161.66
2014-05-09,566000.0,3.0,2.25,1660,10140,1.0,4,1980,Redmond,340.96
2014-05-09,511555.0,3.0,2.0,1400,7293,1.0,4,1963,Bellevue,365.4
2014-05-09,583000.0,4.0,2.5,2660,4000,2.0,3,2001,Redmond,219.17
2014-05-09,290000.0,4.0,2.5,2000,13300,1.0,4,1968,Auburn,145.0
2014-05-09,311100.0,4.0,2.25,2130,8078,1.0,4,1977,Renton,146.06
2014-05-09,325000.0,3.0,2.25,1352,1694,3.0,3,2007,Seattle,240.38
2014-05-09,491300.0,3.0,1.75,1750,11340,1.0,4,1987,Sammamish,280.74
2014-05-09,315000.0,5.0,1.75,2320,8100,1.0,4,1956,Burien,135.78
2014-05-09,360000.0,2.0,1.0,1420,81892,1.0,3,1956,Renton,253.52
2014-05-09,330000.0,4.0,2.5,1940,3784,2.0,3,2003,Renton,170.1
2014-05-09,481450.0,3.0,2.0,1410,4800,1.0,3,1940,Seattle,341.45
2014-05-09,234950.0,3.0,1.0,1360,9948,1.0,3,1977,Black Diamond,172.76
2014-05-09,251000.0,3.0,1.75,1220,7250,1.0,3,1962,North Bend,205.74
2014-05-09,782000.0,4.0,2.5,2830,20345,2.0,3,1979,Bellevue,276.33
2014-05-09,833000.0,4.0,2.75,3780,10308,2.0,3,1999,Sammamish,220.37
2014-05-09,542500.0,4.0,2.5,2330,14289,2.0,4,1978,Bellevue,232.83
2014-05-09,851000.0,3.0,2.5,3560,107290,2.0,3,1987,Redmond,239.04
2014-05-09,325000.0,4.0,1.5,1470,70800,1.0,3,1976,Ravensdale,221.09
2014-05-09,415000.0,4.0,2.25,3060,48787,2.0,3,1992,Ravensdale,135.62
2014-05-09,252500.0,3.0,1.0,1030,6127,1.0,3,1947,Seattle,245.15
2014-05-09,465000.0,4.0,2.5,1930,9653,1.0,4,1968,Federal Way,240.93
2014-05-09,336900.0,3.0,1.75,1780,120661,1.0,4,1979,Duvall,189.27
2014-05-09,225000.0,3.0,2.5,2000,9202,2.0,4,1992,Maple Valley,112.5
2014-05-09,270000.0,3.0,2.0,1690,9583,1.0,4,1969,Renton,159.76
2014-05-09,1702500.0,5.0,4.5,5190,23716,2.0,3,1987,Mercer Island,328.03
2014-05-09,536000.0,3.0,1.75,1300,5413,1.5,3,1925,Seattle,412.31
2014-05-09,585000.0,4.0,3.25,2400,29252,2.0,4,1982,Woodinville,243.75
2014-05-09,445000.0,2.0,2.0,1150,6634,1.0,3,1940,Seattle,386.96
2014-05-09,320000.0,4.0,2.25,2310,7490,2.0,3,1980,Renton,138.53
2014-05-09,769900.0,4.0,3.5,2730,3047,2.0,3,2006,Seattle,282.01
2014-05-09,557000.0,4.0,2.5,2840,4500,2.0,3,2012,Kenmore,196.13
2014-05-09,212000.0,2.0,1.5,1020,1525,2.0,3,2004,Seattle,207.84
2014-05-09,376000.0,3.0,2.0,1340,1384,3.0,3,2008,Seattle,280.6
2014-05-09,800000.0,4.0,3.25,3540,159430,2.0,3,2007,Carnation,225.99
2014-05-09,2238888.0,5.0,6.5,7270,130017,2.0,3,2010,Issaquah,307.96
2014-05-09,324000.0,3.0,2.25,998,904,2.0,3,2007,Seattle,324.65
2014-05-10,549900.0,5.0,2.75,3060,7015,1.0,5,1979,Seattle,179.71
2014-05-10,320000.0,3.0,2.5,2130,6969,2.0,3,2003,Maple Valley,150.23
2014-05-10,875000.0,4.0,2.0,2520,6000,1.0,3,1921,Seattle,347.22
2014-05-10,265000.0,4.0,1.0,1940,9533,1.0,3,1962,Kent,136.6
2014-05-10,394950.0,3.0,2.5,1350,1250,3.0,3,2006,Seattle,292.56
2014-05-11,842500.0,4.0,2.5,2160,5298,2.5,4,1902,Seattle,390.05
2014-05-11,368000.0,3.0,2.5,1370,1350,2.0,3,2007,Seattle,268.61
2014-05-12,1225000.0,4.0,4.5,5420,101930,1.0,3,2001,Redmond,226.01
2014-05-12,885000.0,4.0,2.5,2830,5000,2.0,3,1995,Seattle,312.72
2014-05-12,453246.0,3.0,2.5,2010,2287,2.0,3,2014,Issaquah,225.5
2014-05-12,927000.0,4.0,2.75,3300,12090,2.0,3,1953,Clyde Hill,280.91
2014-05-12,490000.0,2.0,2.5,1230,1391,2.0,3,2004,Seattle,398.37
2014-05-12,341000.0,3.0,1.5,1720,7119,1.5,4,1952,Shoreline,198.26
2014-05-12,235000.0,1.0,1.0,810,2451,1.0,5,1941,Seattle,290.12
2014-05-12,1200000.0,3.0,1.75,1560,8078,1.5,4,1928,Mercer Island,769.23
2014-05-12,560000.0,3.0,2.0,2560,216777,1.0,3,1986,Auburn,218.75
2014-05-12,900000.0,4.0,3.25,4700,38412,2.0,3,1978,Bellevue,191.49
2014-05-12,255000.0,2.0,1.0,1220,2500,1.0,3,1910,Seattle,209.02
2014-05-12,1575000.0,5.0,2.75,3650,20150,1.0,4,1975,Bellevue,431.51
2014-05-12,876650.0,3.0,3.25,2170,12508,1.5,5,1928,Mercer Island,403.99
2014-05-12,540000.0,4.0,2.25,2540,228254,1.0,3,1990,Duvall,212.6
2014-05-12,350000.0,2.0,1.0,910,4500,1.5,4,1906,Seattle,384.62
2014-05-12,750000.0,4.0,2.5,2980,4930,2.0,3,2000,Bellevue,251.68
2014-05-12,582000.0,4.0,1.75,2120,4650,1.0,3,1951,Seattle,274.53
2014-05-12,1315000.0,4.0,3.5,3460,3997,2.0,3,2004,Seattle,380.06
2014-05-12,372500.0,5.0,3.0,2480,10090,1.0,3,2004,Seattle,150.2
2014-05-12,410000.0,3.0,2.25,2200,16921,2.0,3,1987,Maple Valley,186.36
2014-05-12,360000.0,4.0,2.0,1730,5500,1.0,5,1943,Seattle,208.09
2014-05-12,1015000.0,3.0,2.5,2920,34527,1.0,4,1954,Seattle,347.6
2014-05-12,225000.0,3.0,1.0,990,8012,1.0,4,1966,Renton,227.27
2014-05-12,647000.0,4.0,2.5,3040,6887,2.0,3,1999,Sammamish,212.83
2014-05-12,950000.0,5.0,3.0,4530,258746,1.5,4,2003,Woodinville,209.71
2014-05-12,185000.0,3.0,1.5,1370,8470,1.0,4,1961,Auburn,135.04
2014-05-12,335000.0,3.0,2.5,1940,4927,2.0,3,2004,Renton,172.68
2014-05-12,210000.0,3.0,2.5,1040,2643,2.0,3,2004,Seattle,201.92
2014-05-12,522000.0,4.0,2.25,1800,8623,1.0,4,1980,Kirkland,290.0
2014-05-12,770000.0,3.0,1.75,1720,5000,1.0,3,1954,Seattle,447.67
2014-05-12,499950.0,3.0,1.0,980,6380,1.0,3,1941,Seattle,510.15
2014-05-12,751000.0,4.0,2.5,3110,6142,2.0,3,2004,Redmond,241.48
2014-05-12,330000.0,5.0,3.0,2100,7715,1.0,3,2013,Burien,157.14
2014-05-12,465000.0,3.0,1.5,2020,11358,1.0,4,1956,Kirkland,230.2
2014-05-12,850000.0,4.0,1.75,2350,11914,1.0,4,1961,Mercer Island,361.7
2014-05-12,947500.0,4.0,2.25,3290,12329,1.5,4,1968,Mercer Island,287.99
2014-05-12,302000.0,5.0,2.25,2180,7813,2.0,3,1986,Maple Valley,138.53
2014-05-12,500000.0,2.0,2.25,1290,1334,3.0,3,2007,Seattle,387.6
2014-05-12,201000.0,3.0,1.0,1460,9750,1.0,4,1969,Kent,137.67
2014-05-12,265000.0,2.0,1.0,1290,2828,2.0,3,2008,Redmond,205.43
2014-05-12,870300.0,4.0,2.5,2350,3150,1.5,4,1910,Seattle,370.34
2014-05-12,339000.0,3.0,1.0,1080,8100,1.0,4,1955,Shoreline,313.89
2014-05-12,690000.0,4.0,2.5,2670,13463,2.0,4,1989,Issaquah,258.43
2014-05-12,788000.0,4.0,3.25,3680,5759,2.0,3,2003,Issaquah,214.13
2014-05-12,315275.0,3.0,1.75,1440,8040,1.0,3,1951,Seattle,218.94
2014-05-12,505000.0,4.0,1.75,1940,4800,1.0,5,1922,Seattle,260.31
2014-05-12,368000.0,3.0,1.0,1280,9898,1.0,3,1968,Woodinville,287.5
2014-05-12,947500.0,3.0,2.75,2980,27144,1.5,5,1917,Burien,317.95
2014-05-12,156000.0,3.0,1.0,970,8580,1.0,3,1959,Federal Way,160.82
2014-05-12,610000.0,4.0,3.0,2110,5000,1.5,4,1930,Seattle,289.1
2014-05-12,420000.0,2.0,2.5,1480,1369,3.0,3,2009,Redmond,283.78
2014-05-12,192000.0,2.0,1.0,700,10540,1.0,3,1953,Normandy Park,274.29
2014-05-12,910000.0,3.0,2.0,2700,6120,1.0,4,1962,Seattle,337.04
2014-05-12,1300000.0,4.0,3.25,2330,9687,2.0,3,1918,Seattle,557.94
2014-05-12,1346400.0,5.0,1.75,3380,20021,1.0,4,1963,Clyde Hill,398.34
2014-05-12,840000.0,4.0,2.75,2600,2750,1.5,3,1936,Seattle,323.08
2014-05-12,300000.0,2.0,1.75,1360,8100,1.0,3,1975,Seattle,220.59
2014-05-12,505000.0,4.0,2.5,2780,6369,1.0,3,1978,Kirkland,181.65
2014-05-12,110000.0,3.0,1.0,1250,53143,1.0,5,1945,Maple Valley,88.0
2014-05-12,746000.0,3.0,2.5,2620,8950,2.0,3,1992,Bellevue,284.73
2014-05-12,211000.0,3.0,1.5,1350,7620,1.0,5,1941,Burien,156.3
2014-05-12,675000.0,4.0,3.0,2400,3340,1.0,4,1964,Seattle,281.25
2014-05-12,734200.0,4.0,2.5,2760,5000,1.5,5,1928,Seattle,266.01
2014-05-12,1225000.0,4.0,2.25,3070,16028,1.0,3,1976,Mercer Island,399.02
2014-05-12,615000.0,2.0,1.75,2040,28593,1.5,4,1919,Vashon,301.47
2014-05-12,630000.0,4.0,2.0,1770,6000,2.0,5,1911,Seattle,355.93
2014-05-12,1264000.0,4.0,3.75,3490,9170,2.0,3,2012,Bellevue,362.18
2014-05-12,301500.0,2.0,1.5,830,1333,2.0,3,2005,Seattle,363.25
2014-05-12,369000.0,2.0,2.5,980,895,2.0,3,2009,Seattle,376.53
2014-05-12,635000.0,3.0,2.5,1570,1433,3.0,3,2010,Seattle,404.46
2014-05-12,1033888.0,4.0,3.25,3270,5187,2.0,3,2014,Redmond,316.17
2014-05-12,383000.0,4.0,2.5,2160,6223,2.0,3,2010,Maple Valley,177.31
2014-05-12,1050000.0,4.0,3.75,3280,11000,2.0,3,2008,Kirkland,320.12
2014-05-13,455000.0,4.0,2.5,3360,7685,2.0,3,2001,Renton,135.42
2014-05-13,819900.0,5.0,2.75,3150,7119,2.0,3,2013,Redmond,260.29
2014-05-13,625000.0,3.0,3.5,1810,1846,2.0,4,2009,Seattle,345.3
2014-05-13,651000.0,4.0,2.5,2740,7140,2.0,3,1993,Sammamish,237.59
2014-05-13,480000.0,5.0,4.75,3830,35000,1.0,3,1976,Woodinville,125.33
2014-05-13,757000.0,3.0,3.25,3190,5283,2.0,3,2007,Issaquah,237.3
2014-05-13,460000.0,3.0,2.25,2350,10450,1.0,3,1977,Kenmore,195.74
2014-05-13,267345.0,4.0,2.25,2510,8165,1.0,4,1972,Federal Way,106.51
2014-05-13,530000.0,2.0,2.0,1680,4950,1.0,3,2006,Redmond,315.48
2014-05-13,449500.0,3.0,2.0,1770,6610,1.0,4,1954,Shoreline,253.95
2014-05-13,289000.0,3.0,1.0,1090,7315,1.0,5,1981,Renton,265.14
2014-05-13,373000.0,5.0,2.5,3001,5710,2.0,3,2006,Kent,124.29
2014-05-13,525000.0,5.0,3.0,2450,4591,2.0,3,1994,Seattle,214.29
2014-05-13,777000.0,3.0,3.25,3610,59677,2.0,3,2003,Issaquah,215.24
2014-05-13,550000.0,4.0,2.0,2250,7500,1.0,5,1956,Bellevue,244.44
2014-05-13,523000.0,3.0,1.5,1240,7735,1.0,4,1957,Bellevue,421.77
2014-05-13,628000.0,4.0,2.0,2260,6000,1.0,3,1958,Seattle,277.88
2014-05-13,581000.0,4.0,1.75,2090,8164,1.0,4,1963,Redmond,277.99
2014-05-13,245000.0,5.0,1.75,2020,7902,1.0,3,1962,Seattle,121.29
2014-05-13,415000.0,3.0,1.75,1960,5000,1.0,5,1911,Seattle,211.73
2014-05-13,1895000.0,5.0,2.25,3120,16672,2.0,4,1969,Yarrow Point,607.37
2014-05-13,225000.0,3.0,1.5,1250,7500,1.0,3,1967,Kent,180.0
2014-05-13,287000.0,3.0,2.25,1490,9600,1.0,4,1987,Duvall,192.62
2014-05-13,799200.0,6.0,3.0,2890,2370,2.5,3,1906,Seattle,276.54
2014-05-13,239950.0,3.0,1.0,1900,33888,1.5,4,1942,Auburn,126.29
2014-05-13,591000.0,3.0,1.75,1680,2400,1.0,5,1922,Seattle,351.79
2014-05-13,700000.0,3.0,2.5,2030,8398,2.0,4,1975,Bellevue,344.83
2014-05-13,475000.0,4.0,2.5,3740,8700,1.0,3,2004,Renton,127.01
2014-05-13,575000.0,3.0,1.75,1580,11750,1.0,4,1951,Seattle,363.92
2014-05-13,771000.0,3.0,2.25,1780,6120,1.5,4,1927,Seattle,433.15
2014-05-13,155000.0,2.0,1.0,910,6232,1.0,3,1943,Seattle,170.33
2014-05-13,550000.0,7.0,4.0,3440,8100,2.0,3,1970,Seattle,159.88
2014-05-13,645000.0,3.0,2.5,1740,13750,2.0,4,1975,Bellevue,370.69
2014-05-13,464000.0,5.0,2.5,3400,8970,1.0,4,1959,Shoreline,136.47
2014-05-13,1050000.0,4.0,3.25,4400,16625,2.0,3,2003,Sammamish,238.64
2014-05-13,350000.0,3.0,2.5,2010,14298,2.0,3,1977,Vashon,174.13
2014-05-13,591000.0,4.0,2.25,2710,38180,2.0,4,1977,Woodinville,218.08
2014-05-13,2555000.0,4.0,2.5,5300,26211,2.0,2,1923,Seattle,482.08
2014-05-13,717000.0,3.0,1.5,1310,3880,1.0,3,1956,Seattle,547.33
2014-05-13,225000.0,4.0,1.5,1950,12559,1.5,3,1939,SeaTac,115.38
2014-05-13,225000.0,3.0,1.0,1040,6535,1.0,3,1947,Seattle,216.35
2014-05-13,345000.0,3.0,1.75,1090,7200,1.0,3,1968,Kirkland,316.51
2014-05-13,230000.0,2.0,0.75,650,5360,1.0,4,1931,Seattle,353.85
2014-05-13,385000.0,3.0,2.0,1480,6600,1.0,3,1943,Seattle,260.14
2014-05-13,90000.0,2.0,1.0,790,2640,1.0,3,1973,Kirkland,113.92
2014-05-13,860000.0,4.0,2.5,3560,11119,1.0,3,1986,Bellevue,241.57
2014-05-13,675000.0,4.0,2.5,3000,5548,2.0,3,2006,Newcastle,225.0
2014-05-13,975000.0,4.0,2.5,3490,7494,2.0,3,2000,Bellevue,279.37
2014-05-13,780000.0,3.0,1.75,2340,10495,1.0,4,1967,Mercer Island,333.33
2014-05-13,370000.0,3.0,1.75,1650,8254,1.0,5,1951,Shoreline,224.24
2014-05-13,665000.0,3.0,2.0,1940,5820,1.5,5,1944,Seattle,342.78
2014-05-13,675000.0,5.0,3.0,3410,9600,1.0,4,1968,Redmond,197.95
2014-05-13,620000.0,3.0,1.0,1710,4050,1.5,3,1909,Seattle,362.57
2014-05-13,1105000.0,4.0,1.5,2740,4000,2.0,5,1905,Seattle,403.28
2014-05-13,450000.0,3.0,2.75,1250,892,2.0,3,2010,Seattle,360.0
2014-05-13,450000.0,3.0,2.25,2450,42180,1.0,4,1978,Covington,183.67
2014-05-13,530000.0,3.0,1.75,1690,8190,1.0,4,1958,Bellevue,313.61
2014-05-13,635000.0,4.0,1.75,1950,13320,1.0,4,1969,Bellevue,325.64
2014-05-13,580000.0,5.0,2.0,2290,7125,1.0,3,1964,Bellevue,253.28
2014-05-13,1550000.0,5.0,3.25,3370,17458,1.0,5,1982,Mercer Island,459.94
2014-05-13,285000.0,3.0,1.0,1090,8640,1.0,4,1973,Burien,261.47
2014-05-13,375000.0,3.0,1.0,1190,9486,1.0,4,1953,Normandy Park,315.13
2014-05-13,1400000.0,5.0,4.25,3530,7924,2.0,3,2001,Mercer Island,396.6
2014-05-13,560000.0,3.0,1.0,1440,5000,2.0,3,1910,Seattle,388.89
2014-05-13,405000.0,4.0,1.75,2180,13529,1.0,3,1956,Lake Forest Park,185.78
2014-05-13,413000.0,4.0,1.0,1410,6000,1.0,3,1925,Seattle,292.91
2014-05-13,287600.0,3.0,2.5,1950,8251,2.0,3,1990,Auburn,147.49
2014-05-13,1680000.0,5.0,3.25,4860,23723,2.0,4,1989,Mercer Island,345.68
2014-05-13,225000.0,3.0,1.0,1660,7210,1.0,3,1963,Auburn,135.54
2014-05-13,319000.0,3.0,1.0,1390,12823,1.0,4,1968,Woodinville,229.5
2014-05-13,322500.0,3.0,2.0,1350,14200,1.0,3,1989,Duvall,238.89
2014-05-13,570000.0,3.0,2.0,1530,5401,1.0,4,1937,Seattle,372.55
2014-05-13,465000.0,3.0,1.5,1270,5112,1.0,3,1950,Seattle,366.14
2014-05-13,435000.0,4.0,2.25,2140,6355,2.0,3,2002,Snoqualmie,203.27
2014-05-13,502000.0,4.0,2.5,2040,5616,2.0,3,2012,Kenmore,246.08
2014-05-13,525000.0,3.0,3.5,2876,5086,2.0,3,2007,Woodinville,182.55
2014-05-13,525000.0,3.0,2.5,1580,1161,2.0,3,2008,Seattle,332.28
2014-05-13,660000.0,4.0,3.5,3400,5196,2.0,3,2012,Snoqualmie,194.12
2014-05-13,870000.0,4.0,2.5,3520,6773,2.5,3,2006,Seattle,247.16
2014-05-13,650000.0,4.0,2.5,2210,4861,2.0,3,2013,Seattle,294.12
2014-05-13,505000.0,4.0,2.5,2790,5602,2.0,3,2009,Renton,181.0
2014-05-13,330000.0,3.0,2.5,1450,5008,1.0,3,2007,Seattle,227.59
2014-05-14,385000.0,4.0,1.75,1620,4980,1.0,4,1947,Seattle,237.65
2014-05-14,306000.0,3.0,1.5,1220,1086,3.0,3,2007,Seattle,250.82
2014-05-14,546000.0,3.0,1.75,2000,5000,1.0,4,1921,Seattle,273.0
2014-05-14,925000.0,4.0,2.5,2190,7350,2.5,5,1958,Mercer Island,422.37
2014-05-14,542000.0,4.0,1.75,1900,8250,1.0,4,1955,Bellevue,285.26
2014-05-14,800000.0,3.0,1.0,1700,4400,1.5,4,1906,Seattle,470.59
2014-05-14,620000.0,5.0,2.5,2540,3832,2.0,5,1929,Seattle,244.09
2014-05-14,175000.0,2.0,1.0,1170,8925,1.0,3,1911,Des Moines,149.57
2014-05-14,740000.0,5.0,5.0,5774,31675,1.0,3,1984,Federal Way,128.16
2014-05-14,345000.0,3.0,2.25,2120,15003,2.0,3,1984,Renton,162.74
2014-05-14,510000.0,3.0,1.75,2170,26460,1.0,3,1986,Sammamish,235.02
2014-05-14,530000.0,4.0,2.75,2450,15002,1.0,5,1974,Normandy Park,216.33
2014-05-14,155000.0,2.0,1.0,700,5200,1.0,5,1952,Renton,221.43
2014-05-14,266000.0,3.0,2.5,1780,7214,1.0,4,1986,Kent,149.44
2014-05-14,257200.0,3.0,2.0,1850,8250,1.0,4,1952,Auburn,139.03
2014-05-14,265000.0,3.0,2.0,1570,5706,1.0,3,1998,Auburn,168.79
2014-05-14,372220.0,3.0,1.0,1290,5500,1.0,3,1951,Seattle,288.54
2014-05-14,337500.0,5.0,2.0,1700,7314,1.0,3,1956,Seattle,198.53
2014-05-14,582500.0,2.0,1.5,1159,4800,1.0,3,1948,Seattle,502.59
2014-05-14,489200.0,3.0,2.75,1850,9600,1.5,5,1965,Kirkland,264.43
2014-05-14,405100.0,2.0,1.0,840,3522,1.0,3,1947,Seattle,482.26
2014-05-14,372977.0,3.0,2.5,1690,1618,2.0,3,2014,Issaquah,220.7
2014-05-14,310000.0,3.0,1.0,1050,9876,1.0,3,1953,Kenmore,295.24
2014-05-14,538000.0,3.0,1.75,1400,3825,1.5,4,1904,Seattle,384.29
2014-05-14,1400000.0,3.0,2.5,2550,7200,2.0,3,1981,Seattle,549.02
2014-05-14,317000.0,3.0,2.5,1840,5011,2.0,3,2012,Maple Valley,172.28
2014-05-14,702500.0,3.0,1.5,2360,6750,2.0,5,1926,Seattle,297.67
2014-05-14,565000.0,4.0,2.5,2240,14667,2.0,4,1989,Newcastle,252.23
2014-05-14,723000.0,4.0,2.5,2700,4004,2.0,3,2004,Issaquah,267.78
2014-05-14,766950.0,3.0,2.5,3030,30007,1.5,4,1992,Woodinville,253.12
2014-05-14,682000.0,3.0,1.75,1830,5120,1.5,5,1903,Seattle,372.68
2014-05-14,325000.0,3.0,2.5,2220,6049,2.0,4,1990,Kent,146.4
2014-05-14,543000.0,3.0,2.5,2090,7640,1.0,3,1962,Shoreline,259.81
2014-05-14,525000.0,3.0,1.75,1600,6120,1.5,3,1924,Seattle,328.12
2014-05-14,364000.0,4.0,1.75,2010,8625,1.0,4,1957,Shoreline,181.09
2014-05-14,394475.0,2.0,1.0,830,4000,1.0,3,1955,Seattle,475.27
2014-05-14,316000.0,4.0,2.5,2010,7226,2.0,3,1995,Auburn,157.21
2014-05-14,339950.0,3.0,1.0,1050,5402,1.5,4,1906,Seattle,323.76
2014-05-14,486000.0,4.0,2.5,2150,39449,1.0,3,1978,Fall City,226.05
2014-05-14,160000.0,3.0,1.0,860,11900,1.0,4,1963,Kent,186.05
2014-05-14,930000.0,3.0,2.5,3100,20553,1.0,3,1954,Shoreline,300.0
2014-05-14,139000.0,3.0,1.0,1100,17334,1.0,3,1978,Auburn,126.36
2014-05-14,562000.0,3.0,1.5,1830,8000,1.0,4,1957,Bellevue,307.1
2014-05-14,299000.0,2.0,1.75,1250,34395,1.0,4,1950,Federal Way,239.2
2014-05-14,511000.0,3.0,2.5,1820,4883,2.0,3,2005,Kenmore,280.77
2014-05-14,499000.0,3.0,2.0,2090,42689,1.5,3,1959,Ravensdale,238.76
2014-05-14,356000.0,3.0,3.5,2100,12384,2.0,3,1980,Tukwila,169.52
2014-05-14,470000.0,4.0,2.5,2310,14023,2.0,3,1991,Duvall,203.46
2014-05-14,715000.0,4.0,2.25,2060,5649,1.0,5,1941,Seattle,347.09
2014-05-14,1120000.0,4.0,2.25,4470,60373,2.0,3,1988,Woodinville,250.56
2014-05-14,458000.0,3.0,1.0,1660,7500,1.0,4,1940,Seattle,275.9
2014-05-14,966000.0,5.0,4.5,3810,8019,2.0,3,2008,Sammamish,253.54
2014-05-14,305495.0,3.0,1.75,2110,10200,2.0,4,1966,Renton,144.78
2014-05-14,543000.0,2.0,2.0,2370,217800,1.5,3,1992,Issaquah,229.11
2014-05-14,340000.0,3.0,2.25,1970,3716,2.0,3,1997,Renton,172.59
2014-05-14,633100.0,4.0,2.5,2470,33305,2.0,3,1993,Redmond,256.32
2014-05-14,310000.0,3.0,1.0,1480,7830,1.0,3,1952,Shoreline,209.46
2014-05-14,349950.0,5.0,3.0,2257,10117,1.0,3,2005,SeaTac,155.05
2014-05-14,267800.0,2.0,1.0,700,6000,1.0,4,1949,Shoreline,382.57
2014-05-14,234000.0,4.0,2.0,1630,9010,1.0,4,1975,Auburn,143.56
2014-05-14,740000.0,4.0,2.5,3430,10157,2.0,3,2000,Kirkland,215.74
2014-05-14,607500.0,5.0,1.75,2220,6000,1.5,3,1923,Seattle,273.65
2014-05-14,223000.0,3.0,1.75,1340,7473,1.0,4,1973,Auburn,166.42
2014-05-14,400000.0,2.0,1.0,980,2130,1.0,4,1918,Seattle,408.16
2014-05-14,802000.0,3.0,2.5,2580,13096,2.0,3,1986,Redmond,310.85
2014-05-14,253000.0,4.0,2.5,2230,4541,2.0,3,2006,Covington,113.45
2014-05-14,1058000.0,4.0,2.0,2290,11137,1.0,4,1955,Bellevue,462.01
2014-05-14,300000.0,3.0,1.0,1260,8280,1.0,3,1946,Seattle,238.1
2014-05-14,625000.0,4.0,2.75,1680,11180,1.0,4,1966,Redmond,372.02
2014-05-14,707000.0,4.0,3.25,3200,7081,2.0,3,2004,Sammamish,220.94
2014-05-14,950000.0,4.0,2.5,3320,7644,2.0,3,1995,Bellevue,286.14
2014-05-14,420000.0,4.0,2.5,3040,24123,2.0,3,1999,Auburn,138.16
2014-05-14,498000.0,4.0,2.75,2270,7375,1.0,4,1973,Kirkland,219.38
2014-05-14,450000.0,3.0,2.5,2910,17172,2.0,3,1989,Federal Way,154.64
2014-05-14,955000.0,5.0,2.25,2510,9887,2.0,3,1972,Mercer Island,380.48
2014-05-14,215000.0,2.0,1.0,1240,7200,1.0,3,1967,Tukwila,173.39
2014-05-14,437000.0,3.0,2.75,2580,5200,2.0,3,2008,Renton,169.38
2014-05-14,773000.0,3.0,2.75,2470,3600,2.0,3,2007,Issaquah,312.96
2014-05-14,1222500.0,4.0,3.5,4910,9444,1.5,3,2007,Sammamish,248.98
2014-05-15,256883.0,3.0,2.5,1690,5025,2.0,3,2003,Federal Way,152.0
2014-05-15,592500.0,4.0,2.5,2240,12032,1.0,3,1983,Sammamish,264.51
2014-05-15,252350.0,3.0,2.0,1650,7352,1.0,3,1979,Renton,152.94
2014-05-15,370000.0,4.0,2.5,2710,5880,2.0,3,1998,Auburn,136.53
2014-05-15,465750.0,3.0,1.5,1260,10350,1.0,3,1959,Bellevue,369.64
2014-05-15,185000.0,3.0,1.0,1150,8100,1.0,3,1932,Seattle,160.87
2014-05-15,582800.0,4.0,2.75,2550,7636,1.0,3,1986,Sammamish,228.55
2014-05-15,245000.0,3.0,1.75,1490,6930,1.0,4,1990,Kent,164.43
2014-05-15,302000.0,4.0,1.75,2020,7865,1.0,4,1963,Renton,149.5
2014-05-15,451555.0,2.0,1.0,1320,4520,1.0,3,1912,Seattle,342.09
2014-05-15,250000.0,3.0,1.0,1230,10350,1.0,4,1957,Renton,203.25
2014-05-15,255000.0,4.0,2.5,2070,7800,2.0,3,1989,Federal Way,123.19
2014-05-15,840000.0,4.0,1.75,2930,11562,1.0,3,1947,Seattle,286.69
2014-05-15,190000.0,3.0,1.0,1090,8520,1.0,3,1967,Federal Way,174.31
2014-05-15,349950.0,3.0,1.0,1400,7066,1.0,3,1957,Seattle,249.96
2014-05-15,613000.0,4.0,2.0,1550,4815,1.5,3,1909,Seattle,395.48
2014-05-15,300000.0,3.0,1.0,1220,13000,1.0,4,1955,Shoreline,245.9
2014-05-15,455000.0,3.0,2.5,1870,7344,1.0,3,1980,Kirkland,243.32
2014-05-15,335000.0,3.0,2.25,2150,30476,2.0,3,1991,Tukwila,155.81
2014-05-15,197500.0,3.0,1.0,980,3090,1.5,3,1903,Seattle,201.53
2014-05-15,412500.0,3.0,1.5,1490,8475,1.0,4,1963,Redmond,276.85
2014-05-15,395300.0,3.0,1.5,1120,7000,1.0,3,1955,Bellevue,352.95
2014-05-15,342400.0,3.0,2.25,1180,9630,2.0,3,1986,Kenmore,290.17
2014-05-15,749400.0,4.0,2.5,3240,20301,2.0,3,1985,Redmond,231.3
2014-05-15,316500.0,4.0,2.5,2150,6807,2.0,4,1991,Kent,147.21
2014-05-15,390000.0,3.0,2.5,2240,10800,2.0,3,1996,Kenmore,174.11
2014-05-15,225000.0,3.0,2.0,1400,7384,1.0,3,1979,Renton,160.71
2014-05-15,550000.0,3.0,2.25,1980,40887,1.0,4,1980,Redmond,277.78
2014-05-15,280000.0,3.0,1.0,1330,20562,1.5,3,1959,North Bend,210.53
2014-05-15,1255000.0,4.0,2.5,3200,7535,2.0,3,2006,Seattle,392.19
2014-05-15,575000.0,2.0,1.0,1490,6000,1.0,3,1946,Seattle,385.91
2014-05-15,1000000.0,5.0,4.25,3920,16258,2.0,3,1990,Bellevue,255.1
2014-05-15,585000.0,5.0,1.75,2000,3750,2.0,4,1921,Seattle,292.5
2014-05-15,620000.0,4.0,2.5,2680,9185,2.0,3,1989,Issaquah,231.34
2014-05-15,204700.0,4.0,2.0,1670,9987,1.0,3,1967,Auburn,122.57
2014-05-15,695000.0,4.0,3.0,3150,9130,2.0,3,2001,Sammamish,220.63
2014-05-15,689900.0,4.0,3.25,2740,7266,2.0,3,2003,Issaquah,251.79
2014-05-15,375000.0,4.0,1.75,1890,8000,1.0,4,1960,Shoreline,198.41
2014-05-15,475000.0,7.0,3.5,2870,29699,1.0,3,1961,Seattle,165.51
2014-05-15,215000.0,3.0,1.0,1160,10384,1.0,4,1969,Maple Valley,185.34
2014-05-15,2100000.0,4.0,1.75,3550,19865,2.0,3,1962,Medina,591.55
2014-05-15,790000.0,3.0,1.75,1790,6117,1.0,3,1940,Seattle,441.34
2014-05-15,350000.0,3.0,1.75,1680,250470,1.0,4,1940,Duvall,208.33
2014-05-15,695000.0,3.0,2.5,4560,17622,2.0,4,1986,Sammamish,152.41
2014-05-15,263000.0,3.0,2.25,1590,7748,2.0,4,1991,Federal Way,165.41
2014-05-15,400000.0,3.0,1.0,1630,10304,1.0,5,1953,Shoreline,245.4
2014-05-15,525000.0,3.0,2.5,2700,7434,2.0,3,1991,Woodinville,194.44
2014-05-15,349950.0,3.0,2.5,1700,7496,2.0,3,1994,Renton,205.85
2014-05-15,1085000.0,4.0,3.25,3740,12080,1.0,3,1988,Woodinville,290.11
2014-05-15,744000.0,4.0,3.0,1980,5352,2.5,3,1941,Seattle,375.76
2014-05-15,312500.0,2.0,1.0,880,6345,1.0,3,1919,Seattle,355.11
2014-05-15,240000.0,3.0,2.0,1400,6200,1.0,3,1948,Shoreline,171.43
2014-05-15,495000.0,4.0,2.0,2050,4000,1.5,5,1941,Seattle,241.46
2014-05-15,580050.0,3.0,2.5,2360,4638,2.0,3,1996,Seattle,245.78
2014-05-15,640000.0,4.0,2.0,2560,7798,1.0,4,1947,Seattle,250.0
2014-05-15,417000.0,3.0,1.5,1340,10224,1.0,4,1956,Bellevue,311.19
2014-05-15,174950.0,3.0,1.0,1060,5200,1.0,5,1970,Covington,165.05
2014-05-15,295000.0,3.0,1.5,850,2500,1.0,3,1986,Seattle,347.06
2014-05-15,423000.0,4.0,1.75,1880,7303,1.0,3,1976,Kirkland,225.0
2014-05-15,839000.0,3.0,1.0,1230,12305,1.0,3,1955,Bellevue,682.11
2014-05-15,343000.0,4.0,1.75,2290,10290,1.0,3,1960,Seattle,149.78
2014-05-15,467000.0,3.0,1.0,1660,6582,1.0,5,1946,Seattle,281.33
2014-05-15,512500.0,3.0,2.5,1840,2875,2.0,4,1997,Seattle,278.53
2014-05-15,575000.0,4.0,2.5,3020,17810,1.0,3,1979,Lake Forest Park,190.4
2014-05-15,465000.0,3.0,1.75,1410,6886,1.0,3,1924,Seattle,329.79
2014-05-15,270000.0,3.0,1.0,1010,9514,1.0,3,1969,Renton,267.33
2014-05-15,340000.0,3.0,1.75,1960,8136,1.0,3,1948,Seattle,173.47
2014-05-15,765000.0,5.0,3.75,3580,14275,2.0,3,1999,Issaquah,213.69
2014-05-15,497000.0,4.0,2.5,2240,7200,2.0,3,1995,Seattle,221.88
2014-05-15,803100.0,4.0,2.5,3310,5404,2.0,3,2004,Redmond,242.63
2014-05-15,344000.0,3.0,2.5,1232,1130,3.0,3,2007,Seattle,279.22
2014-05-15,828950.0,4.0,3.5,3930,5680,2.0,3,2013,Issaquah,210.93
2014-05-15,386380.0,3.0,2.5,1720,3600,2.0,3,2010,Redmond,224.64
2014-05-15,312000.0,3.0,2.25,1490,974,2.0,3,2009,Seattle,209.4
2014-05-15,720000.0,3.0,2.5,3150,151588,2.0,3,2007,Fall City,228.57
2014-05-15,914500.0,4.0,2.5,3950,10856,3.0,3,2013,Sammamish,231.52
2014-05-15,819995.0,5.0,2.75,3030,10335,2.0,3,2013,Newcastle,270.63
2014-05-16,252700.0,2.0,1.5,1070,9643,1.0,3,1985,Kent,236.17
2014-05-16,437500.0,3.0,2.5,2320,36847,2.0,3,1992,North Bend,188.58
2014-05-16,350000.0,1.0,1.0,700,5100,1.0,3,1942,Seattle,500.0
2014-05-16,619000.0,3.0,2.5,2720,6439,2.0,3,2005,Snoqualmie,227.57
2014-05-16,408200.0,3.0,2.5,1800,5761,2.0,4,1990,Seattle,226.78
2014-05-16,451000.0,3.0,1.75,1560,4049,1.5,3,1926,Seattle,289.1
2014-05-16,317000.0,3.0,2.0,1760,11410,1.0,5,1977,Renton,180.11
2014-05-16,799000.0,4.0,3.25,3120,5000,2.0,3,2005,Seattle,256.09
2014-05-16,720000.0,2.0,1.0,2020,7200,1.0,4,1947,Seattle,356.44
2014-05-16,490000.0,3.0,2.0,1450,2400,1.5,3,1900,Seattle,337.93
2014-05-16,239900.0,4.0,2.25,1860,7000,1.0,3,1979,Federal Way,128.98
2014-05-16,446000.0,4.0,2.25,2270,7800,1.0,3,1977,Kirkland,196.48
2014-05-16,275000.0,3.0,2.5,1480,15639,2.0,3,1987,North Bend,185.81
2014-05-16,239950.0,5.0,1.0,1460,6032,2.0,4,1941,Tukwila,164.35
2014-05-16,248000.0,4.0,3.5,1850,6519,2.0,3,1986,Federal Way,134.05
2014-05-16,619500.0,3.0,2.5,2170,5000,2.0,3,2003,Issaquah,285.48
2014-05-16,363750.0,3.0,1.75,1726,197326,2.0,4,1982,Vashon,210.75
2014-05-16,385000.0,3.0,1.75,1180,10541,1.0,4,1981,Sammamish,326.27
2014-05-16,370000.0,4.0,1.5,1370,9957,1.0,3,1972,Kirkland,270.07
2014-05-16,425000.0,3.0,2.5,2670,13218,1.0,4,1988,Kent,159.18
2014-05-16,342000.0,3.0,1.0,1260,6826,1.0,3,1944,Seattle,271.43
2014-05-16,345000.0,4.0,1.0,1980,7991,1.5,3,1962,Renton,174.24
2014-05-16,724800.0,3.0,2.0,2050,3933,1.0,3,1926,Seattle,353.56
2014-05-16,725000.0,5.0,2.75,2830,5310,2.0,3,2006,Redmond,256.18
2014-05-16,605000.0,2.0,1.0,910,3600,1.0,4,1909,Seattle,664.84
2014-05-16,350000.0,4.0,2.5,2440,4000,2.0,3,2009,Maple Valley,143.44
2014-05-16,785000.0,3.0,2.0,2180,5440,1.0,5,1904,Seattle,360.09
2014-05-16,250000.0,3.0,2.0,1900,6660,1.0,5,1966,Maple Valley,131.58
2014-05-16,565000.0,3.0,2.25,1520,1221,3.0,3,2013,Seattle,371.71
2014-05-16,875000.0,3.0,2.0,2220,6641,1.0,4,1947,Seattle,394.14
2014-05-16,862500.0,4.0,2.75,3280,24440,2.0,3,1996,Woodinville,262.96
2014-05-16,400000.0,3.0,2.5,2740,83199,2.0,3,1973,Kent,145.99
2014-05-16,282613.0,2.0,1.0,830,6017,1.0,4,1954,Shoreline,340.5
2014-05-16,174500.0,2.0,1.0,1010,5200,1.0,3,1955,Des Moines,172.77
2014-05-16,306500.0,3.0,2.25,2060,38377,1.0,4,1978,Federal Way,148.79
2014-05-16,445000.0,3.0,2.25,1990,7340,2.0,3,1984,Woodinville,223.62
2014-05-16,433000.0,4.0,2.5,2280,7568,2.0,4,2001,Renton,189.91
2014-05-16,306000.0,3.0,2.5,1870,5874,2.0,3,2005,Kent,163.64
2014-05-16,620000.0,3.0,2.25,1720,4000,1.5,4,1921,Seattle,360.47
2014-05-16,245000.0,2.0,1.0,870,6150,1.0,3,1941,Seattle,281.61
2014-05-16,238000.0,3.0,2.0,1020,1204,2.0,3,2004,Seattle,233.33
2014-05-16,523000.0,3.0,1.5,1260,3135,1.5,3,1931,Seattle,415.08
2014-05-16,522500.0,3.0,2.5,2370,7875,2.0,3,2003,Snoqualmie,220.46
2014-05-16,180000.0,3.0,1.0,1000,18513,1.0,3,1940,Seattle,180.0
2014-05-16,375000.0,3.0,1.5,1100,1751,2.0,3,2007,Seattle,340.91
2014-05-16,249000.0,3.0,2.25,1440,7673,1.0,3,1982,Kent,172.92
2014-05-16,730100.0,4.0,2.5,3120,14300,2.0,3,2003,Issaquah,234.01
2014-05-16,551000.0,2.0,2.0,2260,9604,1.0,3,1990,Bothell,243.81
2014-05-16,375000.0,4.0,2.5,2790,7956,2.0,3,2005,Des Moines,134.41
2014-05-16,540000.0,1.0,1.0,1140,6700,1.5,3,1920,Seattle,473.68
2014-05-16,605000.0,3.0,2.25,1290,2500,2.0,4,1987,Seattle,468.99
2014-05-16,205000.0,5.0,1.75,1730,5200,1.0,4,1978,Covington,118.5
2014-05-16,645000.0,4.0,2.5,3160,11380,2.0,3,1983,Sammamish,204.11
2014-05-16,314000.0,4.0,2.5,2340,8990,2.0,3,2003,Maple Valley,134.19
2014-05-16,330000.0,3.0,1.5,1170,4950,1.0,4,1960,Bellevue,282.05
2014-05-16,490000.0,2.0,1.0,1160,5000,1.0,4,1937,Seattle,422.41
2014-05-16,445000.0,3.0,3.0,1970,24318,1.0,3,2010,Kenmore,225.89
2014-05-16,2000000.0,5.0,4.25,6490,10862,2.0,4,1991,Mercer Island,308.17
2014-05-16,377500.0,3.0,2.25,1410,1377,2.0,3,2005,Issaquah,267.73
2014-05-16,480000.0,4.0,2.5,2430,5000,2.0,3,2009,Snoqualmie,197.53
2014-05-16,804995.0,5.0,1.5,3360,5402,2.0,3,2014,Sammamish,239.58
2014-05-16,341000.0,3.0,2.5,1480,1663,2.0,3,2012,Seattle,230.41
2014-05-16,675000.0,5.0,2.5,3200,6455,2.0,3,2009,Snoqualmie,210.94
2014-05-16,611000.0,3.0,2.5,2134,1984,2.5,3,2008,Issaquah,286.32
2014-05-16,379950.0,3.0,3.25,1860,1787,3.0,3,2007,Shoreline,204.27
2014-05-16,1270000.0,4.0,3.0,5520,8313,2.0,3,2008,Bellevue,230.07
2014-05-16,500000.0,2.0,2.5,1310,1500,2.0,3,2006,Seattle,381.68
2014-05-17,410000.0,3.0,2.0,1700,4250,1.0,3,1944,Seattle,241.18
2014-05-18,415000.0,3.0,2.5,2480,8342,2.0,3,1986,Renton,167.34
2014-05-18,297000.0,5.0,2.5,1970,8605,2.0,4,1994,Enumclaw,150.76
2014-05-18,575550.0,4.0,2.5,2060,7475,1.0,3,1985,Redmond,279.39
2014-05-18,534640.0,3.0,2.5,2130,3500,1.0,4,1994,Woodinville,251.0
2014-05-18,352500.0,3.0,2.25,1410,14110,1.0,3,1987,Snoqualmie,250.0
2014-05-18,488000.0,2.0,2.0,1360,4688,1.0,3,1944,Seattle,358.82
2014-05-18,732000.0,3.0,2.0,1940,55756,1.0,5,1954,Bellevue,377.32
2014-05-19,215000.0,2.0,2.25,1610,2040,2.0,4,1979,Renton,133.54
2014-05-19,592500.0,2.0,2.0,1420,9191,1.5,5,1928,Seattle,417.25
2014-05-19,290000.0,4.0,2.5,1700,7280,2.0,4,1988,Kent,170.59
2014-05-19,475000.0,2.0,1.0,1490,3825,1.0,3,1929,Seattle,318.79
2014-05-19,320000.0,3.0,2.5,2680,7757,2.0,3,1990,Federal Way,119.4
2014-05-19,1216000.0,4.0,2.5,3190,8684,1.0,5,1967,Bellevue,381.19
2014-05-19,290000.0,5.0,1.5,2120,7700,1.5,5,1962,Renton,136.79
2014-05-19,487250.0,4.0,2.0,1690,3250,1.5,3,1901,Seattle,288.31
2014-05-19,339000.0,4.0,2.5,1830,8601,2.0,3,2003,Maple Valley,185.25
2014-05-19,440000.0,2.0,1.5,1010,1968,1.5,5,1906,Seattle,435.64
2014-05-19,366500.0,4.0,2.75,2070,9300,1.0,5,1945,Shoreline,177.05
2014-05-19,462000.0,3.0,1.5,1710,4500,1.5,3,1928,Seattle,270.18
2014-05-19,560000.0,4.0,1.0,1660,4690,1.5,3,1945,Seattle,337.35
2014-05-19,285000.0,4.0,1.75,2080,13629,1.0,4,1955,Seattle,137.02
2014-05-19,280000.0,3.0,2.5,1270,9675,2.0,3,1993,North Bend,220.47
2014-05-19,210000.0,3.0,1.0,1080,21043,1.0,3,1942,Seattle,194.44
2014-05-19,690000.0,3.0,2.0,1610,5100,1.5,5,1940,Seattle,428.57
2014-05-19,256500.0,2.0,1.0,1120,9912,1.0,4,1980,Vashon,229.02
2014-05-19,411000.0,4.0,2.75,2500,5257,2.0,3,1966,Seattle,164.4
2014-05-19,215000.0,3.0,1.0,970,7275,1.0,4,1970,Kent,221.65
2014-05-19,762000.0,5.0,2.0,3370,5000,1.5,4,1907,Seattle,226.11
2014-05-19,359950.0,3.0,1.0,1290,189486,1.0,4,1960,Auburn,279.03
2014-05-19,480000.0,4.0,3.5,3370,435600,2.0,3,2005,North Bend,142.43
2014-05-19,1405000.0,4.0,3.5,3410,10769,2.0,3,2008,Bellevue,412.02
2014-05-19,390000.0,4.0,2.5,2490,8290,2.0,3,1999,Auburn,156.63
2014-05-19,413500.0,2.0,1.0,770,4000,1.0,5,1924,Seattle,537.01
2014-05-19,285000.0,1.0,1.5,810,3211,2.0,4,1982,Kirkland,351.85
2014-05-19,475000.0,4.0,2.5,3060,10043,1.0,4,1968,Shoreline,155.23
2014-05-19,386591.0,3.0,2.5,1690,1613,2.0,3,2014,Issaquah,228.75
2014-05-19,524950.0,3.0,1.75,1890,3825,1.0,3,1974,Seattle,277.75
2014-05-19,241000.0,2.0,2.0,1470,3128,2.0,3,2005,Maple Valley,163.95
2014-05-19,461000.0,2.0,1.0,1060,7193,1.0,3,1926,Seattle,434.91
2014-05-19,810000.0,4.0,2.5,3480,59242,2.0,3,1988,Woodinville,232.76
2014-05-19,885000.0,4.0,2.75,2730,3560,1.5,3,1921,Seattle,324.18
2014-05-19,247000.0,3.0,2.25,1580,7941,2.0,4,1986,Federal Way,156.33
2014-05-19,296500.0,3.0,2.75,2170,7900,1.0,4,1978,Kent,136.64
2014-05-19,141800.0,2.0,1.0,930,4743,1.0,4,1942,Renton,152.47
2014-05-19,333000.0,4.0,2.0,1580,7800,2.0,2,1906,Seattle,210.76
2014-05-19,602000.0,5.0,1.75,3290,11900,1.5,3,1973,Redmond,182.98
2014-05-19,565000.0,4.0,2.25,2110,10698,2.0,4,1979,Issaquah,267.77
2014-05-19,373000.0,3.0,2.5,1670,3565,2.0,3,1999,Woodinville,223.35
2014-05-19,588000.0,3.0,2.25,2030,7350,1.0,4,1977,Redmond,289.66
2014-05-19,485000.0,3.0,1.0,1500,4100,1.5,3,1926,Seattle,323.33
2014-05-19,482500.0,3.0,2.25,1450,1445,2.0,3,2005,Seattle,332.76
2014-05-19,251200.0,4.0,1.5,1310,8250,1.0,3,1953,Des Moines,191.76
2014-05-19,869000.0,5.0,3.25,4180,49222,2.0,4,1979,Issaquah,207.89
2014-05-19,464000.0,3.0,1.75,1630,28600,1.0,3,1967,Woodinville,284.66
2014-05-19,755000.0,4.0,2.5,2660,10452,2.0,3,1993,Redmond,283.83
2014-05-19,280000.0,3.0,2.5,1720,1916,2.0,3,2005,Renton,162.79
2014-05-19,485000.0,2.0,2.25,1260,1240,3.0,3,2004,Seattle,384.92
2014-05-19,305000.0,3.0,1.75,1610,12247,1.0,3,1981,Renton,189.44
2014-05-19,110700.0,2.0,1.0,680,8064,1.0,3,1941,SeaTac,162.79
2014-05-19,850000.0,4.0,3.5,2640,5900,2.0,3,1937,Seattle,321.97
2014-05-19,350000.0,3.0,2.25,1640,7200,2.0,4,1985,Bellevue,213.41
2014-05-19,319950.0,4.0,1.75,2310,8045,1.0,4,1976,Renton,138.51
2014-05-19,700000.0,3.0,1.75,2010,4905,1.0,5,1912,Seattle,348.26
2014-05-19,368000.0,2.0,1.5,1660,4680,1.0,5,1908,Seattle,221.69
2014-05-19,433500.0,3.0,2.5,2200,3360,2.0,3,2009,Seattle,197.05
2014-05-19,611000.0,4.0,2.5,2460,4200,2.0,3,1998,Redmond,248.37
2014-05-19,1000000.0,2.0,1.75,2430,23400,1.0,3,1951,Shoreline,411.52
2014-05-19,307000.0,3.0,1.0,1370,7500,1.0,3,1960,Carnation,224.09
2014-05-19,442500.0,3.0,1.75,1800,10200,1.0,3,1967,Renton,245.83
2014-05-19,485000.0,3.0,1.75,2200,7706,2.0,3,1908,Des Moines,220.45
2014-05-19,367000.0,2.0,1.0,700,2334,1.0,3,1945,Seattle,524.29
2014-05-19,429000.0,3.0,2.5,1920,15124,2.0,3,1995,North Bend,223.44
2014-05-19,446000.0,5.0,2.75,2190,12687,1.0,5,1978,Kenmore,203.65
2014-05-19,572500.0,3.0,2.25,2030,9791,1.0,4,1984,Newcastle,282.02
2014-05-19,477000.0,3.0,2.5,1350,2053,3.0,3,2005,Seattle,353.33
2014-05-19,518000.0,3.0,2.5,1680,2096,2.0,3,2008,Seattle,308.33
2014-05-19,462000.0,5.0,1.75,1250,10530,1.0,4,1966,Bellevue,369.6
2014-05-19,1190000.0,4.0,3.0,2240,6000,1.5,4,1914,Seattle,531.25
2014-05-19,137000.0,3.0,1.0,950,7620,1.0,3,1954,Seattle,144.21
2014-05-19,530000.0,3.0,3.5,2320,3174,2.0,3,1997,Kirkland,228.45
2014-05-19,818000.0,2.0,2.5,2380,9374,1.0,3,2011,Redmond,343.7
2014-05-19,640000.0,2.0,2.25,1540,958,3.0,3,2007,Seattle,415.58
2014-05-19,298450.0,5.0,3.0,2100,9752,1.0,3,2007,Federal Way,142.12
2014-05-19,575000.0,4.0,2.5,2500,4945,2.0,3,2013,Snoqualmie,230.0
2014-05-20,730000.0,4.0,2.5,3230,7331,2.0,3,2004,Sammamish,226.01
2014-05-20,551000.0,3.0,2.5,2830,5802,2.0,3,2001,Kenmore,194.7
2014-05-20,271310.0,2.0,1.0,870,5340,1.5,2,1906,Seattle,311.85
2014-05-20,675000.0,4.0,3.0,2690,28300,1.0,3,1954,Normandy Park,250.93
2014-05-20,479000.0,3.0,2.5,1260,889,3.0,3,2008,Seattle,380.16
2014-05-20,520000.0,4.0,3.5,2680,10000,2.0,3,1942,Seattle,194.03
2014-05-20,599950.0,3.0,2.5,2660,4975,2.0,3,2014,Seattle,225.55
2014-05-20,483945.0,2.0,1.75,1480,5120,1.0,4,1951,Seattle,326.99
2014-05-20,390000.0,4.0,2.25,1770,33132,1.0,4,1965,Renton,220.34
2014-05-20,192500.0,2.0,1.0,950,7692,1.0,3,1926,Seattle,202.63
2014-05-20,330000.0,2.0,1.0,860,8308,1.0,4,1948,Seattle,383.72
2014-05-20,250000.0,4.0,2.0,1960,7560,1.0,5,1978,Kent,127.55
2014-05-20,243000.0,2.0,1.0,1770,5522,1.5,4,1943,Seattle,137.29
2014-05-20,575000.0,4.0,1.75,1280,6060,1.0,3,1926,Seattle,449.22
2014-05-20,639000.0,4.0,2.5,2150,12028,2.0,4,1982,Redmond,297.21
2014-05-20,710000.0,2.0,1.0,1790,4000,1.0,4,1923,Seattle,396.65
2014-05-20,675000.0,3.0,2.25,1990,10260,2.0,4,1987,Redmond,339.2
2014-05-20,405000.0,5.0,2.5,2430,4781,2.0,3,2001,Renton,166.67
2014-05-20,615000.0,4.0,2.75,2820,13193,1.0,3,1965,Bellevue,218.09
2014-05-20,490000.0,3.0,1.0,1910,8190,1.0,4,1946,Seattle,256.54
2014-05-20,467000.0,3.0,2.25,1270,1213,2.0,3,2005,Seattle,367.72
2014-05-20,480000.0,4.0,2.75,2050,3960,1.0,4,1986,Seattle,234.15
2014-05-20,755000.0,6.0,2.0,2150,4505,1.0,3,1952,Seattle,351.16
2014-05-20,760000.0,4.0,1.75,2450,13300,1.0,4,1987,Bellevue,310.2
2014-05-20,387000.0,2.0,2.25,1230,1280,2.0,3,2012,Seattle,314.63
2014-05-20,925000.0,4.0,2.25,2260,41984,1.0,4,1967,Kirkland,409.29
2014-05-20,415000.0,2.0,1.0,1050,60113,1.0,4,1943,Auburn,395.24
2014-05-20,263000.0,3.0,1.75,1570,7775,2.0,3,1982,Kent,167.52
2014-05-20,519900.0,4.0,2.0,1820,9350,1.0,4,1967,Redmond,285.66
2014-05-20,570000.0,2.0,1.75,1540,4025,1.0,4,1908,Seattle,370.13
2014-05-20,450000.0,3.0,1.5,2060,44866,1.0,3,1953,Woodinville,218.45
2014-05-20,1300000.0,4.0,3.5,4380,74052,1.0,3,2001,Redmond,296.8
2014-05-20,300000.0,3.0,1.0,1090,9900,1.0,4,1955,Redmond,275.23
2014-05-20,320000.0,3.0,1.75,1480,7225,1.0,4,1965,Renton,216.22
2014-05-20,387500.0,4.0,1.0,1320,4440,1.5,3,1929,Seattle,293.56
2014-05-20,458000.0,1.0,2.25,2140,10350,1.0,3,1976,Woodinville,214.02
2014-05-20,1212500.0,4.0,3.5,4560,16643,1.0,3,1995,Bellevue,265.9
2014-05-20,380000.0,4.0,3.0,2800,9764,2.0,3,2002,Maple Valley,135.71
2014-05-20,200000.0,3.0,1.0,1050,5000,1.0,4,1967,Renton,190.48
2014-05-20,385000.0,3.0,1.5,1490,9630,1.0,4,1959,Kenmore,258.39
2014-05-20,396675.0,2.0,1.0,1730,6375,2.0,4,1945,Seattle,229.29
2014-05-20,452000.0,4.0,1.0,1210,3760,1.5,3,1900,Seattle,373.55
2014-05-20,426000.0,4.0,2.5,2800,8494,2.0,3,2004,Maple Valley,152.14
2014-05-20,792000.0,3.0,1.5,1570,1050,2.0,3,1915,Seattle,504.46
2014-05-20,315000.0,3.0,2.25,1400,31626,1.0,2,1987,Auburn,225.0
2014-05-20,1275000.0,4.0,2.0,2850,7861,1.0,4,1970,Seattle,447.37
2014-05-20,326000.0,6.0,3.0,1880,7200,1.0,4,1966,Renton,173.4
2014-05-20,268500.0,2.0,1.0,790,8424,1.0,4,1953,Shoreline,339.87
2014-05-20,440000.0,2.0,1.75,1300,4000,2.0,3,1948,Seattle,338.46
2014-05-20,300000.0,3.0,1.0,2120,7735,1.0,4,1967,Renton,141.51
2014-05-20,525000.0,3.0,1.5,1540,4773,2.0,3,1941,Seattle,340.91
2014-05-20,978000.0,4.0,2.75,2620,13777,1.5,4,1926,Seattle,373.28
2014-05-20,1125000.0,6.0,3.0,2880,3192,2.0,4,1919,Seattle,390.62
2014-05-20,700000.0,4.0,1.0,1680,4021,1.5,3,1921,Seattle,416.67
2014-05-20,315000.0,2.0,1.0,790,6969,1.0,3,1955,Redmond,398.73
2014-05-20,309000.0,3.0,1.0,1092,7500,1.5,3,1918,Seattle,282.97
2014-05-20,219950.0,3.0,1.5,1650,9936,1.0,3,1967,Federal Way,133.3
2014-05-20,289000.0,3.0,2.5,2090,4700,2.0,3,2002,Covington,138.28
2014-05-20,210000.0,4.0,1.75,2180,28710,1.0,3,1950,SeaTac,96.33
2014-05-20,260000.0,4.0,2.5,1990,6671,2.0,3,1989,Federal Way,130.65
2014-05-20,699000.0,4.0,2.5,2650,7945,2.0,3,2006,Seattle,263.77
2014-05-20,1800000.0,4.0,3.5,4460,16953,1.0,3,1962,Medina,403.59
2014-05-20,299950.0,3.0,1.0,910,8000,1.0,4,1950,Shoreline,329.62
2014-05-20,749950.0,3.0,2.5,2770,10773,2.0,3,1992,Bellevue,270.74
2014-05-20,1100000.0,3.0,2.0,2390,6888,2.0,5,1939,Seattle,460.25
2014-05-20,555000.0,3.0,2.5,3050,158558,1.0,4,1987,Renton,181.97
2014-05-20,384000.0,3.0,2.5,1700,4000,2.0,3,2003,Snoqualmie,225.88
2014-05-20,499950.0,5.0,3.5,3200,43560,2.0,3,1989,Renton,156.23
2014-05-20,430000.0,3.0,1.75,1200,4500,1.0,5,1906,Seattle,358.33
2014-05-20,350000.0,4.0,2.25,2220,6953,2.0,4,1999,Maple Valley,157.66
2014-05-20,620000.0,3.0,2.5,2480,9041,2.0,3,2004,Redmond,250.0
2014-05-20,765000.0,4.0,2.25,2560,12100,1.0,4,1976,Redmond,298.83
2014-05-20,250000.0,4.0,1.5,2500,6300,1.0,4,1961,Kent,100.0
2014-05-20,376000.0,2.0,1.0,1150,4000,1.0,3,1947,Seattle,326.96
2014-05-20,475000.0,4.0,1.75,1650,7775,1.0,4,1950,Seattle,287.88
2014-05-20,120750.0,3.0,1.75,1140,9628,1.0,4,1969,Federal Way,105.92
2014-05-20,1690000.0,3.0,1.75,3400,8965,1.0,5,1957,Seattle,497.06
2014-05-20,330000.0,3.0,1.0,1180,43124,1.0,4,1959,Issaquah,279.66
2014-05-20,619500.0,3.0,2.5,1700,4105,2.0,3,1992,Seattle,364.41
2014-05-20,345000.0,3.0,1.5,1240,11200,1.0,4,1954,Bellevue,278.23
2014-05-20,598000.0,5.0,2.25,2890,12478,2.0,3,1977,Sammamish,206.92
2014-05-20,335000.0,3.0,1.0,1060,10050,1.0,4,1967,Kenmore,316.04
2014-05-20,372500.0,4.0,1.75,1590,10523,2.0,4,1922,Shoreline,234.28
2014-05-20,300000.0,6.0,5.25,2860,5682,2.0,3,1978,Auburn,104.9
2014-05-20,194000.0,1.0,1.0,820,1060,1.0,3,2007,Seattle,236.59
2014-05-20,507500.0,3.0,2.0,2020,8118,1.0,3,1963,Bellevue,251.24
2014-05-20,325000.0,4.0,2.25,1870,9680,1.0,4,1959,Kirkland,173.8
2014-05-20,329900.0,3.0,2.5,2170,4905,2.0,3,2004,Maple Valley,152.03
2014-05-20,329000.0,4.0,2.5,1600,6765,1.0,3,1947,Seattle,205.62
2014-05-20,494000.0,4.0,1.75,2090,4300,1.5,4,1925,Seattle,236.36
2014-05-20,206000.0,4.0,2.0,1700,6025,1.0,3,1978,Auburn,121.18
2014-05-20,423000.0,4.0,1.75,1940,6909,1.0,4,1941,Seattle,218.04
2014-05-20,259000.0,3.0,1.0,1320,8625,1.0,4,1957,Renton,196.21
2014-05-20,879950.0,4.0,2.25,3500,13875,1.0,4,1938,Seattle,251.41
2014-05-20,345600.0,5.0,3.5,2800,5120,2.5,3,1903,Seattle,123.43
2014-05-20,395000.0,3.0,1.5,1080,2940,1.5,4,1920,Seattle,365.74
2014-05-20,625000.0,4.0,2.5,3550,8048,2.0,3,2007,Snoqualmie,176.06
2014-05-20,439000.0,3.0,2.0,2010,251341,2.0,3,2003,Duvall,218.41
2014-05-20,380000.0,3.0,1.75,1690,1468,2.0,3,2008,Seattle,224.85
2014-05-20,440000.0,3.0,1.5,1270,1443,3.0,3,2007,Seattle,346.46
2014-05-20,415000.0,3.0,2.25,1970,2377,2.0,3,2008,Seattle,210.66
2014-05-20,860000.0,4.0,2.75,3160,8097,2.0,3,2014,Kirkland,272.15
2014-05-20,500000.0,3.0,2.5,1210,1200,3.0,3,2008,Seattle,413.22
2014-05-20,953007.0,4.0,3.5,3120,5086,2.0,3,2008,Seattle,305.45
2014-05-20,515000.0,4.0,2.5,2670,8765,2.0,3,2006,Renton,192.88
2014-05-20,772000.0,3.0,2.25,1640,1204,3.0,3,2014,Seattle,470.73
2014-05-20,329995.0,4.0,2.5,2303,3680,2.0,3,2013,Auburn,143.29
2014-05-20,409316.0,3.0,2.5,1800,3168,2.0,3,2014,Snoqualmie,227.4
2014-05-20,490000.0,5.0,3.5,4460,2975,3.0,3,2013,Seattle,109.87
2014-05-20,305000.0,2.0,2.5,1590,2656,2.0,3,2009,Seattle,191.82
2014-05-20,785000.0,4.0,3.5,3070,4684,2.0,3,2009,Issaquah,255.7
2014-05-21,240000.0,2.0,1.75,1330,7200,1.0,3,1993,SeaTac,180.45
2014-05-21,325000.0,3.0,1.0,990,6750,1.0,4,1947,Seattle,328.28
2014-05-21,535800.0,4.0,2.5,1900,5790,2.0,3,1994,Issaquah,282.0
2014-05-21,720000.0,3.0,2.5,2020,1159,3.0,3,2000,Seattle,356.44
2014-05-21,374000.0,3.0,1.75,2000,9416,1.0,4,1961,Kirkland,187.0
2014-05-21,189650.0,2.0,1.75,1100,7600,1.0,3,1980,Des Moines,172.41
2014-05-21,420850.0,1.0,1.0,960,40946,1.0,5,1945,Carnation,438.39
2014-05-21,815000.0,4.0,2.75,3488,9614,2.0,3,1998,Redmond,233.66
2014-05-21,1065000.0,2.0,1.75,1890,9466,2.0,3,1987,Bellevue,563.49
2014-05-21,199000.0,4.0,2.0,2030,8120,2.0,3,1950,Seattle,98.03
2014-05-21,195000.0,3.0,1.75,1380,7350,1.0,3,1981,Covington,141.3
2014-05-21,1506000.0,4.0,3.25,3660,5800,2.5,3,1909,Seattle,411.48
2014-05-21,288400.0,3.0,2.25,1870,3230,2.0,3,1997,Renton,154.22
2014-05-21,442000.0,4.0,2.25,2080,12007,1.0,4,1979,Sammamish,212.5
2014-05-21,619420.0,4.0,2.75,2450,14803,2.0,4,1988,Newcastle,252.82
2014-05-21,635000.0,4.0,2.25,2750,6180,1.0,4,1948,Seattle,230.91
2014-05-21,210000.0,3.0,1.0,1240,4842,1.0,4,1916,Seattle,169.35
2014-05-21,512500.0,3.0,2.5,1900,7604,2.0,3,1990,Kirkland,269.74
2014-05-21,567000.0,3.0,2.5,2540,6093,2.0,3,1999,Kirkland,223.23
2014-05-21,525000.0,3.0,2.75,2100,10362,2.0,3,1998,Snoqualmie Pass,250.0
2014-05-21,475000.0,4.0,2.0,1790,2250,1.0,4,1909,Seattle,265.36
2014-05-21,250000.0,3.0,2.0,1170,7258,1.0,3,1984,Auburn,213.68
2014-05-21,220000.0,3.0,1.0,1060,9126,1.0,5,1956,Enumclaw,207.55
2014-05-21,230000.0,5.0,2.0,1930,6120,1.5,3,1941,Seattle,119.17
2014-05-21,385500.0,3.0,2.0,1540,7947,1.0,3,1961,Bothell,250.32
2014-05-21,895000.0,5.0,3.0,2876,13927,1.0,4,1973,Mercer Island,311.2
2014-05-21,368250.0,3.0,2.5,2150,7484,2.0,3,1988,Sammamish,171.28
2014-05-21,249900.0,2.0,1.0,1140,5500,1.0,3,1947,Seattle,219.21
2014-05-21,350000.0,3.0,1.5,980,7790,1.0,5,1969,Kirkland,357.14
2014-05-21,175000.0,3.0,1.75,1230,13056,1.0,4,1962,Auburn,142.28
2014-05-21,270000.0,3.0,1.75,1390,10905,1.0,3,1957,Seattle,194.24
2014-05-21,495000.0,3.0,3.5,2380,6250,2.0,3,1997,Seattle,207.98
2014-05-21,1580000.0,3.0,3.25,3690,7200,2.0,3,2007,Kirkland,428.18
2014-05-21,542500.0,5.0,3.25,3010,1074218,1.5,5,1931,Issaquah,180.23
2014-05-21,330000.0,3.0,1.0,1250,9126,1.0,3,1969,Woodinville,264.0
2014-05-21,1003000.0,4.0,2.75,2290,6120,2.0,4,1926,Seattle,437.99
2014-05-21,299800.0,2.0,1.0,790,5240,1.0,4,1925,Seattle,379.49
2014-05-21,299900.0,3.0,2.5,2720,6014,2.0,3,2002,Auburn,110.26
2014-05-21,691000.0,4.0,2.75,2550,8632,1.0,3,1972,Kirkland,270.98
2014-05-21,195000.0,2.0,1.0,1080,3899,1.0,4,1972,Des Moines,180.56
2014-05-21,405000.0,3.0,1.75,2470,9620,1.0,4,1962,Des Moines,163.97
2014-05-21,360000.0,2.0,0.75,850,7710,1.0,5,1909,Seattle,423.53
2014-05-21,256750.0,3.0,2.5,1990,8991,1.0,3,1969,Kent,129.02
2014-05-21,332500.0,3.0,2.25,1800,10500,2.0,3,1995,Maple Valley,184.72
2014-05-21,975000.0,5.0,4.0,4850,36450,2.0,3,1977,Bellevue,201.03
2014-05-21,218000.0,3.0,1.0,1020,7874,1.0,3,1956,Seattle,213.73
2014-05-21,429000.0,3.0,2.5,2420,49928,2.0,3,1985,Issaquah,177.27
2014-05-21,589000.0,4.0,2.5,2910,5776,2.0,3,1998,Snoqualmie,202.41
2014-05-21,255000.0,3.0,1.5,1060,9039,1.0,3,1973,Renton,240.57
2014-05-21,668750.0,4.0,2.5,2340,6420,1.0,3,1964,Shoreline,285.79
2014-05-21,344500.0,4.0,2.75,1800,5453,1.0,3,2002,Renton,191.39
2014-05-21,452000.0,4.0,2.0,1660,6150,1.0,3,1945,Seattle,272.29
2014-05-21,540000.0,3.0,1.75,1300,62290,1.0,3,1983,Redmond,415.38
2014-05-21,246000.0,3.0,1.5,1780,23819,1.0,3,1953,Seattle,138.2
2014-05-21,535000.0,2.0,1.0,1030,4841,1.0,3,1939,Seattle,519.42
2014-05-21,970000.0,4.0,3.25,2790,5420,1.0,3,1963,Shoreline,347.67
2014-05-21,430000.0,3.0,1.0,1150,3000,1.0,5,1906,Seattle,373.91
2014-05-21,520000.0,4.0,2.5,3290,11446,2.0,3,1992,Kenmore,158.05
2014-05-21,712000.0,4.0,2.5,3400,247421,2.0,3,2001,Ravensdale,209.41
2014-05-21,450000.0,2.0,1.0,1200,4000,1.0,3,1940,Seattle,375.0
2014-05-21,220000.0,4.0,2.5,2160,8005,2.0,3,1993,Pacific,101.85
2014-05-21,525000.0,3.0,1.0,1450,4000,1.0,4,1948,Seattle,362.07
2014-05-21,1220000.0,4.0,2.5,3240,3600,2.0,3,2008,Seattle,376.54
2014-05-21,540000.0,3.0,2.0,1470,1691,2.0,3,2007,Seattle,367.35
2014-05-21,600000.0,4.0,2.5,2360,5226,2.0,3,2001,Kirkland,254.24
2014-05-21,600000.0,3.0,2.25,2230,9053,2.0,4,1987,Bellevue,269.06
2014-05-21,625000.0,4.0,2.5,2630,48706,2.0,3,1986,Woodinville,237.64
2014-05-21,150000.0,3.0,1.0,1010,25000,1.0,3,1966,Carnation,148.51
2014-05-21,389999.0,3.0,2.25,1445,1471,2.0,3,2003,Issaquah,269.9
2014-05-21,285000.0,3.0,1.75,2380,6000,1.5,3,1935,Seattle,119.75
2014-05-21,744000.0,4.0,2.75,2830,13059,2.0,3,1998,Sammamish,262.9
2014-05-21,700000.0,4.0,2.5,3010,46173,2.0,3,1996,Redmond,232.56
2014-05-21,318989.0,4.0,2.25,2000,9000,1.0,4,1978,Federal Way,159.49
2014-05-21,556000.0,3.0,2.25,2020,3600,2.0,3,1998,Kirkland,275.25
2014-05-21,275000.0,3.0,2.5,2030,6326,2.0,3,1993,Maple Valley,135.47
2014-05-21,430000.0,3.0,2.75,2550,11160,2.0,3,1994,Shoreline,168.63
2014-05-21,300000.0,2.0,1.0,970,13700,1.0,3,1949,Seattle,309.28
2014-05-21,396450.0,3.0,1.75,1540,12446,1.0,5,1967,Issaquah,257.44
2014-05-21,225000.0,2.0,1.0,1396,111949,1.0,3,1940,Redmond,161.17
2014-05-21,700000.0,4.0,3.25,2780,7875,2.0,3,2006,Seattle,251.8
2014-05-21,260000.0,6.0,2.0,2220,8797,1.0,3,1977,Auburn,117.12
2014-05-21,655000.0,4.0,3.5,2350,13402,2.0,3,1994,Kirkland,278.72
2014-05-21,1185000.0,3.0,2.25,2760,40946,2.0,5,1978,Bellevue,429.35
2014-05-21,1550000.0,3.0,2.5,4460,26027,2.0,3,1992,Kirkland,347.53
2014-05-21,413800.0,3.0,2.0,1440,4421,1.0,3,2007,Redmond,287.36
2014-05-21,950000.0,5.0,3.75,5330,6000,2.0,3,2006,Issaquah,178.24
2014-05-21,334990.0,4.0,2.5,2220,4228,2.0,3,2014,Seattle,150.9
2014-05-21,2700000.0,5.0,4.75,5305,8401,2.0,3,2005,Kirkland,508.95
2014-05-21,1030000.0,3.0,4.0,3880,13095,2.0,3,2009,Kirkland,265.46
2014-05-21,1130000.0,4.0,3.25,3810,8519,1.0,3,2007,Kirkland,296.59
2014-05-21,556000.0,3.0,3.0,1960,1168,2.0,3,2007,Issaquah,283.67
2014-05-21,360000.0,3.0,2.5,1530,1131,3.0,3,2009,Seattle,235.29
2014-05-22,480000.0,4.0,2.25,3250,34293,2.0,4,1983,Kent,147.69
2014-05-22,324000.0,3.0,2.5,1750,7208,2.0,3,1994,Renton,185.14
2014-05-22,1050000.0,4.0,3.25,3440,35021,2.0,3,1983,Kirkland,305.23
2014-05-22,275000.0,1.0,0.75,1170,14149,1.0,5,1962,Enumclaw,235.04
2014-05-22,180000.0,3.0,1.0,870,5330,1.0,3,1969,Covington,206.9
2014-05-22,749000.0,4.0,2.5,2930,18199,2.0,3,1998,Sammamish,255.63
2014-05-22,1600000.0,3.0,2.5,3160,12824,1.0,4,1966,Bellevue,506.33
2014-05-22,373500.0,2.0,1.0,800,3330,1.0,3,1918,Seattle,466.88
2014-05-22,770000.0,4.0,2.5,2350,8001,2.0,4,1987,Bellevue,327.66
2014-05-22,356000.0,2.0,1.75,1060,16470,1.0,3,1977,Woodinville,335.85
2014-05-22,625000.0,3.0,1.75,2060,12558,1.0,4,1984,Redmond,303.4
2014-05-22,494400.0,2.0,1.75,1560,1750,1.0,4,1904,Seattle,316.92
2014-05-22,585000.0,4.0,1.75,3000,42200,1.0,3,1950,Renton,195.0
2014-05-22,926300.0,3.0,1.5,1660,4800,2.0,3,1907,Seattle,558.01
2014-05-22,600000.0,3.0,1.75,1650,5100,1.0,5,1908,Seattle,363.64
2014-05-22,430000.0,4.0,3.0,3220,8936,2.0,3,1990,Kent,133.54
2014-05-22,307000.0,3.0,1.5,2320,7500,1.0,3,1976,Duvall,132.33
2014-05-22,604700.0,4.0,2.75,2750,14982,1.0,3,1981,Des Moines,219.89
2014-05-22,219900.0,3.0,1.0,910,6000,1.0,2,1956,Seattle,241.65
2014-05-22,270000.0,2.0,1.5,840,867,2.0,3,2005,Seattle,321.43
2014-05-22,432000.0,3.0,2.25,1470,1578,2.0,3,2007,Seattle,293.88
2014-05-22,300000.0,6.0,2.0,2040,10812,1.0,4,1943,Renton,147.06
2014-05-22,361000.0,3.0,1.0,1100,4046,1.5,4,1922,Des Moines,328.18
2014-05-22,249950.0,2.0,1.0,940,8532,1.0,4,1959,Burien,265.9
2014-05-22,320000.0,3.0,2.0,1110,10500,1.0,5,1978,North Bend,288.29
2014-05-22,305000.0,4.0,1.75,2200,8100,1.5,5,1942,Seattle,138.64
2014-05-22,503000.0,2.0,1.75,2860,59612,1.0,3,1948,Federal Way,175.87
2014-05-22,235750.0,2.0,1.0,740,11250,1.0,2,1938,Seattle,318.58
2014-05-22,657000.0,4.0,1.75,2740,8520,1.0,3,1954,Seattle,239.78
2014-05-22,385000.0,3.0,1.0,1250,7300,1.0,4,1956,Bellevue,308.0
2014-05-22,389950.0,4.0,2.5,3140,8060,2.0,3,1991,Federal Way,124.19
2014-05-22,150000.0,2.0,1.0,820,10270,1.0,3,1954,Seattle,182.93
2014-05-22,254500.0,4.0,2.75,2570,7264,2.0,3,1998,Auburn,99.03
2014-05-22,555000.0,4.0,2.25,2350,8140,1.0,4,1977,Bellevue,236.17
2014-05-22,1075000.0,4.0,3.0,3600,9200,1.0,4,1976,Bellevue,298.61
2014-05-22,245000.0,4.0,2.0,1580,8000,1.0,3,1967,Federal Way,155.06
2014-05-22,319950.0,2.0,1.0,1070,5824,1.0,5,1949,Seattle,299.02
2014-05-22,337000.0,3.0,1.0,1070,6109,1.0,5,1951,Seattle,314.95
2014-05-22,492000.0,4.0,2.0,1640,5000,2.0,3,1907,Seattle,300.0
2014-05-22,1170000.0,3.0,2.75,2890,12130,2.0,4,1987,Kirkland,404.84
2014-05-22,348580.0,3.0,1.0,1220,7876,1.0,3,1966,Kirkland,285.72
2014-05-22,180000.0,2.0,1.0,1400,4500,1.0,3,1922,Renton,128.57
2014-05-22,400000.0,3.0,1.0,1040,6250,1.0,3,1942,Seattle,384.62
2014-05-22,295000.0,4.0,2.0,980,10640,1.0,5,1978,North Bend,301.02
2014-05-22,910000.0,4.0,3.25,3340,10890,1.5,3,1963,Redmond,272.46
2014-05-22,1150000.0,6.0,4.5,6040,219542,2.0,3,1996,Issaquah,190.4
2014-05-22,431500.0,3.0,3.5,1900,1612,2.0,3,2008,Seattle,227.11
2014-05-22,180000.0,4.0,1.5,1740,7292,1.0,3,1962,SeaTac,103.45
2014-05-22,677000.0,3.0,2.0,2000,3207,1.0,4,1916,Seattle,338.5
2014-05-22,1180500.0,3.0,1.75,1610,7200,1.0,3,1973,Seattle,733.23
2014-05-22,635700.0,4.0,2.5,3240,13978,1.0,3,1977,Sammamish,196.2
2014-05-22,482000.0,5.0,2.25,2230,9600,1.0,3,1978,Woodinville,216.14
2014-05-22,168000.0,2.0,2.5,1160,2174,2.0,3,1998,Seattle,144.83
2014-05-22,805000.0,4.0,2.75,2410,6000,1.0,5,1950,Seattle,334.02
2014-05-22,398000.0,2.0,1.0,590,10945,1.5,3,1983,Black Diamond,674.58
2014-05-22,665000.0,4.0,2.5,2600,17388,2.0,3,1996,Newcastle,255.77
2014-05-22,592500.0,4.0,3.0,2170,8240,1.0,4,1968,Redmond,273.04
2014-05-22,940000.0,4.0,2.75,2080,4000,1.5,3,1912,Seattle,451.92
2014-05-22,655000.0,4.0,2.5,2860,12394,2.0,3,1999,Sammamish,229.02
2014-05-22,622500.0,4.0,2.5,2980,8107,2.0,3,2000,Snoqualmie,208.89
2014-05-22,380000.0,2.0,2.5,1230,987,2.0,3,2011,Seattle,308.94
2014-05-22,648360.0,4.0,1.75,2260,7005,1.0,4,1947,Kirkland,286.88
2014-05-22,432000.0,3.0,2.75,2200,14925,1.0,3,1982,Redmond,196.36
2014-05-22,1050000.0,4.0,2.5,3030,12590,1.5,4,1988,Bellevue,346.53
2014-05-22,353250.0,2.0,1.0,1060,1600,2.0,3,1979,Seattle,333.25
2014-05-22,1000000.0,4.0,3.0,4260,18687,2.0,3,1996,Sammamish,234.74
2014-05-22,320000.0,3.0,2.25,998,844,2.0,3,2007,Seattle,320.64
2014-05-22,349900.0,4.0,2.5,2052,3723,2.0,3,2014,Federal Way,170.52
2014-05-22,330000.0,4.0,3.5,3150,6202,2.0,3,2005,Kent,104.76
2014-05-22,408000.0,3.0,2.25,1950,7221,1.0,4,2006,SeaTac,209.23
2014-05-22,321000.0,3.0,2.25,1347,1292,3.0,3,2010,Seattle,238.31
2014-05-22,1051000.0,4.0,3.75,3860,5474,2.5,3,2007,Issaquah,272.28
2014-05-22,2150000.0,4.0,5.5,5060,10320,2.0,3,2008,Bellevue,424.9
2014-05-22,359000.0,3.0,1.5,1360,885,3.0,3,2008,Seattle,263.97
2014-05-22,300000.0,5.0,2.5,2760,6000,2.0,3,2006,Seattle,108.7
2014-05-22,380000.0,5.0,3.5,2420,4670,2.0,3,2013,Seattle,157.02
2014-05-22,660000.0,3.0,2.5,2450,4332,2.0,3,2010,Redmond,269.39
2014-05-22,355000.0,3.0,2.25,1280,959,3.0,3,2005,Seattle,277.34
2014-05-22,259000.0,3.0,2.5,1550,3569,2.0,3,2011,Auburn,167.1
2014-05-22,353000.0,1.0,1.0,550,1279,2.0,3,2008,Seattle,641.82
2014-05-22,430000.0,2.0,2.5,1520,1588,2.0,3,2007,Seattle,282.89
2014-05-23,460000.0,3.0,1.0,1670,4005,1.5,4,1939,Seattle,275.45
2014-05-23,80000.0,1.0,0.75,430,5050,1.0,2,1912,Carnation,186.05
2014-05-23,782000.0,4.0,2.5,2380,9614,2.0,4,1991,Bellevue,328.57
2014-05-23,218000.0,3.0,1.0,960,9633,1.0,5,1982,Enumclaw,227.08
2014-05-23,325000.0,3.0,1.0,1920,6862,1.0,3,1952,Seattle,169.27
2014-05-23,980000.0,4.0,3.0,3680,5854,1.0,3,1967,Seattle,266.3
2014-05-23,902000.0,4.0,2.25,2530,9200,1.0,5,1976,Bellevue,356.52
2014-05-23,556000.0,5.0,2.5,3840,16905,2.0,3,1991,Federal Way,144.79
2014-05-23,662990.0,3.0,1.75,1240,3600,1.5,5,1926,Seattle,534.67
2014-05-23,225000.0,2.0,1.0,1300,11867,1.5,4,1975,Ravensdale,173.08
2014-05-23,439950.0,4.0,2.5,2380,12067,2.0,3,2002,Renton,184.85
2014-05-23,175000.0,2.0,1.0,1300,44431,1.0,5,1958,Auburn,134.62
2014-05-23,306000.0,2.0,1.0,780,13500,1.0,4,1946,Woodinville,392.31
2014-05-23,235000.0,4.0,2.5,1810,39639,1.0,3,1970,Kent,129.83
2014-05-23,399500.0,3.0,1.75,2420,12676,2.0,3,1911,North Bend,165.08
2014-05-23,478000.0,3.0,1.0,1280,2580,1.5,3,1910,Seattle,373.44
2014-05-23,515000.0,2.0,1.0,1680,6500,1.0,4,1941,Seattle,306.55
2014-05-23,550000.0,3.0,2.5,2510,5400,2.0,3,1992,Renton,219.12
2014-05-23,149000.0,3.0,1.0,1700,8645,1.0,3,1955,Seattle,87.65
2014-05-23,526000.0,3.0,1.75,1680,3420,1.0,3,1992,Seattle,313.1
2014-05-23,527550.0,1.0,0.75,820,59677,1.0,3,1999,Snoqualmie,643.35
2014-05-23,1050000.0,3.0,4.0,4380,42769,2.0,5,1983,Redmond,239.73
2014-05-23,625000.0,3.0,2.5,2600,10092,1.0,3,1984,Sammamish,240.38
2014-05-23,950000.0,5.0,3.25,3400,7452,2.0,3,1999,Bellevue,279.41
2014-05-23,377691.0,5.0,1.75,2120,8399,1.0,4,1942,Shoreline,178.16
2014-05-23,648475.0,4.0,2.75,2250,5700,1.0,3,1951,Seattle,288.21
2014-05-23,383000.0,3.0,1.0,1800,5612,1.0,4,1942,Seattle,212.78
2014-05-23,535000.0,3.0,2.5,2210,7620,2.0,3,1994,Redmond,242.08
2014-05-23,449950.0,3.0,2.0,1560,4080,2.0,3,1923,Seattle,288.43
2014-05-23,465425.0,4.0,2.75,2430,20720,1.0,3,1967,Woodinville,191.53
2014-05-23,675000.0,4.0,2.5,2560,36601,2.0,4,1987,Sammamish,263.67
2014-05-23,599000.0,3.0,2.75,1960,2500,1.5,5,1926,Seattle,305.61
2014-05-23,416000.0,3.0,1.5,1110,9762,1.0,4,1963,Redmond,374.77
2014-05-23,595000.0,2.0,1.5,1030,4500,1.0,3,1924,Seattle,577.67
2014-05-23,200000.0,4.0,1.0,1350,11507,1.0,3,1966,Renton,148.15
2014-05-23,402000.0,3.0,2.0,1540,1827,2.0,3,2005,Issaquah,261.04
2014-05-23,433000.0,4.0,1.75,1830,9600,1.0,4,1966,Bellevue,236.61
2014-05-23,275000.0,4.0,1.5,1930,15531,2.0,3,1979,Federal Way,142.49
2014-05-23,410000.0,3.0,2.0,1650,9641,1.5,3,1983,Kirkland,248.48
2014-05-23,554820.0,4.0,2.0,3510,12905,1.0,3,1965,Burien,158.07
2014-05-23,1325000.0,4.0,3.0,3370,7920,1.0,3,1988,Seattle,393.18
2014-05-23,735000.0,3.0,2.5,2390,9157,2.0,3,1984,Redmond,307.53
2014-05-23,607000.0,3.0,1.0,1230,8114,1.0,4,1951,Bellevue,493.5
2014-05-23,549900.0,4.0,3.0,2830,213879,2.0,4,1987,Auburn,194.31
2014-05-23,258000.0,3.0,1.75,1620,7540,1.0,3,1988,Maple Valley,159.26
2014-05-23,661254.0,4.0,4.0,2290,6250,1.5,5,1940,Seattle,288.76
2014-05-23,945000.0,4.0,2.0,2840,13367,1.0,3,1952,Clyde Hill,332.75
2014-05-23,799950.0,4.0,3.5,4220,196817,2.0,3,1993,Auburn,189.56
2014-05-23,132500.0,3.0,1.0,1080,10500,1.0,3,1967,Auburn,122.69
2014-05-23,467100.0,3.0,1.75,1620,8645,1.0,3,1973,Redmond,288.33
2014-05-23,1610000.0,4.0,3.5,4390,11600,2.0,3,1990,Mercer Island,366.74
2014-05-23,641000.0,3.0,1.75,1620,3975,1.0,5,1926,Seattle,395.68
2014-05-23,350000.0,3.0,1.0,1010,11244,1.0,4,1947,Shoreline,346.53
2014-05-23,335000.0,4.0,2.5,1750,8476,1.0,4,1983,Renton,191.43
2014-05-23,900000.0,3.0,3.5,4080,217697,1.5,3,2000,Auburn,220.59
2014-05-23,440000.0,4.0,2.5,2560,10400,1.0,4,1965,Issaquah,171.88
2014-05-23,464600.0,3.0,1.75,1120,5500,1.5,4,1925,Seattle,414.82
2014-05-23,1200000.0,4.0,3.5,4740,172497,2.0,3,2003,Redmond,253.16
2014-05-23,300000.0,2.0,1.0,1340,7788,1.0,3,1947,Seattle,223.88
2014-05-23,670500.0,4.0,2.0,1590,6750,1.0,3,1951,Seattle,421.7
2014-05-23,552000.0,3.0,1.0,1430,5000,1.0,4,1919,Seattle,386.01
2014-05-23,244000.0,4.0,1.0,1450,8960,1.0,3,1943,Seattle,168.28
2014-05-23,788600.0,4.0,2.75,3500,7200,2.0,3,2005,Redmond,225.31
2014-05-23,445000.0,3.0,2.0,1630,8702,1.0,3,1987,Renton,273.01
2014-05-23,530000.0,4.0,1.75,1814,5000,1.0,4,1951,Seattle,292.17
2014-05-23,90000.0,2.0,1.0,580,7500,1.0,3,1943,Seattle,155.17
2014-05-23,585000.0,3.0,2.0,1670,4572,1.5,3,1931,Seattle,350.3
2014-05-23,498000.0,2.0,2.0,1140,8282,1.0,3,1924,Kirkland,436.84
2014-05-23,379000.0,2.0,1.0,800,6380,1.0,3,1940,Seattle,473.75
2014-05-23,462000.0,3.0,1.75,1300,2580,1.0,5,1919,Seattle,355.38
2014-05-23,388000.0,4.0,2.5,2440,7155,2.0,3,1993,Renton,159.02
2014-05-23,255000.0,3.0,2.0,1490,8371,1.5,3,1984,Kent,171.14
2014-05-23,665000.0,3.0,2.75,1800,9550,1.0,4,1966,Bellevue,369.44
2014-05-23,550000.0,3.0,2.0,1830,9152,1.0,5,1959,Bellevue,300.55
2014-05-23,606000.0,3.0,1.0,1500,3920,1.0,3,1947,Seattle,404.0
2014-05-23,334000.0,4.0,2.5,2210,6080,1.0,4,1965,Seattle,151.13
2014-05-23,360000.0,3.0,2.0,1270,1323,3.0,3,2006,Seattle,283.46
2014-05-23,235000.0,2.0,1.0,1140,1730,1.5,3,2007,Seattle,206.14
2014-05-23,580000.0,3.0,2.5,1620,1173,3.0,3,2008,Seattle,358.02
2014-05-23,355000.0,3.0,2.0,1220,1186,3.0,3,2007,Seattle,290.98
2014-05-23,375000.0,2.0,2.5,750,1430,2.0,3,2006,Seattle,500.0
2014-05-24,372000.0,4.0,1.75,1960,9300,1.0,5,1979,North Bend,189.8
2014-05-24,479000.0,3.0,1.0,1370,3000,1.5,3,1924,Seattle,349.64
2014-05-24,2000000.0,5.0,4.0,4580,4443,3.0,3,2004,Sammamish,436.68
2014-05-24,1680000.0,4.0,4.25,5584,68257,2.0,3,1998,Carnation,300.86
2014-05-24,501000.0,2.0,1.0,1010,4320,1.0,5,1924,Seattle,496.04
2014-05-24,245000.0,3.0,1.75,1260,6908,1.0,3,1994,Maple Valley,194.44
2014-05-24,496700.0,3.0,2.5,1740,5782,2.0,4,1989,Issaquah,285.46
2014-05-24,347000.0,4.0,1.5,2670,10026,2.0,3,1996,Auburn,129.96
2014-05-24,199000.0,2.0,1.0,720,7200,1.0,5,1943,Renton,276.39
2014-05-24,440500.0,3.0,2.5,2460,4399,2.0,3,2007,Snoqualmie,179.07
2014-05-24,820000.0,4.0,2.5,3670,7000,2.0,3,2005,Sammamish,223.43
2014-05-25,325000.0,4.0,3.5,2630,3435,1.5,3,1984,SeaTac,123.57
2014-05-25,195000.0,3.0,1.75,1570,8459,1.0,3,1991,Enumclaw,124.2
2014-05-25,675000.0,3.0,3.0,2980,28000,1.0,3,1981,Redmond,226.51
2014-05-25,295000.0,3.0,2.5,1560,4200,2.0,3,2003,Maple Valley,189.1
2014-05-25,355300.0,3.0,2.5,1620,7410,1.0,5,1955,Shoreline,219.32
2014-05-26,276000.0,3.0,1.0,1140,5000,1.0,3,1960,Seattle,242.11
2014-05-26,460000.0,2.0,1.5,2730,19877,1.0,4,1976,Duvall,168.5
2014-05-26,880000.0,3.0,2.0,2130,35169,1.0,4,1989,Woodinville,413.15
2014-05-26,370000.0,3.0,2.5,1780,4050,2.0,3,2001,Shoreline,207.87
2014-05-26,346000.0,4.0,2.5,2100,3916,2.0,3,2009,Renton,164.76
2014-05-26,172500.0,3.0,1.0,1140,8800,1.0,3,1972,Auburn,151.32
2014-05-26,379950.0,3.0,1.5,1690,9144,1.0,4,1956,Kenmore,224.82
2014-05-27,468000.0,2.0,1.0,1160,6000,1.0,4,1942,Seattle,403.45
2014-05-27,477000.0,4.0,2.75,1720,6270,2.0,3,1978,Seattle,277.33
2014-05-27,529000.0,3.0,1.0,1210,3328,1.5,4,1924,Seattle,437.19
2014-05-27,312000.0,3.0,1.5,1255,1374,3.0,3,2004,Seattle,248.61
2014-05-27,326100.0,2.0,1.0,880,7683,1.0,3,1942,Seattle,370.57
2014-05-27,360000.0,3.0,1.0,1050,9206,1.5,3,1954,Seattle,342.86
2014-05-27,438000.0,3.0,1.75,1650,12940,1.0,4,1961,Kenmore,265.45
2014-05-27,360000.0,3.0,1.0,1570,9467,1.0,3,1954,Shoreline,229.3
2014-05-27,1050000.0,4.0,2.5,2920,7200,1.0,3,1921,Seattle,359.59
2014-05-27,688000.0,4.0,3.0,3000,4000,1.5,3,1913,Seattle,229.33
2014-05-27,585000.0,3.0,1.75,1850,7735,1.0,4,1983,Issaquah,316.22
2014-05-27,265000.0,3.0,2.5,1440,7741,1.0,4,1983,Kent,184.03
2014-05-27,375000.0,3.0,1.75,1440,8775,1.0,3,1973,Kirkland,260.42
2014-05-27,326500.0,3.0,1.0,1810,12375,2.0,3,1970,Woodinville,180.39
2014-05-27,160000.0,2.0,1.0,1180,9350,1.0,3,1918,Seattle,135.59
2014-05-27,1570000.0,4.0,3.75,3070,5850,2.0,5,1927,Seattle,511.4
2014-05-27,735000.0,5.0,2.75,3390,5211,2.0,3,2004,Sammamish,216.81
2014-05-27,400000.0,2.0,1.0,1470,6120,1.0,2,1940,Seattle,272.11
2014-05-27,800000.0,4.0,2.5,2680,7200,1.0,3,1952,Kirkland,298.51
2014-05-27,949880.0,4.0,2.25,2290,10687,2.0,3,1978,Bellevue,414.79
2014-05-27,405000.0,3.0,1.75,1980,8100,1.0,4,1949,Shoreline,204.55
2014-05-27,399000.0,4.0,2.5,2870,9292,2.0,3,1979,Renton,139.02
2014-05-27,730001.0,3.0,2.0,1840,4750,1.0,5,1951,Seattle,396.74
2014-05-27,1795000.0,4.0,3.25,4060,13000,2.0,3,2000,Mercer Island,442.12
2014-05-27,260000.0,3.0,2.0,1630,8018,1.0,3,2003,Pacific,159.51
2014-05-27,751750.0,2.0,2.0,1880,5400,1.5,3,1902,Seattle,399.87
2014-05-27,325000.0,3.0,1.75,1780,13095,1.0,4,1983,Kent,182.58
2014-05-27,344950.0,4.0,2.0,2330,6250,1.0,4,1941,Kent,148.05
2014-05-27,457500.0,3.0,1.75,1840,4030,1.0,5,1925,Seattle,248.64
2014-05-27,389000.0,5.0,2.0,2330,10750,1.0,4,1962,Kenmore,166.95
2014-05-27,515000.0,4.0,2.5,3200,6473,2.0,3,2005,Renton,160.94
2014-05-27,732000.0,3.0,2.5,2330,1987,2.0,3,2004,Seattle,314.16
2014-05-27,415000.0,3.0,2.25,1950,8868,1.0,3,1964,Shoreline,212.82
2014-05-27,1655000.0,4.0,3.5,3080,4815,2.0,3,1937,Seattle,537.34
2014-05-27,535000.0,2.0,1.0,1040,5527,1.0,3,1951,Seattle,514.42
2014-05-27,540000.0,4.0,4.25,1960,3565,2.0,3,1940,Seattle,275.51
2014-05-27,525000.0,5.0,3.0,2750,3800,1.5,5,1926,Seattle,190.91
2014-05-27,570000.0,3.0,1.75,1930,36210,1.0,3,1977,Woodinville,295.34
2014-05-27,569950.0,5.0,4.5,4850,40902,2.0,3,2001,Federal Way,117.52
2014-05-27,283200.0,4.0,2.5,1982,6406,2.0,3,2004,Kent,142.89
2014-05-27,1100000.0,3.0,2.75,2640,4050,1.5,5,1926,Seattle,416.67
2014-05-27,830000.0,4.0,2.5,1850,50662,1.0,3,1978,Redmond,448.65
2014-05-27,495000.0,4.0,2.25,1940,9144,1.0,4,1956,Bellevue,255.15
2014-05-27,292050.0,5.0,3.0,2840,7199,1.0,3,2003,Tukwila,102.83
2014-05-27,415000.0,5.0,1.5,1900,10226,1.0,3,1961,Kirkland,218.42
2014-05-27,295832.0,5.0,1.0,1410,6400,1.0,5,1955,Des Moines,209.81
2014-05-27,450000.0,4.0,2.5,2520,8515,2.0,3,1999,Duvall,178.57
2014-05-27,1381000.0,4.0,3.75,3160,9525,2.5,3,1997,Mercer Island,437.03
2014-05-27,857000.0,4.0,3.0,3720,29043,2.0,3,1991,Kirkland,230.38
2014-05-27,499950.0,3.0,3.5,1820,1501,2.0,3,2014,Seattle,274.7
2014-05-27,465000.0,3.0,2.0,1560,8640,1.0,5,1967,Kirkland,298.08
2014-05-27,329000.0,3.0,1.0,1600,5952,1.0,4,1964,Seattle,205.62
2014-05-27,475000.0,3.0,2.0,1230,11502,1.0,4,1984,Redmond,386.18
2014-05-27,255000.0,3.0,1.0,960,8100,1.0,3,1955,Shoreline,265.62
2014-05-27,435000.0,3.0,1.0,1270,4000,1.5,3,1928,Seattle,342.52
2014-05-27,685000.0,3.0,2.5,2810,7700,2.0,3,2001,Bellevue,243.77
2014-05-27,715000.0,2.0,2.5,2160,5581,1.0,3,2002,Redmond,331.02
2014-05-27,780000.0,3.0,3.0,2520,2152,1.5,3,1925,Seattle,309.52
2014-05-27,345000.0,2.0,1.5,1180,844,2.0,3,2005,Seattle,292.37
2014-05-27,355000.0,4.0,2.25,1810,4970,2.0,3,2003,Renton,196.13
2014-05-27,282000.0,3.0,2.5,1680,15711,1.0,3,1994,Kent,167.86
2014-05-27,244000.0,3.0,1.0,910,5250,1.0,4,1971,Burien,268.13
2014-05-27,967500.0,3.0,3.75,3250,5797,2.0,4,1951,Seattle,297.69
2014-05-27,375000.0,3.0,1.5,2000,7294,1.0,3,1965,Seattle,187.5
2014-05-27,1600000.0,3.0,3.25,3790,19000,2.0,3,1985,Seattle,422.16
2014-05-27,527500.0,3.0,1.75,2310,78844,1.0,3,1977,Issaquah,228.35
2014-05-27,994000.0,3.0,2.25,2510,6339,1.5,5,1932,Seattle,396.02
2014-05-27,313000.0,3.0,1.75,1320,6205,1.0,5,1948,Shoreline,237.12
2014-05-27,587000.0,3.0,2.25,2370,217800,2.0,3,1979,Redmond,247.68
2014-05-27,304000.0,3.0,1.0,900,7500,1.0,4,1972,Kirkland,337.78
2014-05-27,675000.0,3.0,2.5,2540,7680,2.0,4,1940,Seattle,265.75
2014-05-27,305000.0,4.0,1.0,2100,9288,1.0,4,1968,Renton,145.24
2014-05-27,280000.0,3.0,1.0,1200,6250,1.0,3,1943,Seattle,233.33
2014-05-27,960000.0,5.0,4.0,3720,15200,2.0,3,2005,Sammamish,258.06
2014-05-27,500000.0,3.0,2.25,1760,4539,2.0,3,1988,Issaquah,284.09
2014-05-27,274950.0,3.0,1.75,1670,7415,1.0,3,1987,Covington,164.64
2014-05-27,455600.0,3.0,2.5,2420,8252,2.0,3,1998,Snoqualmie,188.26
2014-05-27,970000.0,5.0,3.0,3480,15185,2.0,4,1964,Mercer Island,278.74
2014-05-27,312900.0,4.0,2.5,1630,4473,2.0,3,2003,Maple Valley,191.96
2014-05-27,535000.0,4.0,2.5,2340,5600,2.0,3,1921,Seattle,228.63
2014-05-27,427000.0,2.0,1.0,920,3780,1.0,3,1910,Seattle,464.13
2014-05-27,405000.0,2.0,1.0,910,6490,1.0,3,1942,Seattle,445.05
2014-05-27,480000.0,3.0,1.0,1150,4945,1.0,3,1943,Seattle,417.39
2014-05-27,725000.0,3.0,1.5,2500,4774,1.5,3,1940,Seattle,290.0
2014-05-27,293000.0,4.0,2.5,3250,235063,1.0,3,1973,Auburn,90.15
2014-05-27,268000.0,4.0,2.0,1930,6600,1.0,4,1967,Burien,138.86
2014-05-27,475000.0,4.0,3.5,3400,234352,2.0,3,1991,Vashon,139.71
2014-05-27,488000.0,3.0,2.5,1590,2550,3.0,3,1985,Seattle,306.92
2014-05-27,760000.0,4.0,2.5,3330,7399,2.0,3,2009,Redmond,228.23
2014-05-27,1710000.0,5.0,4.5,4590,14685,2.0,3,2009,Kirkland,372.55
2014-05-27,754950.0,3.0,2.5,2610,7256,2.0,3,2014,Kirkland,289.25
2014-05-27,263900.0,3.0,2.5,1658,2700,2.0,3,2014,Des Moines,159.17
2014-05-27,460000.0,3.0,3.5,1600,1431,2.0,3,2006,Seattle,287.5
2014-05-27,399950.0,3.0,3.0,1296,1051,3.0,3,2009,Seattle,308.6
2014-05-27,370000.0,2.0,2.25,1280,835,2.0,3,2009,Seattle,289.06
2014-05-27,1149000.0,4.0,3.0,5940,11533,2.0,3,2004,Snoqualmie,193.43
2014-05-27,450800.0,4.0,3.25,2510,5311,2.0,3,2009,Renton,179.6
2014-05-27,627000.0,3.0,3.5,2710,3475,2.0,3,2005,Issaquah,231.37
2014-05-27,495000.0,3.0,2.5,1750,1548,3.0,3,2013,Seattle,282.86
2014-05-28,310000.0,3.0,1.0,1430,19901,1.5,4,1927,Kenmore,216.78
2014-05-28,550000.0,4.0,1.0,1660,34848,1.0,1,1933,Redmond,331.33
2014-05-28,215000.0,2.0,1.0,1320,8865,1.0,4,1943,Burien,162.88
2014-05-28,799000.0,4.0,3.0,2580,209523,2.0,3,1984,Redmond,309.69
2014-05-28,630000.0,4.0,2.5,2740,43101,2.0,3,1993,Woodinville,229.93
2014-05-28,267000.0,3.0,2.5,2495,4400,2.0,3,2007,Federal Way,107.01
2014-05-28,900000.0,6.0,2.75,2300,24773,1.5,4,1950,Mercer Island,391.3
2014-05-28,365000.0,3.0,1.5,1300,12240,1.0,3,1963,Kenmore,280.77
2014-05-28,544500.0,4.0,2.5,2230,10414,1.0,5,1974,Issaquah,244.17
2014-05-28,599000.0,4.0,2.75,2020,2750,1.0,3,1917,Seattle,296.53
2014-05-28,815000.0,4.0,2.25,2000,3800,2.0,3,2001,Seattle,407.5
2014-05-28,254000.0,2.0,1.0,1060,8187,1.0,4,1952,Shoreline,239.62
2014-05-28,740000.0,2.0,1.75,2080,4800,1.0,5,1923,Seattle,355.77
2014-05-28,225000.0,3.0,2.0,2030,24829,1.0,4,1979,Auburn,110.84
2014-05-28,925000.0,3.0,2.5,2690,7000,2.0,5,1943,Seattle,343.87
2014-05-28,1285000.0,4.0,2.5,3240,10800,1.0,3,1946,Seattle,396.6
2014-05-28,537000.0,3.0,2.5,1550,12920,2.0,5,1999,Kirkland,346.45
2014-05-28,335000.0,4.0,2.0,1480,3132,1.0,5,1910,Seattle,226.35
2014-05-28,840000.0,4.0,2.75,3040,2800,2.0,3,1906,Seattle,276.32
2014-05-28,224000.0,3.0,1.5,1560,7300,1.0,4,1964,Auburn,143.59
2014-05-28,395000.0,3.0,2.5,2250,3757,2.0,3,2006,Renton,175.56
2014-05-28,450000.0,3.0,1.0,1100,4600,1.0,3,1917,Seattle,409.09
2014-05-28,681000.0,3.0,1.0,1700,6356,1.5,3,1907,Seattle,400.59
2014-05-28,898000.0,5.0,1.5,2680,28014,1.0,4,1963,Bellevue,335.07
2014-05-28,370000.0,3.0,1.0,800,2296,1.0,4,1908,Seattle,462.5
2014-05-28,429000.0,2.0,1.75,1350,6315,1.0,3,2005,Redmond,317.78
2014-05-28,150000.0,3.0,1.0,820,7680,1.5,3,1910,Seattle,182.93
2014-05-28,555000.0,3.0,2.5,3160,4270,2.0,3,2006,Bothell,175.63
2014-05-28,326000.0,3.0,2.75,1720,28000,1.0,4,1958,Renton,189.53
2014-05-28,225000.0,3.0,2.5,1680,6755,2.0,3,1994,Auburn,133.93
2014-05-28,245100.0,3.0,1.75,1300,7958,1.0,3,1996,Auburn,188.54
2014-05-28,665000.0,3.0,2.5,2190,10370,2.0,3,1987,Sammamish,303.65
2014-05-28,535000.0,3.0,2.5,1720,4006,2.0,3,1994,Issaquah,311.05
2014-05-28,305000.0,3.0,1.0,1160,11776,1.0,3,1968,Woodinville,262.93
2014-05-28,999000.0,7.0,4.0,3150,34830,1.0,3,1957,Bellevue,317.14
2014-05-28,215000.0,3.0,1.75,1210,8075,1.0,4,1983,Pacific,177.69
2014-05-28,432500.0,3.0,1.75,1980,5100,1.0,3,1965,Seattle,218.43
2014-05-28,655000.0,4.0,2.5,2990,5669,2.0,3,2003,Sammamish,219.06
2014-05-28,266200.0,3.0,1.5,1430,9600,1.0,4,1966,Renton,186.15
2014-05-28,244615.0,3.0,2.5,2060,4030,2.0,3,1999,Kent,118.75
2014-05-28,460000.0,4.0,3.0,2230,52983,2.0,3,1991,Kent,206.28
2014-05-28,370000.0,4.0,2.5,3090,18645,2.0,3,1995,Federal Way,119.74
2014-05-28,465000.0,6.0,3.25,4250,23326,1.0,3,1967,Federal Way,109.41
2014-05-28,1175000.0,3.0,2.5,1970,23180,1.0,3,1937,Seattle,596.45
2014-05-28,189000.0,2.0,2.0,1700,3171,1.0,5,1927,Auburn,111.18
2014-05-28,820000.0,3.0,2.5,2510,5503,2.0,3,1995,Seattle,326.69
2014-05-28,968000.0,6.0,2.75,3610,17580,1.0,5,1959,Sammamish,268.14
2014-05-28,1400000.0,4.0,3.25,2980,7000,2.0,3,1900,Seattle,469.8
2014-05-28,438750.0,3.0,1.75,1610,6480,1.0,4,1947,Seattle,272.52
2014-05-28,1210000.0,4.0,2.75,3650,6982,2.0,4,1951,Seattle,331.51
2014-05-28,600000.0,4.0,2.0,2510,38141,1.0,3,1960,Kirkland,239.04
2014-05-28,589000.0,3.0,1.0,1110,6000,1.5,5,1932,Seattle,530.63
2014-05-28,590000.0,3.0,2.0,1650,6150,2.0,4,1926,Seattle,357.58
2014-05-28,479900.0,3.0,2.0,1980,12150,1.0,3,1994,Kent,242.37
2014-05-28,210000.0,2.0,1.5,880,1157,2.0,3,2007,Seattle,238.64
2014-05-28,745000.0,3.0,1.75,1490,9800,1.0,4,1947,Beaux Arts Village,500.0
2014-05-28,840500.0,3.0,2.0,2520,5400,1.5,4,1906,Seattle,333.53
2014-05-28,420000.0,3.0,1.75,1820,22320,1.0,3,1977,Redmond,230.77
2014-05-28,565000.0,7.0,4.5,4140,9066,1.0,3,1978,Seattle,136.47
2014-05-28,840000.0,4.0,2.5,3420,8405,2.0,3,2000,Sammamish,245.61
2014-05-28,681716.0,4.0,2.5,3150,7277,2.0,3,2006,Renton,216.42
2014-05-28,600000.0,3.0,1.75,1580,7416,1.0,3,1967,Bellevue,379.75
2014-05-28,380000.0,3.0,2.0,1660,8281,1.0,3,1949,Seattle,228.92
2014-05-28,168500.0,3.0,1.0,1100,10125,1.0,3,1969,Covington,153.18
2014-05-28,355000.0,2.0,1.0,1270,3200,1.0,4,1920,Seattle,279.53
2014-05-28,277000.0,4.0,1.0,1450,6250,1.0,3,1964,Seattle,191.03
2014-05-28,236000.0,4.0,2.25,1830,9485,1.0,4,1989,Federal Way,128.96
2014-05-28,270000.0,3.0,1.75,1300,4127,1.0,4,1918,Seattle,207.69
2014-05-28,700000.0,2.0,1.75,2320,5500,1.5,3,1925,Seattle,301.72
2014-05-28,425000.0,4.0,2.75,1680,9545,1.0,4,1979,Kenmore,252.98
2014-05-28,635000.0,3.0,2.5,2300,5500,1.5,4,1921,Seattle,276.09
2014-05-28,510250.0,3.0,1.75,1400,4000,1.0,3,1951,Seattle,364.46
2014-05-28,960000.0,4.0,2.25,2410,4560,2.0,5,1929,Seattle,398.34
2014-05-28,254000.0,3.0,2.0,1480,7480,1.0,4,1992,Maple Valley,171.62
2014-05-28,299000.0,3.0,1.0,1390,9624,1.5,4,1954,Shoreline,215.11
2014-05-28,175000.0,2.0,1.0,830,2699,1.0,3,1996,Maple Valley,210.84
2014-05-28,157500.0,2.0,1.0,740,9003,1.0,3,1949,Kent,212.84
2014-05-28,580000.0,5.0,2.0,1940,6000,1.0,5,1945,Seattle,298.97
2014-05-28,124740.0,3.0,1.0,1340,15600,1.0,4,1978,Kent,93.09
2014-05-28,1970000.0,8.0,3.5,4440,6480,2.0,5,1959,Seattle,443.69
2014-05-28,285000.0,2.0,1.0,800,6240,1.0,3,1954,Seattle,356.25
2014-05-28,242000.0,3.0,1.75,1310,9645,1.0,3,1979,SeaTac,184.73
2014-05-28,840000.0,4.0,1.75,2330,4000,2.0,5,1924,Seattle,360.52
2014-05-28,474800.0,2.0,3.25,1400,1243,3.0,3,2000,Seattle,339.14
2014-05-28,490000.0,4.0,2.5,2360,4367,2.0,3,2003,Woodinville,207.63
2014-05-28,465000.0,3.0,2.25,1840,5752,2.0,3,2003,Kirkland,252.72
2014-05-28,515000.0,4.0,2.5,2680,7178,2.0,3,2004,Snoqualmie,192.16
2014-05-28,430000.0,3.0,3.75,3890,7140,1.0,3,1943,Seattle,110.54
2014-05-28,253400.0,3.0,2.0,1400,8640,1.0,5,1968,Federal Way,181.0
2014-05-28,355000.0,3.0,2.5,2400,9701,1.0,3,1990,Federal Way,147.92
2014-05-28,740000.0,4.0,2.25,2920,46355,2.0,4,1998,Fall City,253.42
2014-05-28,186950.0,2.0,2.0,1390,1302,2.0,3,1986,Federal Way,134.5
2014-05-28,306000.0,3.0,2.5,1680,11193,2.0,3,1984,Renton,182.14
2014-05-28,510000.0,4.0,1.5,2040,8800,1.0,4,1961,Bellevue,250.0
2014-05-28,345000.0,2.0,1.0,1080,4000,1.0,3,1940,Seattle,319.44
2014-05-28,875000.0,3.0,2.75,2280,4280,1.0,5,1917,Seattle,383.77
2014-05-28,700000.0,4.0,3.5,4490,5099,2.0,3,2006,Snoqualmie,155.9
2014-05-28,1400000.0,4.0,3.25,4700,9160,1.0,3,2005,Seattle,297.87
2014-05-28,499950.0,4.0,2.5,2798,4473,2.0,3,2012,Renton,178.68
2014-05-28,739000.0,3.0,2.5,2810,5400,2.0,3,2005,Redmond,262.99
2014-05-28,363000.0,4.0,2.5,3753,7204,2.0,3,2008,Federal Way,96.72
2014-05-28,782000.0,4.0,3.5,3910,8095,2.0,3,2007,Issaquah,200.0
2014-05-28,325000.0,2.0,2.5,1050,1609,2.0,3,2005,Seattle,309.52
2014-05-29,485000.0,4.0,1.0,1600,4300,1.5,4,1916,Seattle,303.12
2014-05-29,452000.0,4.0,2.25,2590,10002,1.0,4,1968,Kenmore,174.52
2014-05-29,264950.0,4.0,2.25,1720,9753,1.0,4,1978,Federal Way,154.04
2014-05-29,472000.0,6.0,2.5,4410,14034,1.0,4,1965,Federal Way,107.03
2014-05-29,267500.0,3.0,1.75,1590,11914,1.0,3,1957,SeaTac,168.24
2014-05-29,565000.0,4.0,2.5,2440,22594,2.0,3,1996,Redmond,231.56
2014-05-29,535000.0,3.0,2.5,1360,1016,3.0,3,2003,Seattle,393.38
2014-05-29,389000.0,2.0,1.0,910,7000,1.0,3,1952,Seattle,427.47
2014-05-29,400000.0,4.0,1.5,1390,7200,1.0,3,1965,Seattle,287.77
2014-05-29,264000.0,3.0,1.5,1470,14821,1.0,4,1958,Kent,179.59
2014-05-29,690000.0,4.0,2.5,2920,9904,2.0,4,1990,Issaquah,236.3
2014-05-29,412000.0,3.0,1.75,1950,52256,1.0,4,1985,Kent,211.28
2014-05-29,695000.0,3.0,2.5,2390,4555,2.0,3,2006,Sammamish,290.79
2014-05-29,246500.0,3.0,1.5,1270,11600,1.0,4,1964,Kent,194.09
2014-05-29,230000.0,2.0,1.0,950,7560,1.0,3,1958,Renton,242.11
2014-05-29,302000.0,2.0,1.0,900,423838,1.0,5,1925,Enumclaw,335.56
2014-05-29,820000.0,4.0,2.25,2280,6660,1.5,3,1940,Seattle,359.65
2014-05-29,145000.0,3.0,1.0,1010,5490,1.0,3,1954,SeaTac,143.56
2014-05-29,436500.0,2.0,1.0,1260,5000,1.0,3,1951,Seattle,346.43
2014-05-29,2453500.0,4.0,3.5,4730,13586,1.5,5,1935,Seattle,518.71
2014-05-29,672000.0,3.0,2.5,2620,21587,2.0,3,1992,Redmond,256.49
2014-05-29,680000.0,3.0,2.25,2330,4000,1.5,5,1927,Seattle,291.85
2014-05-29,750500.0,5.0,3.0,2170,2440,1.5,4,1911,Seattle,345.85
2014-05-29,550000.0,5.0,2.0,2450,9488,1.0,4,1900,Seattle,224.49
2014-05-29,266500.0,4.0,1.75,1880,7632,1.0,4,1978,Federal Way,141.76
2014-05-29,619000.0,4.0,2.0,2300,3400,1.5,5,1915,Seattle,269.13
2014-05-29,405000.0,3.0,2.0,1240,14404,1.0,3,1988,Redmond,326.61
2014-05-29,300000.0,2.0,1.0,820,3844,1.0,4,1916,Seattle,365.85
2014-05-29,231000.0,4.0,2.0,1530,6375,2.0,3,1942,Renton,150.98
2014-05-29,790000.0,5.0,3.25,2900,12160,1.0,4,1967,Bellevue,272.41
2014-05-29,400000.0,4.0,2.75,1240,3867,1.0,3,1987,Seattle,322.58
2014-05-29,950000.0,4.0,3.5,4140,13392,2.0,3,2000,Newcastle,229.47
2014-05-29,450000.0,4.0,2.0,2240,7725,1.0,5,1956,Seattle,200.89
2014-05-29,595000.0,3.0,2.0,1480,5000,1.0,4,1928,Seattle,402.03
2014-05-29,332000.0,3.0,2.25,2270,8876,1.0,3,1977,Renton,146.26
2014-05-29,155000.0,3.0,1.0,1250,6250,1.0,2,1949,Seattle,124.0
2014-05-29,400000.0,5.0,2.0,1930,9747,1.0,4,1962,Kenmore,207.25
2014-05-29,349000.0,4.0,1.75,1700,7800,1.0,5,1981,Renton,205.29
2014-05-29,529000.0,3.0,1.0,1590,6420,1.0,3,1944,Seattle,332.7
2014-05-29,405000.0,5.0,1.75,1880,10000,1.0,3,1963,Kirkland,215.43
2014-05-29,635200.0,4.0,1.75,1640,4240,1.0,5,1921,Seattle,387.32
2014-05-29,540000.0,3.0,1.5,2600,5085,1.0,4,1940,Seattle,207.69
2014-05-29,402000.0,2.0,1.0,710,1173,2.0,4,1943,Seattle,566.2
2014-05-29,3100000.0,6.0,4.25,6980,15682,3.0,4,1999,Mercer Island,444.13
2014-05-29,329932.0,3.0,1.5,1460,5040,1.0,3,1971,Seattle,225.98
2014-05-29,300000.0,3.0,2.5,2080,9827,2.0,3,1989,Federal Way,144.23
2014-05-29,525000.0,5.0,2.5,2630,9216,2.0,3,2003,Duvall,199.62
2014-05-29,2750000.0,4.0,3.25,4430,21000,2.0,3,1952,Medina,620.77
2014-05-29,602500.0,4.0,2.5,2760,6850,2.0,3,1999,Newcastle,218.3
2014-05-29,400000.0,4.0,2.0,1670,12056,1.0,3,1955,Kenmore,239.52
2014-05-29,445000.0,4.0,1.75,1990,4725,1.5,4,1944,Seattle,223.62
2014-05-29,525000.0,3.0,3.0,2600,5238,1.5,3,1989,Des Moines,201.92
2014-05-29,395000.0,2.0,1.0,1320,1824,1.5,4,1909,Seattle,299.24
2014-05-29,510000.0,3.0,1.5,2240,3800,2.0,3,1929,Seattle,227.68
2014-05-29,723000.0,4.0,2.25,1960,8680,1.0,4,1959,Bellevue,368.88
2014-05-29,503000.0,3.0,2.0,2590,108900,2.0,3,1988,Maple Valley,194.21
2014-05-29,672500.0,4.0,2.75,2620,6707,2.0,3,2000,Sammamish,256.68
2014-05-29,860000.0,3.0,2.5,2770,9136,2.0,3,1991,Bellevue,310.47
2014-05-29,475300.0,3.0,1.0,2110,10005,1.0,5,1924,Kirkland,225.26
2014-05-29,295000.0,4.0,2.5,2290,4539,2.0,3,2001,Renton,128.82
2014-05-29,1425000.0,4.0,4.25,4960,6000,2.5,3,1909,Seattle,287.3
2014-05-29,250000.0,2.0,1.0,1110,26051,1.0,3,1951,SeaTac,225.23
2014-05-29,658000.0,4.0,2.75,3310,6166,2.0,3,2008,Snoqualmie,198.79
2014-05-29,83000.0,2.0,1.0,900,8580,1.0,3,1918,Tukwila,92.22
2014-05-29,685000.0,3.0,1.75,1940,7313,1.0,4,1960,Seattle,353.09
2014-05-29,210000.0,3.0,1.75,1590,7617,2.0,3,1986,Des Moines,132.08
2014-05-29,650880.0,3.0,2.5,2930,6050,2.0,3,2008,Snoqualmie,222.14
2014-05-29,350000.0,4.0,2.5,2040,22653,2.0,3,2011,Seattle,171.57
2014-05-29,305000.0,2.0,2.25,1000,905,3.0,3,2006,Seattle,305.0
2014-05-29,645000.0,3.0,3.25,1730,1229,2.0,3,2008,Seattle,372.83
2014-05-30,385000.0,3.0,1.0,1220,4800,1.0,3,1901,Seattle,315.57
2014-05-30,860000.0,3.0,2.25,3060,12095,2.0,3,1983,Bellevue,281.05
2014-05-30,395000.0,4.0,2.5,2910,5000,2.0,3,2002,Covington,135.74
2014-05-30,260000.0,3.0,1.75,1050,5850,1.0,3,1980,Burien,247.62
2014-05-30,196440.0,3.0,2.0,1560,7352,1.0,3,1992,Algona,125.92
2014-05-30,425000.0,3.0,1.75,1680,3000,1.0,4,1900,Seattle,252.98
2014-05-30,2400000.0,4.0,3.25,4140,20734,1.0,3,1977,Clyde Hill,579.71
2014-05-30,369000.0,3.0,2.0,1550,8509,1.0,3,1959,Seattle,238.06
2014-05-30,1385000.0,6.0,2.75,5700,20000,1.0,4,1977,Bellevue,242.98
2014-05-30,349900.0,3.0,2.5,2200,7278,2.0,3,1990,Renton,159.05
2014-05-30,650000.0,2.0,2.5,1740,2500,2.0,3,1994,Seattle,373.56
2014-05-30,299950.0,3.0,1.0,1210,9525,1.0,3,1955,Seattle,247.89
2014-05-30,625000.0,4.0,3.25,4240,25639,2.0,3,1989,Federal Way,147.41
2014-05-30,190000.0,3.0,2.25,1590,11745,1.0,3,1978,Auburn,119.5
2014-05-30,715000.0,4.0,1.75,3420,7200,1.0,5,1947,Seattle,209.06
2014-05-30,659000.0,4.0,2.5,3190,11375,1.0,5,1946,Seattle,206.58
2014-05-30,490000.0,3.0,1.75,1920,5405,1.0,4,1947,Seattle,255.21
2014-05-30,415000.0,2.0,1.75,1340,4664,1.0,3,2004,Redmond,309.7
2014-05-30,750000.0,3.0,1.75,1700,8400,1.0,3,1947,Seattle,441.18
2014-05-30,700000.0,4.0,2.5,2310,3570,1.5,3,1927,Seattle,303.03
2014-05-30,425000.0,3.0,1.75,1510,44000,1.0,3,1989,North Bend,281.46
2014-05-30,642000.0,3.0,2.5,2670,10082,1.0,3,1987,Sammamish,240.45
2014-05-30,655000.0,4.0,2.25,2060,8470,1.0,3,1983,Bellevue,317.96
2014-05-30,1365000.0,3.0,2.5,2090,6000,1.5,4,1928,Seattle,653.11
2014-05-30,458000.0,5.0,2.5,3090,23265,1.0,3,1957,Bothell,148.22
2014-05-30,330000.0,2.0,2.5,1240,1546,2.0,3,2007,Seattle,266.13
2014-05-30,384950.0,3.0,2.5,1860,3690,2.0,3,2000,Kenmore,206.96
2014-05-30,560000.0,3.0,1.5,2000,7350,1.0,3,1953,Seattle,280.0
2014-05-30,950000.0,4.0,1.75,2500,92347,1.0,4,1970,Mercer Island,380.0
2014-05-30,465000.0,4.0,2.25,1820,20349,1.0,5,1977,Woodinville,255.49
2014-05-30,425000.0,3.0,2.25,1820,8058,1.0,3,1974,Kirkland,233.52
2014-05-30,315000.0,3.0,2.0,1060,5750,1.0,3,1981,Seattle,297.17
2014-05-30,530000.0,3.0,2.5,1950,9906,2.0,3,1988,Sammamish,271.79
2014-05-30,399000.0,2.0,1.0,940,4800,1.0,4,1911,Seattle,424.47
2014-05-30,168000.0,2.0,1.5,1220,3568,1.5,4,1976,Des Moines,137.7
2014-05-30,1886700.0,5.0,3.5,4180,17935,2.0,3,2004,Bellevue,451.36
2014-05-30,374000.0,3.0,1.0,1200,9800,1.0,4,1971,Woodinville,311.67
2014-05-30,740000.0,5.0,3.75,3990,18897,2.0,3,1937,Seattle,185.46
2014-05-30,280000.0,2.0,1.0,1880,7560,1.0,3,1919,Seattle,148.94
2014-05-30,322000.0,4.0,2.5,2280,7200,2.0,3,1994,Kent,141.23
2014-05-30,459900.0,3.0,1.75,2580,11000,1.0,4,1951,Bellevue,178.26
2014-05-30,750000.0,4.0,2.75,2600,4674,1.0,3,1976,Seattle,288.46
2014-05-30,1256500.0,4.0,2.5,3150,13700,2.0,4,1966,Mercer Island,398.89
2014-05-30,3710000.0,4.0,3.5,5550,28078,2.0,4,2000,Medina,668.47
2014-05-30,427000.0,5.0,2.75,2220,4000,1.0,3,1973,Seattle,192.34
2014-05-30,800000.0,2.0,2.25,1730,31491,2.0,4,1947,Vashon,462.43
2014-05-30,735000.0,4.0,3.0,2840,4120,1.5,4,1931,Seattle,258.8
2014-05-30,642000.0,4.0,2.5,2560,8780,2.0,3,1992,Issaquah,250.78
2014-05-30,240000.0,3.0,2.0,1330,6000,1.0,4,1900,Seattle,180.45
2014-05-30,645500.0,2.0,1.0,1890,5202,1.5,4,1909,Seattle,341.53
2014-05-30,840000.0,7.0,4.5,4290,37607,1.5,5,1982,Issaquah,195.8
2014-05-30,475000.0,2.0,2.0,1540,54450,2.0,3,1983,Redmond,308.44
2014-05-30,568000.0,4.0,2.0,2340,50233,1.0,4,1966,Sammamish,242.74
2014-05-30,325000.0,3.0,1.75,2180,10230,1.0,4,1961,Seattle,149.08
2014-05-30,825500.0,3.0,2.5,2780,11964,2.0,3,2009,Kirkland,296.94
2014-05-30,499431.0,4.0,2.75,2620,6019,2.0,3,2013,North Bend,190.62
2014-05-30,919204.0,4.0,3.5,3760,5000,2.0,3,2014,Seattle,244.47
2014-05-30,545000.0,4.0,2.5,2720,4738,2.0,3,2012,Snoqualmie,200.37
2014-05-31,660000.0,3.0,2.25,2675,40910,2.0,3,1984,Sammamish,246.73
2014-05-31,538888.0,5.0,2.75,2080,13189,2.0,3,1987,Sammamish,259.08
2014-05-31,693000.0,3.0,2.5,2460,12028,2.0,3,1996,Redmond,281.71
2014-05-31,289950.0,3.0,2.5,1960,3480,2.0,3,2004,Renton,147.93
2014-05-31,587000.0,4.0,2.5,2550,6256,2.0,3,1992,Woodinville,230.2
2014-05-31,615000.0,3.0,2.25,1760,1146,3.0,3,2014,Seattle,349.43
2014-06-01,459000.0,3.0,1.75,1620,7330,1.0,4,1974,Kirkland,283.33
2014-06-01,243000.0,3.0,1.75,1790,12000,1.0,3,1960,Des Moines,135.75
2014-06-01,1505000.0,4.0,3.5,3480,7232,2.0,3,1926,Seattle,432.47
2014-06-01,660000.0,4.0,1.75,2780,9900,2.0,4,1978,Sammamish,237.41
2014-06-01,1595000.0,5.0,3.0,3640,8239,2.0,3,1982,Bellevue,438.19
2014-06-01,250000.0,1.0,1.0,750,4000,1.0,3,1918,Seattle,333.33
2014-06-02,315000.0,3.0,1.0,960,6634,1.0,3,1952,Seattle,328.12
2014-06-02,404000.0,3.0,1.5,2030,8880,1.0,3,1963,Seattle,199.01
2014-06-02,559900.0,3.0,2.75,2930,5569,1.0,3,2004,Woodinville,191.09
2014-06-02,285000.0,2.0,2.5,1380,1073,2.0,3,2011,Seattle,206.52
2014-06-02,500000.0,3.0,2.0,1720,5525,1.0,5,1941,Seattle,290.7
2014-06-02,380000.0,2.0,1.0,1210,4800,1.0,3,1950,Seattle,314.05
2014-06-02,469000.0,3.0,1.0,950,4250,1.5,5,1948,Seattle,493.68
2014-06-02,405000.0,2.0,1.75,1710,4234,2.0,3,1920,Seattle,236.84
2014-06-02,439900.0,2.0,2.0,1410,12282,1.5,5,1909,Preston,311.99
2014-06-02,525000.0,4.0,2.5,2910,7631,2.0,3,2006,Maple Valley,180.41
2014-06-02,580000.0,4.0,2.5,2220,7064,2.0,3,1988,Issaquah,261.26
2014-06-02,1250000.0,5.0,3.25,3160,13238,2.0,5,1972,Mercer Island,395.57
2014-06-02,275000.0,3.0,2.0,1380,4500,1.0,3,2008,Maple Valley,199.28
2014-06-02,629000.0,3.0,2.0,1760,5000,1.0,5,1920,Seattle,357.39
2014-06-02,395000.0,1.0,1.0,730,3000,1.0,3,1911,Seattle,541.1
2014-06-02,965000.0,4.0,2.5,2460,5000,2.0,5,1938,Seattle,392.28
2014-06-02,820000.0,3.0,1.75,2160,6272,1.0,4,1960,Seattle,379.63
2014-06-02,661000.0,4.0,2.25,1990,4600,1.5,4,1932,Seattle,332.16
2014-06-02,789000.0,3.0,3.0,3740,39640,2.0,3,1991,Vashon,210.96
2014-06-02,668500.0,4.0,2.5,2710,5500,2.0,3,1999,Sammamish,246.68
2014-06-02,350000.0,3.0,2.5,2680,7836,2.0,3,1990,Auburn,130.6
2014-06-02,250000.0,4.0,2.0,1850,7560,1.0,4,1978,Kent,135.14
2014-06-02,725995.0,4.0,2.5,3190,7869,2.0,3,2001,Snoqualmie,227.58
2014-06-02,1000000.0,3.0,2.5,2730,5832,2.0,3,1998,Bellevue,366.3
2014-06-02,686000.0,3.0,1.5,1840,9990,2.0,5,1961,Seattle,372.83
2014-06-02,665000.0,4.0,2.5,2720,10000,2.0,3,1987,Sammamish,244.49
2014-06-02,1965221.0,4.0,3.5,4370,8510,2.0,3,2003,Bellevue,449.71
2014-06-02,653000.0,3.0,2.5,2290,3475,2.0,3,2006,Issaquah,285.15
2014-06-02,430000.0,2.0,1.0,990,4802,1.0,3,1947,Seattle,434.34
2014-06-02,305000.0,2.0,1.5,1140,2980,2.0,3,1988,Issaquah,267.54
2014-06-02,809000.0,4.0,1.5,1840,4337,2.0,4,1917,Seattle,439.67
2014-06-02,440150.0,2.0,1.0,1110,6800,1.0,5,1947,Seattle,396.53
2014-06-02,615000.0,4.0,2.5,2150,9070,2.0,4,1985,Redmond,286.05
2014-06-02,1035000.0,3.0,2.5,2230,5750,2.0,3,2003,Kirkland,464.13
2014-06-02,455000.0,2.0,1.0,1170,6000,1.0,4,1941,Seattle,388.89
2014-06-02,635000.0,3.0,2.5,1960,7200,1.0,4,1940,Seattle,323.98
2014-06-02,675000.0,3.0,2.25,2610,9002,2.0,3,1988,Redmond,258.62
2014-06-02,316000.0,3.0,2.25,2130,8721,1.0,3,1987,Kent,148.36
2014-06-02,955000.0,3.0,2.25,3020,43560,2.0,3,1969,Bellevue,316.23
2014-06-02,985000.0,3.0,1.75,1670,5400,2.0,5,1912,Seattle,589.82
2014-06-02,465500.0,3.0,1.75,1890,7004,1.0,3,1965,Seattle,246.3
2014-06-02,305000.0,3.0,1.0,950,13475,1.0,3,1950,Shoreline,321.05
2014-06-02,645000.0,4.0,2.5,2430,14400,1.0,5,1963,Bellevue,265.43
2014-06-02,730000.0,4.0,2.0,2360,6000,1.0,5,1939,Seattle,309.32
2014-06-02,366000.0,3.0,1.75,1510,8301,1.0,3,1967,Kirkland,242.38
2014-06-02,290000.0,3.0,2.5,2080,4828,2.0,3,2002,Covington,139.42
2014-06-02,472500.0,3.0,2.0,1750,15500,1.0,3,1982,Sammamish,270.0
2014-06-02,550000.0,3.0,2.0,1810,4064,1.5,3,1925,Seattle,303.87
2014-06-02,410000.0,4.0,1.75,1790,11875,1.0,4,1969,Issaquah,229.05
2014-06-02,440000.0,4.0,2.75,2340,11034,1.0,3,1967,Lake Forest Park,188.03
2014-06-02,535000.0,3.0,2.5,1690,9626,2.0,3,1984,Issaquah,316.57
2014-06-02,300000.0,4.0,2.5,2070,7476,2.0,3,2003,Auburn,144.93
2014-06-02,432500.0,3.0,2.5,2240,6396,2.0,3,2002,Snoqualmie,193.08
2014-06-02,870000.0,4.0,3.0,4500,21780,2.0,3,1980,Mercer Island,193.33
2014-06-02,492000.0,3.0,1.75,2770,39927,1.0,4,1978,Issaquah,177.62
2014-06-02,199950.0,3.0,1.0,1010,7245,1.0,3,1969,Federal Way,197.97
2014-06-02,439800.0,3.0,1.5,1120,6900,1.0,5,1956,Bellevue,392.68
2014-06-02,320000.0,5.0,2.5,3020,21441,1.0,4,1978,Kent,105.96
2014-06-02,687000.0,4.0,3.25,4400,186846,2.0,4,1993,Enumclaw,156.14
2014-06-02,345000.0,3.0,1.75,1990,5650,1.0,3,1963,Seattle,173.37
2014-06-02,274950.0,3.0,1.0,1450,8820,1.0,3,1958,Tukwila,189.62
2014-06-02,270000.0,4.0,2.5,1920,8497,2.0,3,1998,Auburn,140.62
2014-06-02,342000.0,2.0,2.5,1175,1366,2.0,3,2005,Seattle,291.06
2014-06-02,327000.0,3.0,1.5,1320,13200,1.0,3,1970,Renton,247.73
2014-06-02,610000.0,5.0,2.5,3990,3839,1.0,4,1962,Seattle,152.88
2014-06-02,455000.0,2.0,1.0,1140,5720,1.0,3,1947,Seattle,399.12
2014-06-02,540000.0,4.0,1.75,1720,4240,1.5,4,1925,Seattle,313.95
2014-06-02,411000.0,4.0,2.75,2150,9915,1.0,5,1976,Newcastle,191.16
2014-06-02,544000.0,3.0,1.5,1790,8203,1.5,3,1910,Seattle,303.91
2014-06-02,802000.0,2.0,2.5,2210,6327,1.0,3,2003,Redmond,362.9
2014-06-02,568500.0,3.0,2.75,2180,7519,1.0,4,1981,Redmond,260.78
2014-06-02,391000.0,3.0,2.25,1410,1290,2.0,3,2004,Issaquah,277.3
2014-06-02,298000.0,3.0,2.5,1950,3600,2.0,3,2010,Maple Valley,152.82
2014-06-02,400000.0,3.0,2.5,1495,936,3.0,3,2006,Seattle,267.56
2014-06-03,425000.0,3.0,2.25,1660,6000,1.0,3,1979,Seattle,256.02
2014-06-03,328500.0,3.0,2.5,1950,8130,2.0,4,1990,Kent,168.46
2014-06-03,650000.0,5.0,2.75,2550,5040,1.5,5,1902,Seattle,254.9
2014-06-03,850000.0,3.0,1.75,1370,3850,1.0,5,1911,Seattle,620.44
2014-06-03,930000.0,4.0,2.5,2200,4000,2.0,5,1908,Seattle,422.73
2014-06-03,530000.0,3.0,1.75,1250,6041,1.5,5,1942,Seattle,424.0
2014-06-03,495000.0,4.0,2.25,2220,8872,1.0,4,1961,Bellevue,222.97
2014-06-03,500000.0,3.0,1.75,1620,4200,1.0,5,1945,Seattle,308.64
2014-06-03,325000.0,3.0,1.75,2250,26337,1.0,3,1980,Auburn,144.44
2014-06-03,365000.0,3.0,2.5,1720,99916,2.0,4,1990,Kent,212.21
2014-06-03,471000.0,4.0,2.5,3030,9687,2.0,3,1998,North Bend,155.45
2014-06-03,223000.0,3.0,1.0,1030,9120,1.0,3,1961,Kent,216.5
2014-06-03,503000.0,3.0,2.5,2190,4882,2.0,3,1999,Lake Forest Park,229.68
2014-06-03,230000.0,3.0,2.0,1440,5600,1.0,4,1942,Renton,159.72
2014-06-03,550000.0,4.0,2.5,2170,9600,1.0,3,1980,Redmond,253.46
2014-06-03,1100000.0,4.0,3.75,2930,3200,1.5,5,1925,Seattle,375.43
2014-06-03,193000.0,3.0,1.5,1180,9048,1.0,3,1960,Burien,163.56
2014-06-03,590000.0,4.0,4.25,2360,57514,2.0,4,1939,Federal Way,250.0
2014-06-03,712500.0,3.0,1.5,1660,8797,1.0,4,1956,Bellevue,429.22
2014-06-03,689800.0,3.0,2.75,2390,9313,1.0,5,1942,Seattle,288.62
2014-06-03,430000.0,3.0,2.0,1360,5120,1.5,4,1924,Seattle,316.18
2014-06-03,785200.0,3.0,2.25,1840,3500,1.5,5,1910,Seattle,426.74
2014-06-03,474900.0,3.0,2.25,1800,43647,1.0,4,1976,Woodinville,263.83
2014-06-03,1070000.0,4.0,3.75,4130,12320,2.0,3,2001,Newcastle,259.08
2014-06-03,435000.0,3.0,1.75,2220,132858,1.0,3,1988,Issaquah,195.95
2014-06-03,941500.0,5.0,3.5,3490,9680,2.0,3,1980,Shoreline,269.77
2014-06-03,312000.0,4.0,2.5,1830,5175,2.0,3,2003,Maple Valley,170.49
2014-06-03,835000.0,4.0,2.75,1550,4000,1.5,3,1930,Seattle,538.71
2014-06-03,713250.0,3.0,2.0,2050,9000,1.0,4,1951,Mercer Island,347.93
2014-06-03,440000.0,2.0,1.0,1230,6600,1.0,3,1906,Seattle,357.72
2014-06-03,580135.0,4.0,2.5,3150,5886,2.0,3,2014,Renton,184.17
2014-06-03,575000.0,3.0,2.25,3800,33825,1.0,4,1976,Kent,151.32
2014-06-03,613000.0,3.0,2.5,1350,3068,2.0,3,1991,Seattle,454.07
2014-06-03,235000.0,3.0,2.0,1530,8700,1.0,4,1970,Renton,153.59
2014-06-03,660000.0,3.0,2.5,2290,2798,3.0,4,1953,Seattle,288.21
2014-06-03,280000.0,2.0,1.5,1480,15641,1.0,4,1940,Seattle,189.19
2014-06-03,268000.0,3.0,1.75,1970,10270,1.0,4,1966,Kent,136.04
2014-06-03,235000.0,2.0,1.0,720,4840,1.0,4,1947,Seattle,326.39
2014-06-03,390000.0,3.0,2.0,1080,7236,1.0,5,1947,Seattle,361.11
2014-06-03,654950.0,4.0,2.5,2790,45902,2.0,3,1987,Woodinville,234.75
2014-06-03,449500.0,5.0,2.75,2040,7488,1.0,4,1969,Kirkland,220.34
2014-06-03,150000.0,3.0,1.0,1320,8220,1.0,3,1959,Des Moines,113.64
2014-06-03,440000.0,3.0,2.25,1680,57063,2.0,4,1989,North Bend,261.9
2014-06-03,710000.0,3.0,2.0,2140,4923,1.0,4,1928,Seattle,331.78
2014-06-03,420000.0,3.0,1.75,1660,9600,1.0,3,1981,Bothell,253.01
2014-06-03,312000.0,3.0,2.25,1540,5338,1.0,5,1954,Seattle,202.6
2014-06-03,320000.0,3.0,2.0,1880,10758,1.0,5,1952,Renton,170.21
2014-06-03,235000.0,3.0,1.0,1250,15603,1.0,4,1959,Renton,188.0
2014-06-03,437000.0,5.0,2.0,2120,137565,1.5,3,1913,Vashon,206.13
2014-06-03,545000.0,3.0,1.75,1810,3000,1.5,4,1903,Seattle,301.1
2014-06-03,640000.0,3.0,2.5,2370,11172,2.0,3,1993,Newcastle,270.04
2014-06-03,432000.0,3.0,2.5,1970,4036,2.0,4,2003,Snoqualmie,219.29
2014-06-03,548000.0,3.0,2.5,2110,4099,2.0,3,2001,Woodinville,259.72
2014-06-03,830000.0,3.0,3.0,2080,10521,1.5,3,2004,Kirkland,399.04
2014-06-03,875000.0,4.0,2.25,3720,12384,1.0,5,1970,Sammamish,235.22
2014-06-03,409950.0,2.0,1.75,1370,5125,1.0,5,1944,Seattle,299.23
2014-06-03,695000.0,4.0,2.5,2961,12146,2.0,3,1998,Sammamish,234.72
2014-06-03,562100.0,3.0,2.25,2090,12112,2.0,3,1983,Redmond,268.95
2014-06-03,475000.0,3.0,2.5,2600,7210,2.0,3,1989,Renton,182.69
2014-06-03,425000.0,3.0,2.25,1870,9000,1.0,3,1978,Bothell,227.27
2014-06-03,600000.0,4.0,2.5,2620,9873,2.0,3,1987,Issaquah,229.01
2014-06-03,770000.0,3.0,2.5,2430,54059,2.0,3,1987,Issaquah,316.87
2014-06-03,239000.0,3.0,1.75,1340,16480,1.0,4,1968,Kent,178.36
2014-06-03,295000.0,2.0,1.0,1170,10621,1.0,3,1963,North Bend,252.14
2014-06-03,560000.0,3.0,1.75,2000,10182,1.0,5,1963,Kirkland,280.0
2014-06-03,613000.0,5.0,2.5,2070,12000,1.0,4,1967,Bellevue,296.14
2014-06-03,960000.0,4.0,3.0,4590,9150,2.0,3,1981,Seattle,209.15
2014-06-03,847000.0,5.0,1.0,2550,4623,2.5,4,1905,Seattle,332.16
2014-06-03,206000.0,3.0,1.0,1060,9600,1.0,4,1962,Federal Way,194.34
2014-06-03,253000.0,2.0,1.75,1220,5000,1.0,5,1921,Renton,207.38
2014-06-03,430000.0,4.0,2.25,1790,7203,1.0,4,1973,Lake Forest Park,240.22
2014-06-03,605000.0,3.0,2.0,2060,4040,1.0,4,1947,Seattle,293.69
2014-06-03,425000.0,2.0,2.5,1140,1182,3.0,3,2007,Seattle,372.81
2014-06-03,720000.0,4.0,2.5,2870,12648,2.0,4,1986,Issaquah,250.87
2014-06-03,375900.0,6.0,1.5,2550,33740,1.0,4,1958,Federal Way,147.41
2014-06-03,1298000.0,4.0,3.5,2790,10125,1.5,5,1985,Mercer Island,465.23
2014-06-03,210000.0,3.0,1.0,1110,7962,1.0,3,1962,Seattle,189.19
2014-06-03,234000.0,2.0,1.0,940,5375,1.0,4,1952,Des Moines,248.94
2014-06-03,285000.0,3.0,1.75,2880,18296,1.0,3,1958,Tukwila,98.96
2014-06-03,400000.0,3.0,1.5,1200,4800,1.0,4,1962,Bellevue,333.33
2014-06-03,718000.0,3.0,1.0,1030,4958,1.0,5,1952,Seattle,697.09
2014-06-03,174500.0,2.0,2.5,1240,2689,2.0,3,1986,Federal Way,140.73
2014-06-03,222400.0,3.0,2.0,1200,9566,1.0,3,1995,Pacific,185.33
2014-06-03,402500.0,3.0,3.25,2780,4002,2.0,3,2009,Duvall,144.78
2014-06-03,250000.0,3.0,2.25,1765,7652,2.0,3,1996,Federal Way,141.64
2014-06-03,600000.0,4.0,2.5,1960,14242,1.0,4,1958,Burien,306.12
2014-06-03,930000.0,2.0,2.5,2680,11214,1.0,3,2006,Redmond,347.01
2014-06-03,272500.0,3.0,2.0,1410,7622,1.0,4,1983,Renton,193.26
2014-06-03,363990.0,4.0,2.5,2240,3712,2.0,3,2014,Maple Valley,162.5
2014-06-03,575000.0,4.0,2.75,3120,7644,2.0,3,2010,Snoqualmie,184.29
2014-06-03,400000.0,3.0,2.25,1450,4706,2.0,3,2009,Kenmore,275.86
2014-06-03,427874.0,3.0,3.0,2340,5002,2.0,3,2013,North Bend,182.85
2014-06-03,309000.0,5.0,2.75,2481,4045,2.0,3,2014,Auburn,124.55
2014-06-03,320000.0,3.0,3.25,1530,1602,2.0,3,2013,Seattle,209.15
2014-06-04,390000.0,3.0,2.25,1250,7500,1.0,5,1942,Seattle,312.0
2014-06-04,299000.0,1.0,0.75,560,12120,1.0,3,1967,Carnation,533.93
2014-06-04,375000.0,4.0,1.75,2200,7475,1.0,5,1955,Seattle,170.45
2014-06-04,240500.0,3.0,1.75,1460,10584,1.0,3,1997,Seattle,164.73
2014-06-04,320000.0,3.0,1.5,1650,9380,1.0,5,1978,Renton,193.94
2014-06-04,1270000.0,5.0,2.5,3200,17204,1.0,3,1952,Bellevue,396.88
2014-06-04,658588.0,3.0,2.25,2560,41346,2.0,3,1986,Issaquah,257.26
2014-06-04,270000.0,3.0,2.25,2080,4252,1.5,3,2003,Kent,129.81
2014-06-04,327500.0,3.0,1.0,1070,7140,1.0,3,1989,Seattle,306.07
2014-06-04,340000.0,3.0,1.75,2190,12626,2.0,4,1978,Kent,155.25
2014-06-04,200000.0,3.0,1.5,2060,15837,1.5,3,1903,Renton,97.09
2014-06-04,1025000.0,3.0,1.75,2640,8000,1.0,4,1960,Mercer Island,388.26
2014-06-04,275000.0,3.0,2.5,1720,8755,1.0,3,1983,Federal Way,159.88
2014-06-04,1126000.0,5.0,3.5,3880,13885,2.0,4,1979,Bellevue,290.21
2014-06-04,280000.0,2.0,1.0,960,4920,1.0,3,1942,Seattle,291.67
2014-06-04,485000.0,3.0,2.5,2340,59058,1.0,3,1985,Maple Valley,207.26
2014-06-04,1901000.0,3.0,2.5,2660,13367,2.0,3,1992,Yarrow Point,714.66
2014-06-04,865000.0,3.0,1.75,2090,4725,2.0,3,1947,Seattle,413.88
2014-06-04,532000.0,3.0,2.5,1820,4910,2.0,3,1993,Issaquah,292.31
2014-06-04,364950.0,4.0,2.5,2310,8030,2.0,3,1978,Duvall,157.99
2014-06-04,212500.0,3.0,1.0,920,14400,1.0,4,1977,Auburn,230.98
2014-06-04,135000.0,1.0,1.0,790,13062,1.0,3,1942,Seattle,170.89
2014-06-04,437000.0,2.0,1.75,1500,6800,1.0,4,1942,Seattle,291.33
2014-06-04,390000.0,3.0,1.0,1240,11108,1.0,4,1952,Normandy Park,314.52
2014-06-04,760000.0,4.0,2.5,2730,36183,2.0,3,1986,Redmond,278.39
2014-06-04,119500.0,3.0,1.0,1170,11000,1.0,2,1980,Duvall,102.14
2014-06-04,2400000.0,5.0,3.25,3410,9088,2.0,3,1912,Seattle,703.81
2014-06-04,837500.0,4.0,2.5,2700,9320,2.0,4,1994,Kirkland,310.19
2014-06-04,327500.0,4.0,1.75,1650,7800,1.0,3,1968,Renton,198.48
2014-06-04,175000.0,2.0,1.0,670,2378,1.0,3,1919,Seattle,261.19
2014-06-04,289950.0,3.0,2.0,1670,7757,1.0,3,1992,Kent,173.62
2014-06-04,400000.0,3.0,1.75,1530,10731,1.0,3,1986,Kenmore,261.44
2014-06-04,219950.0,3.0,2.25,1500,7615,1.0,3,1984,Federal Way,146.63
2014-06-04,161700.0,4.0,1.75,1720,7200,1.0,3,1974,Federal Way,94.01
2014-06-04,500000.0,5.0,3.0,2920,11440,2.0,3,2003,Shoreline,171.23
2014-06-04,465000.0,3.0,1.0,910,4500,1.0,3,1948,Seattle,510.99
2014-06-04,540000.0,3.0,1.0,1050,4160,1.0,4,1925,Seattle,514.29
2014-06-04,525000.0,3.0,2.0,1540,7800,1.0,3,2004,Seattle,340.91
2014-06-04,324950.0,3.0,1.0,1210,7440,1.0,3,1949,Shoreline,268.55
2014-06-04,565000.0,5.0,2.5,2650,11455,1.0,3,1961,Bellevue,213.21
2014-06-04,760500.0,3.0,2.0,1990,3990,1.0,5,1912,Seattle,382.16
2014-06-04,1100000.0,5.0,2.75,2660,8737,1.0,5,1969,Bellevue,413.53
2014-06-04,603500.0,4.0,2.5,4060,9734,1.0,3,1977,Kenmore,148.65
2014-06-04,453500.0,5.0,2.5,2300,23345,1.0,5,1967,Renton,197.17
2014-06-04,583000.0,6.0,2.75,2630,16411,1.0,4,1974,Redmond,221.67
2014-06-04,275000.0,2.0,1.0,770,8149,1.0,5,1948,Shoreline,357.14
2014-06-04,875000.0,4.0,2.75,3790,10669,2.0,3,1999,Sammamish,230.87
2014-06-04,335000.0,4.0,2.75,2540,7210,1.0,4,1979,Renton,131.89
2014-06-04,646000.0,4.0,2.25,2500,8500,1.0,4,1978,Bellevue,258.4
2014-06-04,392500.0,4.0,2.5,2150,7303,2.0,3,2005,Renton,182.56
2014-06-04,785000.0,3.0,1.75,1670,9600,1.0,5,1961,Mercer Island,470.06
2014-06-04,470000.0,3.0,2.0,1800,12669,1.0,3,1956,Kirkland,261.11
2014-06-04,560000.0,3.0,2.5,2070,12708,2.0,3,1996,Newcastle,270.53
2014-06-04,519000.0,2.0,1.0,830,2820,1.0,4,1920,Seattle,625.3
2014-06-04,746000.0,3.0,2.25,2370,9619,1.0,4,1973,Redmond,314.77
2014-06-04,317000.0,3.0,1.0,1010,5400,1.0,3,1959,Seattle,313.86
2014-06-04,371000.0,3.0,1.5,1420,4500,1.0,3,1959,Seattle,261.27
2014-06-04,250000.0,4.0,2.0,2120,8701,1.5,4,1960,Des Moines,117.92
2014-06-04,532000.0,4.0,1.75,2020,7029,1.0,4,1979,Redmond,263.37
2014-06-04,499950.0,3.0,2.5,1520,2208,2.0,3,2007,Seattle,328.91
2014-06-04,375000.0,2.0,1.0,820,6250,1.0,4,1922,Seattle,457.32
2014-06-04,640000.0,3.0,2.5,1690,1553,2.5,3,2007,Seattle,378.7
2014-06-04,400000.0,3.0,2.0,2260,11305,1.0,3,1986,Renton,176.99
2014-06-04,572000.0,3.0,2.25,1830,7897,1.0,4,1986,Redmond,312.57
2014-06-04,310000.0,3.0,2.0,1350,11150,1.0,3,1995,North Bend,229.63
2014-06-04,989000.0,5.0,3.5,3280,4000,2.0,3,2003,Seattle,301.52
2014-06-04,685000.0,4.0,2.5,2770,45514,2.0,4,1989,Woodinville,247.29
2014-06-04,907500.0,4.0,2.5,2770,8642,2.0,4,1987,Bellevue,327.62
2014-06-04,427500.0,4.0,2.5,2460,5091,2.0,3,2003,Renton,173.78
2014-06-04,860000.0,3.0,3.25,4720,32467,2.0,3,1998,Renton,182.2
2014-06-04,365000.0,2.0,1.0,1250,8100,1.0,4,1947,Seattle,292.0
2014-06-04,250500.0,3.0,2.0,1710,7225,2.0,4,1988,Federal Way,146.49
2014-06-04,411715.0,3.0,1.75,1840,5101,1.0,5,1952,Seattle,223.76
2014-06-04,415000.0,4.0,2.5,2000,5962,2.0,3,1999,Shoreline,207.5
2014-06-04,129000.0,1.0,1.0,650,15364,1.0,4,1967,Kent,198.46
2014-06-04,489000.0,3.0,1.5,1020,9072,1.0,3,1930,Seattle,479.41
2014-06-04,170000.0,2.0,1.0,1500,18540,1.0,3,1950,Tukwila,113.33
2014-06-04,418500.0,3.0,2.5,2060,4399,2.0,3,2007,Snoqualmie,203.16
2014-06-04,261000.0,3.0,1.5,1810,29308,1.0,3,1983,Covington,144.2
2014-06-04,2005000.0,6.0,4.5,3810,28176,1.0,5,1969,Shoreline,526.25
2014-06-04,355000.0,2.0,1.75,1650,4000,1.0,4,1947,Seattle,215.15
2014-06-04,742000.0,3.0,3.25,1540,704,3.0,3,2011,Seattle,481.82
2014-06-04,399950.0,3.0,1.5,2080,5244,1.0,3,1959,Seattle,192.28
2014-06-04,791000.0,3.0,2.25,2430,5500,2.0,3,1989,Kirkland,325.51
2014-06-04,190000.0,5.0,2.0,1750,10284,1.0,4,1943,Renton,108.57
2014-06-04,229500.0,3.0,1.75,1770,33224,1.0,4,1968,Auburn,129.66
2014-06-04,539000.0,3.0,2.5,1710,2300,2.0,3,2005,Redmond,315.2
2014-06-04,549000.0,4.0,2.25,2740,88426,2.0,3,1991,Issaquah,200.36
2014-06-04,545000.0,5.0,2.5,2730,17240,1.0,5,1958,Kenmore,199.63
2014-06-04,285000.0,3.0,2.5,2437,5136,2.0,3,2011,Auburn,116.95
2014-06-04,648000.0,4.0,2.5,3290,6203,2.0,3,2008,Snoqualmie,196.96
2014-06-04,610000.0,4.0,3.5,2910,5260,2.0,3,2012,Snoqualmie,209.62
2014-06-04,767450.0,3.0,2.0,1630,7599,1.0,3,2006,Seattle,470.83
2014-06-04,765000.0,4.0,3.0,4410,5104,2.0,3,2006,Snoqualmie,173.47
2014-06-04,586500.0,3.0,2.5,1780,1487,3.0,3,2006,Seattle,329.49
2014-06-04,520000.0,3.0,3.25,1540,1487,2.0,3,2011,Issaquah,337.66
2014-06-04,455000.0,3.0,1.75,1420,1189,3.0,3,2006,Seattle,320.42
2014-06-05,653000.0,3.0,2.5,2680,9750,1.0,4,1979,Kirkland,243.66
2014-06-05,279950.0,3.0,2.0,1750,9750,1.0,3,1961,Des Moines,159.97
2014-06-05,449950.0,3.0,2.5,2170,4912,2.0,3,2003,Kenmore,207.35
2014-06-05,565000.0,3.0,2.75,2390,9966,1.0,5,1977,Bellevue,236.4
2014-06-05,620000.0,4.0,2.25,2400,5350,1.5,4,1929,Seattle,258.33
2014-06-05,269000.0,3.0,1.0,1690,4250,1.0,3,1967,Seattle,159.17
2014-06-05,875000.0,3.0,3.5,3250,6000,2.0,3,2001,Seattle,269.23
2014-06-05,630000.0,4.0,3.75,4610,40202,1.0,4,1980,Issaquah,136.66
2014-06-05,425000.0,4.0,2.75,2440,15349,2.0,4,1957,Des Moines,174.18
2014-06-05,647500.0,3.0,1.75,1290,3870,1.0,5,1916,Seattle,501.94
2014-06-05,450000.0,4.0,1.0,2000,4676,1.5,3,1916,Seattle,225.0
2014-06-05,440000.0,3.0,1.0,1050,7500,1.0,3,1900,Seattle,419.05
2014-06-05,445000.0,4.0,2.5,2340,3784,2.0,3,2008,Seattle,190.17
2014-06-05,530000.0,4.0,2.25,2210,7665,2.0,4,1968,Bellevue,239.82
2014-06-05,875000.0,5.0,2.5,2920,5568,2.0,3,1906,Seattle,299.66
2014-06-05,685000.0,3.0,2.75,3150,219978,2.0,4,1990,Preston,217.46
2014-06-05,798000.0,3.0,3.5,3590,6402,2.0,3,1999,Sammamish,222.28
2014-06-05,297500.0,4.0,2.5,1910,5000,2.0,3,2005,Maple Valley,155.76
2014-06-05,749950.0,4.0,2.75,3110,35235,2.0,4,1983,Woodinville,241.14
2014-06-05,495000.0,5.0,3.0,2440,4750,1.0,3,2006,Seattle,202.87
2014-06-05,540000.0,4.0,2.25,1330,8400,1.5,3,1962,Bellevue,406.02
2014-06-05,395000.0,3.0,1.75,1460,22651,1.0,4,1961,Issaquah,270.55
2014-06-05,1300000.0,6.0,4.5,3902,3880,3.0,4,1977,Seattle,333.16
2014-06-05,1075000.0,5.0,4.75,5180,17811,2.0,3,2001,Snoqualmie,207.53
2014-06-05,214100.0,2.0,2.5,1150,2064,2.0,3,2004,Auburn,186.17
2014-06-05,210000.0,4.0,1.5,1920,10403,1.0,3,1959,Federal Way,109.38
2014-06-05,499500.0,3.0,2.5,2520,53143,1.5,3,1988,Duvall,198.21
2014-06-05,546000.0,2.0,1.0,970,3400,1.0,3,1924,Seattle,562.89
2014-06-05,292000.0,5.0,2.5,2490,7666,1.0,4,1989,Kent,117.27
2014-06-05,289000.0,3.0,2.0,1680,8424,1.0,3,1993,Enumclaw,172.02
2014-06-05,240000.0,3.0,1.0,1150,4825,1.0,4,1957,Issaquah,208.7
2014-06-05,395000.0,4.0,3.0,1980,7931,1.0,4,1983,Shoreline,199.49
2014-06-05,795000.0,4.0,2.25,2070,13084,1.0,4,1967,Mercer Island,384.06
2014-06-05,955000.0,4.0,4.25,5660,193593,2.0,3,2001,Duvall,168.73
2014-06-05,725000.0,4.0,2.75,2420,10962,1.0,3,1977,Bellevue,299.59
2014-06-05,335000.0,4.0,2.5,2610,4781,2.0,3,2009,Auburn,128.35
2014-06-05,492000.0,4.0,3.75,2810,10840,2.0,4,1994,North Bend,175.09
2014-06-05,250000.0,3.0,2.5,1510,10384,1.0,2,1976,Woodinville,165.56
2014-06-05,700000.0,3.0,1.75,1910,4800,1.0,3,1959,Seattle,366.49
2014-06-05,545000.0,3.0,1.75,1700,51649,1.5,5,1931,Renton,320.59
2014-06-05,555000.0,4.0,2.75,2020,10720,1.0,4,1976,Redmond,274.75
2014-06-05,640000.0,3.0,1.75,2340,4206,1.0,5,1917,Seattle,273.5
2014-06-05,390000.0,3.0,2.0,1463,868,3.0,3,2003,Seattle,266.58
2014-06-05,466500.0,3.0,1.0,1430,3840,1.0,3,1945,Seattle,326.22
2014-06-05,372500.0,3.0,1.5,1180,12324,1.0,3,1981,Sammamish,315.68
2014-06-05,1800000.0,5.0,4.5,4400,15580,2.0,3,2003,Bellevue,409.09
2014-06-05,255000.0,3.0,2.5,1610,6176,2.0,3,1994,Kent,158.39
2014-06-05,466800.0,3.0,2.5,1480,14250,2.0,3,1996,Kirkland,315.41
2014-06-05,749000.0,3.0,2.5,2670,10338,2.0,3,1987,Bellevue,280.52
2014-06-05,610000.0,4.0,1.75,1830,29110,2.0,3,1990,Mercer Island,333.33
2014-06-05,356000.0,2.0,1.0,920,4095,1.0,4,1914,Seattle,386.96
2014-06-05,165000.0,3.0,1.0,1150,19200,1.0,4,1908,Auburn,143.48
2014-06-05,229000.0,2.0,1.0,1190,7408,1.0,3,1941,Seattle,192.44
2014-06-05,530000.0,4.0,3.25,4160,35654,2.0,3,1973,Issaquah,127.4
2014-06-05,499950.0,3.0,2.5,2370,12753,2.0,3,2001,Duvall,210.95
2014-06-05,619000.0,4.0,1.75,1660,3800,1.5,3,1926,Seattle,372.89
2014-06-05,547000.0,3.0,2.5,1480,8381,1.0,4,1968,Seattle,369.59
2014-06-05,359800.0,4.0,2.5,2390,6426,2.0,3,1999,Auburn,150.54
2014-06-05,499000.0,3.0,3.5,1690,1432,2.0,3,2008,Seattle,295.27
2014-06-05,189000.0,3.0,1.0,1010,7560,1.0,3,1958,Renton,187.13
2014-06-05,799000.0,4.0,3.5,3500,8547,2.0,3,1994,Bellevue,228.29
2014-06-05,257000.0,4.0,2.75,2330,7642,1.0,3,1990,Federal Way,110.3
2014-06-05,270000.0,3.0,1.5,1890,9450,1.0,3,1957,Burien,142.86
2014-06-05,453500.0,4.0,1.75,2000,6032,1.0,3,1959,Seattle,226.75
2014-06-05,237000.0,3.0,1.0,1130,10650,1.0,3,1954,SeaTac,209.73
2014-06-05,456000.0,4.0,1.75,1670,9886,1.0,5,1947,Seattle,273.05
2014-06-05,355500.0,3.0,2.5,2600,5540,2.0,3,2004,Maple Valley,136.73
2014-06-05,299950.0,4.0,1.75,1560,31299,1.0,4,1965,Auburn,192.28
2014-06-05,335000.0,3.0,2.0,1170,5360,1.0,3,1919,Seattle,286.32
2014-06-05,268500.0,4.0,2.5,2100,4237,2.0,3,2006,Kent,127.86
2014-06-05,385000.0,3.0,2.25,1710,11500,1.0,3,1978,Kenmore,225.15
2014-06-05,376000.0,4.0,2.75,2420,5773,2.0,3,2005,Maple Valley,155.37
2014-06-05,605004.0,4.0,2.0,1370,4000,2.0,3,1951,Seattle,441.61
2014-06-05,886000.0,4.0,2.0,2660,3900,1.5,4,1923,Seattle,333.08
2014-06-05,560000.0,4.0,2.5,2260,3713,2.0,3,2003,Kirkland,247.79
2014-06-05,343000.0,4.0,2.5,2070,4500,2.0,3,2004,Maple Valley,165.7
2014-06-05,1415000.0,4.0,5.25,4670,43950,2.0,3,1989,Bellevue,303.0
2014-06-05,270000.0,3.0,1.0,1500,13500,1.0,4,1968,Renton,180.0
2014-06-05,411605.0,4.0,2.5,2658,3960,2.0,3,2014,Auburn,154.86
2014-06-05,550000.0,4.0,2.5,2700,5150,2.0,3,2007,Renton,203.7
2014-06-05,465000.0,3.0,2.25,1530,1245,2.0,3,2014,Seattle,303.92
2014-06-05,584000.0,3.0,2.5,1480,1485,2.0,3,2007,Seattle,394.59
2014-06-05,275000.0,3.0,3.0,1390,1080,2.0,3,2006,Seattle,197.84
2014-06-05,324500.0,3.0,2.5,1660,3990,2.0,3,2009,Seattle,195.48
2014-06-05,700000.0,3.0,2.5,2050,4185,2.0,3,2011,Seattle,341.46
2014-06-06,385200.0,4.0,1.0,1550,7740,1.5,3,1954,Seattle,248.52
2014-06-06,270000.0,4.0,2.25,1900,8600,1.0,4,1975,Federal Way,142.11
2014-06-06,735000.0,4.0,2.5,2820,6180,2.0,3,2013,Seattle,260.64
2014-06-06,389250.0,2.0,1.5,1490,4080,1.0,3,1956,Seattle,261.24
2014-06-06,315000.0,3.0,1.5,1750,12500,1.0,3,1954,Fall City,180.0
2014-06-06,545000.0,4.0,2.5,2040,6034,2.0,3,1990,Seattle,267.16
2014-06-06,550000.0,3.0,1.5,1900,5000,1.5,3,1926,Seattle,289.47
2014-06-06,415000.0,3.0,1.75,1910,12596,1.0,3,1977,Woodinville,217.28
2014-06-06,387500.0,3.0,1.0,1560,14333,1.0,4,1953,Normandy Park,248.4
2014-06-06,432000.0,3.0,1.75,1470,6250,1.0,4,1939,Lake Forest Park,293.88
2014-06-06,402000.0,3.0,2.5,2700,9994,1.0,4,1959,Des Moines,148.89
2014-06-06,1035000.0,4.0,3.25,3450,11240,2.0,4,1960,Burien,300.0
2014-06-06,294700.0,3.0,2.0,1970,9600,1.0,4,1967,Federal Way,149.59
2014-06-06,744000.0,3.0,2.5,2670,12187,2.0,3,1986,Redmond,278.65
2014-06-06,715000.0,3.0,2.5,2550,13458,2.0,3,1990,Bellevue,280.39
2014-06-06,500000.0,4.0,1.0,1720,4011,1.5,4,1904,Seattle,290.7
2014-06-06,1300000.0,4.0,4.0,4270,6002,2.0,3,2004,Issaquah,304.45
2014-06-06,1150000.0,3.0,1.5,2170,16600,1.0,3,1979,Redmond,529.95
2014-06-06,650000.0,4.0,2.5,2840,9354,2.0,3,1990,Sammamish,228.87
2014-06-06,435000.0,4.0,2.75,3270,50994,2.0,4,1983,Kent,133.03
2014-06-06,510000.0,3.0,1.75,1480,7040,1.0,3,1974,Kirkland,344.59
2014-06-06,525000.0,5.0,2.75,2440,8000,1.0,4,1972,Kirkland,215.16
2014-06-06,920000.0,4.0,2.75,2880,5750,1.5,5,1928,Seattle,319.44
2014-06-06,200000.0,2.0,1.0,1730,9610,1.0,3,1962,Auburn,115.61
2014-06-06,435000.0,2.0,1.0,1260,4080,1.5,5,1926,Seattle,345.24
2014-06-06,809950.0,4.0,2.0,2230,9900,1.5,5,1959,Bellevue,363.21
2014-06-06,1370000.0,2.0,2.25,2460,16940,1.5,4,1936,Seattle,556.91
2014-06-06,455000.0,4.0,1.75,2050,94525,1.0,4,1959,Renton,221.95
2014-06-06,471000.0,3.0,2.5,2030,2805,2.0,3,2001,Issaquah,232.02
2014-06-06,253500.0,2.0,1.0,810,4800,1.0,3,1948,Seattle,312.96
2014-06-06,185000.0,3.0,1.0,1840,8100,1.0,4,1953,Burien,100.54
2014-06-06,535500.0,3.0,1.5,1730,40250,2.0,4,1983,Woodinville,309.54
2014-06-06,835000.0,2.0,2.0,2280,6815,1.0,3,2002,Redmond,366.23
2014-06-06,589500.0,4.0,2.5,2630,6326,2.0,3,2008,Snoqualmie,224.14
2014-06-06,680000.0,3.0,2.25,2270,23900,1.0,3,1975,Shoreline,299.56
2014-06-06,360000.0,3.0,1.75,1020,7020,1.5,4,1953,Shoreline,352.94
2014-06-06,595000.0,4.0,2.5,1990,2175,2.0,3,2005,Seattle,298.99
2014-06-06,300000.0,4.0,2.5,2680,15508,2.0,3,1999,Federal Way,111.94
2014-06-06,660000.0,3.0,1.75,1980,3300,1.5,4,1926,Seattle,333.33
2014-06-06,570000.0,3.0,2.5,2400,6975,2.0,3,1993,Newcastle,237.5
2014-06-06,285000.0,2.0,1.0,780,5000,1.0,4,1943,Seattle,365.38
2014-06-06,435000.0,3.0,2.0,980,5000,1.0,3,1940,Seattle,443.88
2014-06-06,160000.0,3.0,1.0,1210,103237,1.0,2,1918,Vashon,132.23
2014-06-06,805000.0,5.0,2.5,4600,19831,1.0,3,1956,Shoreline,175.0
2014-06-06,450000.0,3.0,2.5,1480,1961,2.0,3,2005,Issaquah,304.05
2014-06-06,510000.0,4.0,1.5,1320,14250,1.0,4,1954,Kirkland,386.36
2014-06-06,1120000.0,5.0,2.75,4400,18500,1.0,5,1963,Kenmore,254.55
2014-06-06,1280000.0,4.0,3.5,3010,3600,2.0,3,1999,Seattle,425.25
2014-06-06,539000.0,3.0,2.0,2260,9568,1.0,3,1985,Sammamish,238.5
2014-06-06,407193.0,4.0,2.0,1880,14653,2.0,3,1978,Carnation,216.59
2014-06-06,320000.0,3.0,1.75,1370,9900,1.0,4,1983,Milton,233.58
2014-06-06,739000.0,4.0,3.0,2720,3800,2.0,5,1919,Seattle,271.69
2014-06-06,452000.0,2.0,1.75,1740,5400,1.0,4,1946,Seattle,259.77
2014-06-06,600000.0,4.0,2.5,2560,5593,2.0,3,2001,Redmond,234.38
2014-06-06,279000.0,5.0,2.5,2690,5557,2.0,3,2012,Seattle,103.72
2014-06-06,895000.0,4.0,3.0,3240,5562,2.0,3,2013,Sammamish,276.23
2014-06-06,585000.0,4.0,2.5,2430,4747,2.0,3,2008,Issaquah,240.74
2014-06-06,405000.0,2.0,2.0,1405,1073,2.0,3,2007,Seattle,288.26
2014-06-06,837219.0,5.0,2.75,3030,7679,2.0,3,2014,Sammamish,276.31
2014-06-06,969990.0,4.0,2.5,4150,8436,2.0,3,2014,Sammamish,233.73
2014-06-07,490000.0,3.0,3.0,1730,2940,3.0,3,1985,Seattle,283.24
2014-06-07,611000.0,6.0,2.5,3820,53173,1.0,4,1974,Issaquah,159.95
2014-06-07,462000.0,4.0,2.5,3070,6432,2.0,3,2006,Renton,150.49
2014-06-08,540000.0,4.0,2.5,1780,4169,2.0,3,1994,Issaquah,303.37
2014-06-08,260000.0,4.0,2.5,1811,4381,2.0,3,2007,Renton,143.57
2014-06-08,510000.0,4.0,2.25,2450,62290,2.0,3,1976,Woodinville,208.16
2014-06-08,567500.0,3.0,2.5,2300,7398,2.0,3,2001,Snoqualmie,246.74
2014-06-08,445000.0,2.0,1.0,1440,3225,1.0,3,1915,Seattle,309.03
2014-06-08,684680.0,4.0,2.25,2370,9360,2.0,4,1979,Redmond,288.89
2014-06-08,2700000.0,4.0,3.25,4420,7850,2.0,3,2001,Bellevue,610.86
2014-06-08,455000.0,3.0,1.0,1300,3550,1.5,3,1927,Seattle,350.0
2014-06-08,540000.0,5.0,3.0,2870,4369,2.0,3,2007,Bothell,188.15
2014-06-08,530000.0,3.0,2.75,3400,7200,2.0,3,2009,Renton,155.88
2014-06-09,410000.0,3.0,1.0,1410,5060,1.0,4,1956,Seattle,290.78
2014-06-09,450000.0,3.0,1.75,1640,13500,1.0,3,1940,Seattle,274.39
2014-06-09,609900.0,4.0,2.5,3190,7399,2.0,3,2006,Maple Valley,191.19
2014-06-09,648000.0,4.0,2.5,2380,13435,2.0,3,1992,Issaquah,272.27
2014-06-09,550000.0,3.0,2.5,2260,4165,2.0,3,2005,Sammamish,243.36
2014-06-09,347000.0,3.0,1.75,1240,8050,1.0,4,1978,Sammamish,279.84
2014-06-09,1635000.0,5.0,3.5,4220,26784,1.0,3,1958,Bellevue,387.44
2014-06-09,1339000.0,4.0,2.5,4250,19387,2.0,4,1972,Mercer Island,315.06
2014-06-09,288350.0,3.0,1.5,1860,7963,1.0,3,1963,Tukwila,155.03
2014-06-09,1150000.0,3.0,2.5,2850,10474,1.0,4,1954,Bellevue,403.51
2014-06-09,525000.0,3.0,3.0,2470,36445,2.0,4,1980,Issaquah,212.55
2014-06-09,250250.0,3.0,2.25,2210,8000,2.0,4,1969,Federal Way,113.24
2014-06-09,341000.0,4.0,1.75,1920,7665,1.0,4,1975,Renton,177.6
2014-06-09,700000.0,4.0,3.0,3150,7778,2.0,3,2000,Sammamish,222.22
2014-06-09,390000.0,4.0,1.75,2700,7875,1.5,4,1968,Renton,144.44
2014-06-09,539950.0,3.0,2.25,2190,7149,1.0,4,1963,Renton,246.55
2014-06-09,552000.0,2.0,2.5,1380,951,3.0,3,2006,Seattle,400.0
2014-06-09,250000.0,5.0,1.5,2520,5753,1.5,4,1928,Enumclaw,99.21
2014-06-09,502000.0,3.0,1.75,1300,8800,1.0,4,1963,Bellevue,386.15
2014-06-09,480000.0,4.0,1.75,2220,6500,2.0,4,1964,Burien,216.22
2014-06-09,378500.0,2.0,1.0,730,7528,1.0,3,1946,Seattle,518.49
2014-06-09,1350000.0,4.0,3.25,3300,15907,2.0,5,1985,Mercer Island,409.09
2014-06-09,1900000.0,4.0,3.25,4130,112521,2.0,3,1978,Bellevue,460.05
2014-06-09,605000.0,3.0,2.5,2670,47480,2.0,3,1981,Woodinville,226.59
2014-06-09,307550.0,4.0,2.5,1980,5909,2.0,3,2003,Kent,155.33
2014-06-09,304700.0,2.0,1.0,740,5995,1.0,4,1949,Seattle,411.76
2014-06-09,568000.0,3.0,1.75,2050,3520,1.0,4,1977,Seattle,277.07
2014-06-09,385000.0,3.0,1.75,1230,7500,1.0,3,1987,Kirkland,313.01
2014-06-09,345000.0,3.0,2.5,1210,1420,3.0,3,2008,Seattle,285.12
2014-06-09,435000.0,3.0,2.25,1890,7200,1.0,4,1973,Seattle,230.16
2014-06-09,579000.0,2.0,2.0,1870,6275,1.0,3,2003,Redmond,309.63
2014-06-09,236000.0,3.0,1.75,1330,6301,1.0,3,1998,Auburn,177.44
2014-06-09,305100.0,3.0,2.0,1590,35988,1.0,4,1974,Renton,191.89
2014-06-09,368000.0,3.0,1.75,1710,10800,1.0,4,1958,Kenmore,215.2
2014-06-09,255000.0,2.0,1.0,1200,9000,1.0,5,1917,Des Moines,212.5
2014-06-09,400000.0,2.0,1.0,1140,5100,1.0,3,1942,Seattle,350.88
2014-06-09,440000.0,3.0,1.75,2240,8153,1.0,3,1948,Seattle,196.43
2014-06-09,417000.0,2.0,1.0,920,6600,1.0,3,1919,Seattle,453.26
2014-06-09,435000.0,2.0,1.0,800,5000,1.0,3,1906,Seattle,543.75
2014-06-09,475000.0,4.0,2.75,1980,11443,1.0,5,1952,Lake Forest Park,239.9
2014-06-09,563500.0,4.0,2.5,2800,12831,2.0,3,2001,Duvall,201.25
2014-06-09,285000.0,3.0,2.25,1680,35127,2.0,3,1987,Auburn,169.64
2014-06-09,471000.0,4.0,2.5,2330,9928,2.0,3,1998,North Bend,202.15
2014-06-09,500000.0,4.0,1.75,2240,9886,1.5,4,1965,Bellevue,223.21
2014-06-09,640000.0,3.0,2.5,2140,8925,2.0,3,1991,Sammamish,299.07
2014-06-09,442500.0,4.0,2.5,2170,14024,2.0,3,1992,Duvall,203.92
2014-06-09,213400.0,3.0,1.5,1150,8686,1.0,4,1963,Renton,185.57
2014-06-09,831000.0,4.0,2.5,2030,3905,1.5,4,1926,Seattle,409.36
2014-06-09,325000.0,3.0,2.0,1350,11805,1.0,3,1986,Duvall,240.74
2014-06-09,425000.0,2.0,1.0,910,4635,1.0,4,1905,Seattle,467.03
2014-06-09,550000.0,4.0,2.5,2700,5100,1.0,4,1968,Seattle,203.7
2014-06-09,599950.0,4.0,3.5,3730,15029,2.0,3,1991,Kent,160.84
2014-06-09,1225000.0,4.0,2.5,2740,16007,2.0,3,1984,Medina,447.08
2014-06-09,750000.0,4.0,3.25,2050,5000,2.0,4,1987,Seattle,365.85
2014-06-09,290000.0,4.0,3.0,2390,4500,2.0,3,1974,Renton,121.34
2014-06-09,270000.0,4.0,2.75,1990,7252,1.0,3,1999,Auburn,135.68
2014-06-09,229950.0,4.0,1.75,1300,21000,1.0,4,1969,Federal Way,176.88
2014-06-09,234999.0,3.0,1.0,1330,8912,1.0,3,1948,SeaTac,176.69
2014-06-09,265000.0,2.0,1.0,1000,31505,1.0,3,1960,Duvall,265.0
2014-06-09,367300.0,4.0,2.75,2190,14937,2.0,3,1993,Auburn,167.72
2014-06-09,550000.0,3.0,1.75,1380,3402,1.5,3,1900,Seattle,398.55
2014-06-09,743700.0,4.0,2.5,2610,33206,2.0,3,1988,Redmond,284.94
2014-06-09,352750.0,2.0,1.75,1060,1241,2.0,3,2008,Seattle,332.78
2014-06-09,403950.0,2.0,1.0,710,1136,2.0,4,1943,Seattle,568.94
2014-06-09,980000.0,4.0,2.5,2730,4800,1.5,5,1909,Seattle,358.97
2014-06-09,585000.0,4.0,1.75,2470,131790,2.0,3,1937,Vashon,236.84
2014-06-09,554000.0,3.0,1.75,1760,10780,1.0,3,1977,Bellevue,314.77
2014-06-09,546000.0,3.0,2.5,1530,3464,2.0,3,1998,Bellevue,356.86
2014-06-09,280000.0,2.0,1.75,1610,158558,1.5,2,1948,Snoqualmie,173.91
2014-06-09,212500.0,2.0,2.0,1030,21712,1.0,4,1938,Seattle,206.31
2014-06-09,739000.0,4.0,2.5,2800,246114,2.0,3,1999,Carnation,263.93
2014-06-09,428000.0,3.0,2.0,1310,2550,1.0,3,1986,Seattle,326.72
2014-06-09,965000.0,4.0,2.25,3160,34560,1.0,4,1981,Woodinville,305.38
2014-06-09,364900.0,3.0,3.0,2500,8304,2.0,3,1997,Kent,145.96
2014-06-09,559000.0,3.0,1.5,2070,5386,1.0,4,1948,Seattle,270.05
2014-06-09,213000.0,4.0,1.75,1980,9000,1.0,2,1978,Federal Way,107.58
2014-06-09,620000.0,3.0,2.5,2590,7237,2.0,3,2004,Seattle,239.38
2014-06-09,240000.0,4.0,1.0,1910,16320,1.5,3,1934,Seattle,125.65
2014-06-09,852500.0,3.0,2.5,2630,10100,1.0,4,1967,Bellevue,324.14
2014-06-09,600000.0,3.0,2.5,2630,77972,2.0,3,2004,Duvall,228.14
2014-06-09,410000.0,3.0,2.5,1960,4400,2.0,3,2006,Snoqualmie,209.18
2014-06-09,328000.0,3.0,1.75,1440,45302,2.0,3,1977,Duvall,227.78
2014-06-09,625000.0,3.0,1.75,2210,16200,1.0,3,1958,Bellevue,282.81
2014-06-09,649950.0,4.0,2.5,2350,63162,2.0,4,1994,Woodinville,276.57
2014-06-09,235000.0,3.0,1.0,1590,13000,1.5,3,1944,Burien,147.8
2014-06-09,489000.0,3.0,3.5,1500,1249,2.0,3,2004,Seattle,326.0
2014-06-09,536000.0,3.0,2.5,1900,6224,2.0,3,2005,Sammamish,282.11
2014-06-09,400000.0,4.0,3.5,2370,3692,2.5,3,2013,Renton,168.78
2014-06-09,398000.0,3.0,2.5,1720,1715,2.0,3,2004,Seattle,231.4
2014-06-09,379000.0,4.0,1.5,2020,7560,1.0,4,1960,Renton,187.62
2014-06-09,345000.0,2.0,1.5,1340,1210,2.0,3,2008,Seattle,257.46
2014-06-09,365000.0,3.0,2.5,1800,2700,2.0,3,2011,Seattle,202.78
2014-06-09,315000.0,3.0,2.5,1480,1590,2.0,3,2010,Seattle,212.84
2014-06-10,571000.0,4.0,2.0,2750,7807,1.5,5,1916,Seattle,207.64
2014-06-10,1025000.0,5.0,4.0,3760,28040,2.0,3,1983,Kirkland,272.61
2014-06-10,695000.0,3.0,2.75,2540,4694,2.0,3,2005,Sammamish,273.62
2014-06-10,225000.0,3.0,1.75,1760,26055,1.0,3,1979,Covington,127.84
2014-06-10,740000.0,3.0,2.5,3000,25341,2.0,3,1995,Redmond,246.67
2014-06-10,315000.0,4.0,2.5,1930,9643,2.0,4,1992,Kent,163.21
2014-06-10,1230000.0,4.0,2.5,3040,7000,2.0,3,2001,Mercer Island,404.61
2014-06-10,420000.0,2.0,1.0,860,3880,1.0,4,1916,Seattle,488.37
2014-06-10,310000.0,3.0,1.75,1420,7650,1.0,4,1984,Renton,218.31
2014-06-10,700000.0,3.0,2.0,2080,3880,1.0,5,1954,Seattle,336.54
2014-06-10,269000.0,3.0,2.5,1560,4200,2.0,3,2003,Maple Valley,172.44
2014-06-10,369990.0,4.0,2.5,1960,7133,2.0,3,2002,Renton,188.77
2014-06-10,800000.0,3.0,2.25,1620,4500,2.0,4,1926,Seattle,493.83
2014-06-10,569000.0,5.0,3.0,3670,10583,1.0,5,1952,Lake Forest Park,155.04
2014-06-10,175000.0,6.0,1.5,1930,8400,1.0,3,1971,Burien,90.67
2014-06-10,440000.0,3.0,1.5,1290,1286,3.0,3,2000,Seattle,341.09
2014-06-10,435000.0,5.0,2.25,1970,15247,1.0,3,1986,Fall City,220.81
2014-06-10,345000.0,3.0,1.75,1540,6909,1.0,4,1955,Shoreline,224.03
2014-06-10,558000.0,4.0,2.0,2180,3870,1.0,3,1900,Seattle,255.96
2014-06-10,475000.0,2.0,1.75,1490,224334,1.0,3,1983,Auburn,318.79
2014-06-10,490000.0,3.0,2.0,2220,10275,2.0,3,1980,Issaquah,220.72
2014-06-10,335000.0,3.0,1.75,2430,9133,1.0,4,1978,Renton,137.86
2014-06-10,350000.0,2.0,0.75,1392,43710,1.5,4,1978,Vashon,251.44
2014-06-10,100000.0,4.0,1.0,1120,2685,1.0,3,1939,Renton,89.29
2014-06-10,417500.0,4.0,1.0,1390,10800,1.5,4,1941,Seattle,300.36
2014-06-10,253000.0,3.0,1.75,2040,7281,1.0,3,1962,Tukwila,124.02
2014-06-10,1240000.0,5.0,3.0,2830,7500,2.0,3,1923,Seattle,438.16
2014-06-10,490000.0,4.0,2.5,3020,8302,2.0,4,1994,Covington,162.25
2014-06-10,470000.0,3.0,1.75,2290,14800,1.0,3,1965,Lake Forest Park,205.24
2014-06-10,483300.0,4.0,2.0,1210,11100,1.0,4,1955,Bellevue,399.42
2014-06-10,659000.0,3.0,2.5,2510,6320,2.0,3,1996,Sammamish,262.55
2014-06-10,480000.0,4.0,1.75,2320,4322,1.0,3,1910,Seattle,206.9
2014-06-10,165000.0,3.0,1.0,970,6600,1.0,3,1965,Burien,170.1
2014-06-10,659500.0,3.0,1.75,1820,5500,1.0,4,1957,Seattle,362.36
2014-06-10,219900.0,3.0,1.0,970,7742,1.0,4,1967,Federal Way,226.7
2014-06-10,315000.0,2.0,1.0,1740,3622,1.0,4,1924,Seattle,181.03
2014-06-10,250000.0,3.0,1.75,1590,7560,1.0,3,1984,Kent,157.23
2014-06-10,268000.0,2.0,1.0,1380,5000,1.0,3,1943,Seattle,194.2
2014-06-10,380000.0,4.0,1.5,1680,11123,1.0,3,1959,Shoreline,226.19
2014-06-10,499000.0,2.0,1.0,1220,3000,1.0,3,1926,Seattle,409.02
2014-06-10,285000.0,2.0,2.0,1651,18200,1.0,3,1946,Vashon,172.62
2014-06-10,183000.0,3.0,1.75,1330,9200,1.0,4,1973,Auburn,137.59
2014-06-10,1070000.0,3.0,3.0,2940,4622,2.0,4,1988,Seattle,363.95
2014-06-10,429000.0,3.0,3.25,1410,1246,3.0,3,2005,Seattle,304.26
2014-06-10,403000.0,2.0,1.0,1100,3598,1.0,4,1926,Seattle,366.36
2014-06-10,375500.0,3.0,1.5,1530,7200,1.0,3,1975,Lake Forest Park,245.42
2014-06-10,1795000.0,5.0,3.25,5270,17232,2.0,3,1977,Mercer Island,340.61
2014-06-10,516200.0,3.0,2.0,2110,5150,1.0,5,1919,Seattle,244.64
2014-06-10,385000.0,4.0,1.75,1720,8750,1.0,3,1971,Kirkland,223.84
2014-06-10,515000.0,3.0,2.5,1800,5001,2.0,3,1996,Kirkland,286.11
2014-06-10,375000.0,4.0,2.5,2210,9427,2.0,3,1999,Burien,169.68
2014-06-10,650000.0,4.0,2.25,2560,9731,2.0,4,1973,Kirkland,253.91
2014-06-10,306888.0,2.0,1.5,1010,7719,2.0,3,1981,Renton,303.85
2014-06-10,870000.0,4.0,2.5,3340,12248,2.0,3,1998,Seattle,260.48
2014-06-10,310000.0,4.0,1.0,1740,11075,1.5,3,1965,Shoreline,178.16
2014-06-10,251750.0,3.0,2.0,1320,7200,1.0,5,1975,Kent,190.72
2014-06-10,366000.0,3.0,1.75,1520,8625,1.0,3,1976,Bothell,240.79
2014-06-10,429950.0,3.0,1.5,2010,9480,1.0,3,1951,Seattle,213.91
2014-06-10,710000.0,3.0,3.5,2440,3427,2.0,3,2000,Bellevue,290.98
2014-06-10,895000.0,5.0,2.5,2550,20875,1.0,4,1953,Bellevue,350.98
2014-06-10,149500.0,3.0,1.0,1010,9450,1.0,4,1959,Des Moines,148.02
2014-06-10,310000.0,3.0,2.5,1780,6771,1.0,3,1990,Seattle,174.16
2014-06-10,555000.0,3.0,2.0,2180,4976,1.5,4,1930,Seattle,254.59
2014-06-10,750000.0,5.0,3.25,2750,7500,2.0,3,1937,Kirkland,272.73
2014-06-10,745000.0,4.0,3.25,3490,7024,2.0,3,2006,Sammamish,213.47
2014-06-10,695000.0,3.0,2.5,2550,45254,2.0,3,2001,Redmond,272.55
2014-06-10,433000.0,3.0,1.75,1870,7189,1.0,3,1959,Seattle,231.55
2014-06-10,307000.0,4.0,1.0,1150,8184,1.5,3,1947,Shoreline,266.96
2014-06-10,655275.0,3.0,1.75,2050,11856,1.0,3,1962,Bellevue,319.65
2014-06-10,392000.0,4.0,2.75,1940,6555,2.0,3,1990,Maple Valley,202.06
2014-06-10,1180000.0,5.0,3.75,3630,6000,1.5,3,2004,Kirkland,325.07
2014-06-10,359950.0,3.0,1.75,1890,9100,2.0,4,1952,Shoreline,190.45
2014-06-10,360000.0,4.0,2.0,1630,10375,1.0,5,1968,Woodinville,220.86
2014-06-10,566000.0,4.0,1.75,2440,5000,1.0,3,1954,Seattle,231.97
2014-06-10,700000.0,5.0,2.75,3100,9825,2.0,4,1950,Seattle,225.81
2014-06-10,415000.0,3.0,2.5,2090,6045,2.0,3,2000,Renton,198.56
2014-06-10,199500.0,3.0,1.0,920,9812,1.0,4,1962,Auburn,216.85
2014-06-10,749000.0,3.0,1.0,1580,5000,1.5,3,1926,Seattle,474.05
2014-06-10,680000.0,3.0,1.75,1760,8400,1.0,4,1960,Seattle,386.36
2014-06-10,400000.0,4.0,2.5,2530,7563,1.0,3,1978,Bothell,158.1
2014-06-10,608000.0,4.0,2.75,2490,9714,1.0,4,1983,Bothell,244.18
2014-06-10,589900.0,4.0,4.5,3870,35889,2.0,3,2001,Issaquah,152.43
2014-06-10,480000.0,5.0,2.5,2732,9500,1.0,4,1975,Federal Way,175.7
2014-06-10,1059500.0,5.0,3.25,3230,3825,2.0,3,2014,Seattle,328.02
2014-06-10,915000.0,6.0,3.75,2930,14980,2.0,3,2013,Bellevue,312.29
2014-06-10,695000.0,4.0,3.5,3510,9364,2.0,3,2001,Snoqualmie,198.01
2014-06-10,899900.0,4.0,2.5,2580,3909,2.0,3,2013,Kirkland,348.8
2014-06-10,499950.0,2.0,2.25,1060,1208,2.0,3,2005,Seattle,471.65
2014-06-10,533112.0,4.0,2.75,2790,8853,2.0,3,2013,North Bend,191.08
2014-06-10,303210.0,4.0,2.5,2009,5000,2.0,3,2014,Auburn,150.93
2014-06-10,525000.0,5.0,2.75,2880,8364,2.0,3,2006,Renton,182.29
2014-06-10,399950.0,2.0,1.0,710,1157,2.0,4,1943,Seattle,563.31
2014-06-11,850830.0,3.0,2.5,2070,13241,1.5,5,1910,Seattle,411.03
2014-06-11,371500.0,3.0,2.0,1370,8336,1.0,5,1964,Shoreline,271.17
2014-06-11,522000.0,3.0,1.75,1730,8400,1.0,4,1980,Redmond,301.73
2014-06-11,588000.0,4.0,2.0,1680,5000,1.0,3,1950,Seattle,350.0
2014-06-11,276900.0,2.0,1.0,1350,10096,1.0,4,1952,North Bend,205.11
2014-06-11,248000.0,5.0,1.5,1510,9078,1.0,4,1959,SeaTac,164.24
2014-06-11,280000.0,3.0,2.5,1860,6607,2.0,3,1989,Federal Way,150.54
2014-06-11,495000.0,6.0,5.0,3440,4500,2.0,3,2007,Renton,143.9
2014-06-11,665000.0,6.0,3.0,4250,4400,2.5,4,1902,Seattle,156.47
2014-06-11,290300.0,2.0,1.0,860,3874,1.0,4,1931,Renton,337.56
2014-06-11,527000.0,2.0,1.75,1640,4080,1.0,3,1921,Seattle,321.34
2014-06-11,487028.0,2.0,1.5,1295,1093,2.0,3,2007,Seattle,376.08
2014-06-11,325000.0,3.0,1.75,1790,27427,1.0,3,1978,Snoqualmie,181.56
2014-06-11,799000.0,3.0,1.5,2210,6300,1.5,5,1916,Seattle,361.54
2014-06-11,7062500.0,5.0,4.5,10040,37325,2.0,3,1940,Bellevue,703.44
2014-06-11,354000.0,3.0,1.0,940,10368,1.0,3,1965,Redmond,376.6
2014-06-11,262500.0,3.0,1.5,1160,8906,1.0,3,1962,Seattle,226.29
2014-06-11,560200.0,3.0,2.5,1990,3984,2.0,3,2004,Sammamish,281.51
2014-06-11,220000.0,3.0,1.0,1050,6300,1.0,3,1942,Seattle,209.52
2014-06-11,650000.0,2.0,1.0,1030,5750,1.0,5,1928,Seattle,631.07
2014-06-11,435000.0,3.0,2.5,1420,2581,3.0,3,2004,Seattle,306.34
2014-06-11,800000.0,4.0,3.75,2690,4000,2.0,4,1909,Seattle,297.4
2014-06-11,1010000.0,4.0,2.5,3760,29224,2.0,3,1987,Redmond,268.62
2014-06-11,200000.0,2.0,1.0,700,4700,1.0,5,1953,Renton,285.71
2014-06-11,295000.0,5.0,3.5,2100,5107,2.0,3,1999,Seattle,140.48
2014-06-11,580379.0,4.0,2.75,2240,27820,1.5,4,1976,Sammamish,259.1
2014-06-11,875000.0,4.0,2.5,3470,32109,2.0,3,1995,Woodinville,252.16
2014-06-11,515000.0,3.0,2.5,3370,19585,2.0,3,1951,Shoreline,152.82
2014-06-11,599000.0,4.0,2.5,2790,230868,2.0,3,1989,Woodinville,214.7
2014-06-11,285000.0,3.0,2.5,1870,4060,2.0,3,2005,Kent,152.41
2014-06-11,290000.0,3.0,1.75,1520,15090,1.0,4,1968,Maple Valley,190.79
2014-06-11,355000.0,1.0,1.75,750,20339,1.0,4,1946,Renton,473.33
2014-06-11,381000.0,3.0,1.5,1460,11407,1.0,3,1954,Lake Forest Park,260.96
2014-06-11,571000.0,3.0,2.5,2600,7465,2.0,3,1988,Bothell,219.62
2014-06-11,852600.0,4.0,2.5,3320,11901,2.0,5,1977,Bellevue,256.81
2014-06-11,1085000.0,5.0,2.5,2340,6000,2.0,4,1922,Seattle,463.68
2014-06-11,371000.0,3.0,1.0,890,7200,1.0,3,1951,Seattle,416.85
2014-06-11,514000.0,3.0,1.75,1720,5899,1.0,3,1986,Seattle,298.84
2014-06-11,386000.0,3.0,1.5,1270,1318,2.0,3,2004,Seattle,303.94
2014-06-11,464000.0,4.0,2.5,2180,7203,2.0,4,1989,Renton,212.84
2014-06-11,335000.0,4.0,2.25,2030,13500,1.0,3,1963,Renton,165.02
2014-06-11,740000.0,4.0,2.75,2490,17833,2.0,3,1979,Seattle,297.19
2014-06-11,465000.0,4.0,1.75,1470,5350,1.0,3,1955,Seattle,316.33
2014-06-11,700000.0,3.0,2.75,2500,7378,1.0,5,1948,Seattle,280.0
2014-06-11,785000.0,3.0,3.5,4500,21870,2.0,3,2004,Auburn,174.44
2014-06-11,350000.0,3.0,3.25,1460,1592,2.0,3,2006,Seattle,239.73
2014-06-11,148000.0,1.0,1.0,620,8261,1.0,3,1939,Seattle,238.71
2014-06-11,530000.0,3.0,1.75,1550,3680,1.0,3,1927,Seattle,341.94
2014-06-11,349000.0,3.0,2.5,1430,1002,3.0,3,2002,Seattle,244.06
2014-06-11,240000.0,3.0,1.5,1360,9760,1.5,5,1984,North Bend,176.47
2014-06-11,330000.0,3.0,2.5,2210,7557,2.0,3,1989,Federal Way,149.32
2014-06-11,735000.0,4.0,1.75,2460,5100,1.5,5,1909,Seattle,298.78
2014-06-11,545000.0,3.0,2.5,2180,15693,1.0,4,1979,Sammamish,250.0
2014-06-11,214950.0,3.0,1.75,1570,4875,1.0,4,1977,Covington,136.91
2014-06-11,657500.0,4.0,2.75,4140,24190,2.0,3,2002,Auburn,158.82
2014-06-11,476000.0,3.0,1.0,1140,5500,1.5,4,1908,Seattle,417.54
2014-06-11,2888000.0,5.0,6.25,8670,64033,2.0,3,1965,Seattle,333.1
2014-06-11,110000.0,2.0,1.0,800,15000,1.0,3,1927,Seattle,137.5
2014-06-11,292000.0,4.0,2.75,2414,7693,2.0,3,2006,Auburn,120.96
2014-06-11,317000.0,3.0,1.0,1160,8813,1.0,3,1952,Seattle,273.28
2014-06-11,455000.0,4.0,2.5,3170,10688,2.0,3,2001,Auburn,143.53
2014-06-11,1365000.0,5.0,3.5,4210,17258,2.0,3,1995,Bellevue,324.23
2014-06-11,460000.0,3.0,2.0,2060,4437,1.0,3,1929,Seattle,223.3
2014-06-11,405000.0,3.0,2.0,1640,7201,1.0,3,1948,Seattle,246.95
2014-06-11,333000.0,2.0,1.0,720,6686,1.0,3,1942,Seattle,462.5
2014-06-11,427000.0,4.0,1.0,1860,4736,1.5,1,1901,Seattle,229.57
2014-06-11,742000.0,4.0,2.5,2810,10986,2.0,3,1997,Sammamish,264.06
2014-06-11,465000.0,4.0,2.5,2090,9702,1.0,5,1965,Shoreline,222.49
2014-06-11,809950.0,4.0,2.5,3280,6181,2.0,3,2001,Sammamish,246.94
2014-06-11,619400.0,4.0,2.0,2090,3610,1.5,5,1927,Seattle,296.36
2014-06-11,762400.0,3.0,1.75,2430,14607,1.0,3,1949,Mercer Island,313.74
2014-06-11,535000.0,5.0,2.25,2520,49222,2.0,4,1978,Issaquah,212.3
2014-06-11,881000.0,5.0,3.0,2510,4125,1.5,5,1925,Seattle,351.0
2014-06-11,813000.0,4.0,2.75,3370,6675,1.0,4,1948,Seattle,241.25
2014-06-11,234000.0,3.0,2.0,1640,5280,1.5,5,1910,Auburn,142.68
2014-06-11,308900.0,3.0,2.5,2250,7294,2.0,3,1994,Auburn,137.29
2014-06-11,450000.0,4.0,2.5,2300,19250,1.0,4,1955,North Bend,195.65
2014-06-11,547500.0,3.0,3.5,1650,2262,3.0,3,2010,Seattle,331.82
2014-06-11,399950.0,2.0,1.0,710,1131,2.0,4,1943,Seattle,563.31
2014-06-11,516000.0,4.0,3.5,2550,8698,2.0,3,2007,Snoqualmie,202.35
2014-06-11,250000.0,2.0,1.5,982,846,2.0,3,2006,Seattle,254.58
2014-06-11,475000.0,3.0,2.25,1630,2520,2.0,3,2005,Issaquah,291.41
2014-06-11,415000.0,4.0,2.5,2550,4500,2.0,3,2009,Renton,162.75
2014-06-11,545000.0,2.0,1.25,1240,2150,2.0,3,2014,Seattle,439.52
2014-06-11,329950.0,3.0,2.5,2456,7566,2.0,3,2012,Federal Way,134.34
2014-06-12,1325000.0,5.0,2.25,3200,20158,1.0,3,1965,Clyde Hill,414.06
2014-06-12,784000.0,3.0,3.5,3950,111078,1.5,3,1989,Redmond,198.48
2014-06-12,610750.0,4.0,2.25,2180,7297,2.0,3,1984,Sammamish,280.16
2014-06-12,578000.0,4.0,2.5,3140,9225,1.0,5,1966,Renton,184.08
2014-06-12,1485000.0,4.0,3.75,4030,10800,2.0,3,2006,Kirkland,368.49
2014-06-12,501000.0,3.0,1.75,1970,7972,1.0,5,1976,Renton,254.31
2014-06-12,465250.0,5.0,2.0,1940,7642,1.5,3,1957,Shoreline,239.82
2014-06-12,2250000.0,5.0,4.25,4860,9453,1.5,5,1905,Seattle,462.96
2014-06-12,1095000.0,0.0,0.0,3064,4764,3.5,3,1990,Seattle,357.38
2014-06-12,315000.0,2.0,1.0,970,5665,1.0,4,1908,Seattle,324.74
2014-06-12,900000.0,4.0,2.25,2460,44431,1.0,4,1957,Bellevue,365.85
2014-06-12,789500.0,4.0,2.5,3010,6100,2.0,3,2005,Redmond,262.29
2014-06-12,678500.0,3.0,2.0,2460,6600,1.0,4,1952,Seattle,275.81
2014-06-12,342500.0,3.0,2.0,2080,11375,1.0,3,2002,Enumclaw,164.66
2014-06-12,860000.0,4.0,3.25,3960,7012,2.0,3,2005,Sammamish,217.17
2014-06-12,306000.0,4.0,2.5,2490,8124,2.0,3,2001,Auburn,122.89
2014-06-12,580000.0,5.0,2.0,2060,6000,2.0,3,1903,Seattle,281.55
2014-06-12,405000.0,3.0,1.0,1330,15678,1.0,3,1984,Sammamish,304.51
2014-06-12,510000.0,3.0,1.75,1600,19200,1.0,4,1967,Kirkland,318.75
2014-06-12,173000.0,2.0,1.0,820,10450,1.0,4,1965,Renton,210.98
2014-06-12,210000.0,4.0,1.75,1200,7680,1.0,3,1968,Auburn,175.0
2014-06-12,445000.0,3.0,1.0,1050,5664,1.0,4,1947,Seattle,423.81
2014-06-12,585000.0,3.0,2.5,1910,1501,2.5,3,2007,Seattle,306.28
2014-06-12,381000.0,3.0,1.75,1800,6000,1.0,5,1950,Shoreline,211.67
2014-06-12,890000.0,3.0,2.25,2060,8640,1.0,4,1966,Kirkland,432.04
2014-06-12,235000.0,3.0,1.75,1840,9697,1.0,4,1985,Kent,127.72
2014-06-12,480000.0,3.0,2.5,1250,1103,3.0,3,2005,Seattle,384.0
2014-06-12,575000.0,2.0,1.0,1510,4032,1.5,3,1935,Seattle,380.79
2014-06-12,350000.0,4.0,2.25,2300,4600,1.5,4,1904,Seattle,152.17
2014-06-12,259000.0,4.0,1.5,1490,7560,2.0,3,1966,Des Moines,173.83
2014-06-12,599000.0,5.0,2.75,2820,4608,1.0,3,1967,Seattle,212.41
2014-06-12,210000.0,4.0,1.5,1130,7840,1.0,4,1970,Federal Way,185.84
2014-06-12,1184000.0,4.0,2.5,3200,7500,1.5,5,1948,Seattle,370.0
2014-06-12,545000.0,3.0,1.0,1510,5000,1.5,3,1909,Seattle,360.93
2014-06-12,299995.0,3.0,2.5,1970,7500,2.0,3,1988,Auburn,152.28
2014-06-12,440000.0,3.0,1.0,1210,5750,1.5,4,1910,Seattle,363.64
2014-06-12,699000.0,4.0,2.5,3280,27441,2.0,3,1996,Redmond,213.11
2014-06-12,795000.0,3.0,2.0,2420,17859,1.0,5,1979,Kirkland,328.51
2014-06-12,445000.0,5.0,1.75,2460,6846,1.5,5,1911,Seattle,180.89
2014-06-12,397990.0,3.0,1.0,1180,11862,1.0,4,1948,Seattle,337.28
2014-06-12,706000.0,3.0,2.75,1900,6400,1.0,5,1942,Seattle,371.58
2014-06-12,363000.0,3.0,3.25,1651,1779,2.0,3,2008,Seattle,219.87
2014-06-12,850000.0,4.0,2.25,2130,11843,2.0,4,1972,Mercer Island,399.06
2014-06-12,620000.0,2.0,1.0,1430,3000,1.5,3,1929,Seattle,433.57
2014-06-12,1228000.0,4.0,2.5,5730,44947,2.0,3,1991,Sammamish,214.31
2014-06-12,333000.0,4.0,2.5,1910,9244,1.0,4,1963,Renton,174.35
2014-06-12,743000.0,3.0,1.75,2110,11250,1.0,4,1961,Mercer Island,352.13
2014-06-12,448000.0,2.0,1.5,1630,3780,1.0,4,1940,Seattle,274.85
2014-06-12,485000.0,4.0,2.5,2470,35073,2.0,3,1989,Auburn,196.36
2014-06-12,489950.0,4.0,2.25,2640,31941,1.0,4,1986,Auburn,185.59
2014-06-12,498500.0,5.0,2.75,2990,7420,2.0,3,1996,Renton,166.72
2014-06-12,531000.0,3.0,2.5,2120,9736,2.0,3,1988,Bothell,250.47
2014-06-12,670000.0,3.0,2.5,2050,6420,1.0,3,1956,Seattle,326.83
2014-06-12,310000.0,5.0,3.0,1880,5000,1.0,3,1997,Seattle,164.89
2014-06-12,835000.0,3.0,3.0,2790,12523,2.0,4,1977,Des Moines,299.28
2014-06-12,1688000.0,4.0,2.5,3000,7500,2.0,3,1937,Seattle,562.67
2014-06-12,495000.0,4.0,2.5,2140,7245,2.0,3,2003,Seattle,231.31
2014-06-12,495000.0,3.0,2.0,1769,9300,1.0,4,1955,Normandy Park,279.82
2014-06-12,440000.0,3.0,1.0,1710,6556,1.5,4,1926,Seattle,257.31
2014-06-12,280000.0,1.0,0.75,420,6720,1.0,3,1922,Seattle,666.67
2014-06-12,1070000.0,4.0,2.5,3270,35445,2.0,3,1989,Bellevue,327.22
2014-06-12,1034500.0,4.0,2.5,2370,10858,2.0,3,2003,Bellevue,436.5
2014-06-12,248000.0,4.0,2.5,1770,5855,2.0,3,2003,Maple Valley,140.11
2014-06-12,294000.0,4.0,2.5,2210,8465,1.0,3,1990,Auburn,133.03
2014-06-12,561000.0,3.0,2.25,1710,4140,2.0,3,2004,Issaquah,328.07
2014-06-12,656500.0,4.0,2.0,2710,4750,1.0,4,1919,Seattle,242.25
2014-06-12,660000.0,3.0,3.0,2340,2970,2.0,5,1925,Seattle,282.05
2014-06-12,370000.0,2.0,1.0,1220,17172,1.0,4,1947,Kirkland,303.28
2014-06-12,349950.0,3.0,1.0,1060,9525,1.0,3,1966,Redmond,330.14
2014-06-12,223000.0,2.0,1.0,910,9869,1.0,3,1957,Renton,245.05
2014-06-12,560000.0,4.0,1.75,1880,3880,1.5,4,1944,Seattle,297.87
2014-06-12,594000.0,4.0,1.75,1870,5200,2.0,4,1937,Seattle,317.65
2014-06-12,600000.0,3.0,2.25,1480,5400,2.0,4,1914,Seattle,405.41
2014-06-12,315000.0,3.0,2.5,1880,7000,2.0,3,1993,Kent,167.55
2014-06-12,430000.0,4.0,1.75,1890,6000,1.0,4,1947,Seattle,227.51
2014-06-12,440000.0,3.0,2.75,1560,7392,1.0,5,1972,Kirkland,282.05
2014-06-12,312500.0,2.0,1.5,1070,1200,2.0,3,1999,Seattle,292.06
2014-06-12,1240000.0,5.0,4.0,4410,14380,2.0,3,2006,Redmond,281.18
2014-06-12,300000.0,3.0,3.25,1470,1235,2.0,3,2008,Seattle,204.08
2014-06-12,680000.0,3.0,2.5,2570,3600,2.5,3,2007,Issaquah,264.59
2014-06-12,336750.0,2.0,2.25,1170,1011,2.0,3,2009,Issaquah,287.82
2014-06-13,822500.0,5.0,3.5,2320,4960,2.0,5,1926,Seattle,354.53
2014-06-13,589000.0,4.0,3.0,2440,9600,2.0,5,1961,Kirkland,241.39
2014-06-13,863000.0,4.0,2.5,4120,22370,2.0,3,1997,Sammamish,209.47
2014-06-13,210000.0,2.0,1.75,1440,5680,1.0,4,1978,Des Moines,145.83
2014-06-13,206135.0,3.0,1.0,1340,11070,1.0,4,1978,Kent,153.83
2014-06-13,1125000.0,6.0,3.75,3010,4360,2.0,3,2014,Seattle,373.75
2014-06-13,285000.0,3.0,1.75,1840,8601,1.0,3,1905,Seattle,154.89
2014-06-13,230000.0,2.0,1.0,930,7550,1.0,3,1986,SeaTac,247.31
2014-06-13,845000.0,4.0,2.75,4070,115434,2.0,3,2002,North Bend,207.62
2014-06-13,350000.0,3.0,1.75,1820,9545,1.0,3,1976,Lake Forest Park,192.31
2014-06-13,304000.0,3.0,1.0,1280,8184,1.5,4,1947,Shoreline,237.5
2014-06-13,370000.0,2.0,1.0,900,4600,1.0,3,1951,Seattle,411.11
2014-06-13,810000.0,3.0,1.75,1980,13503,1.0,4,1952,Bellevue,409.09
2014-06-13,440000.0,4.0,2.25,2010,7575,1.0,3,1974,Kirkland,218.91
2014-06-13,1030000.0,4.0,2.5,2750,4800,2.0,3,1905,Seattle,374.55
2014-06-13,775000.0,4.0,2.0,3140,10875,1.0,3,1939,Seattle,246.82
2014-06-13,1335000.0,5.0,2.25,4200,5800,2.5,4,1906,Seattle,317.86
2014-06-13,235000.0,3.0,1.75,1900,8540,1.0,3,1980,SeaTac,123.68
2014-06-13,499950.0,3.0,1.0,1830,3000,1.5,3,1926,Seattle,273.2
2014-06-13,622500.0,5.0,2.75,3320,23760,2.0,4,1975,Woodinville,187.5
2014-06-13,300000.0,4.0,2.5,2700,10814,1.0,4,1966,Kent,111.11
2014-06-13,205000.0,3.0,1.0,1290,6566,1.0,5,1976,Federal Way,158.91
2014-06-13,435000.0,3.0,1.75,1500,8173,1.0,3,1997,Kirkland,290.0
2014-06-13,697000.0,4.0,2.75,3650,48351,1.5,4,1978,Woodinville,190.96
2014-06-13,153000.0,3.0,1.0,1270,6405,1.5,3,1944,Seattle,120.47
2014-06-13,454000.0,4.0,2.25,2630,39000,2.0,3,1979,Kent,172.62
2014-06-13,345000.0,2.0,1.5,1800,26615,1.0,5,1987,Auburn,191.67
2014-06-13,585000.0,3.0,1.0,1870,2807,1.5,4,1927,Seattle,312.83
2014-06-13,380000.0,4.0,2.5,2540,6365,2.0,3,2000,Renton,149.61
2014-06-13,250600.0,4.0,2.5,1930,8660,1.0,3,1981,Auburn,129.84
2014-06-13,890000.0,4.0,2.25,2770,13500,2.0,3,1974,Mercer Island,321.3
2014-06-13,370000.0,4.0,2.5,2220,5338,2.0,3,2001,Renton,166.67
2014-06-13,369500.0,3.0,1.5,1650,9957,1.0,4,1961,Seattle,223.94
2014-06-13,883000.0,4.0,2.5,3670,54450,2.0,3,1999,Sammamish,240.6
2014-06-13,950000.0,4.0,2.5,3770,35081,2.0,3,1989,Redmond,251.99
2014-06-13,615000.0,3.0,1.75,2350,20820,1.0,4,1978,Sammamish,261.7
2014-06-13,305000.0,3.0,1.5,1210,5240,1.0,4,1983,Seattle,252.07
2014-06-13,590000.0,4.0,2.5,2010,7972,2.0,4,1989,Issaquah,293.53
2014-06-13,485000.0,3.0,2.5,1580,6065,2.0,3,1985,Issaquah,306.96
2014-06-13,215000.0,2.0,1.0,710,7200,1.0,3,1943,Seattle,302.82
2014-06-13,430000.0,3.0,2.0,1910,5040,1.5,3,1971,Sammamish,225.13
2014-06-13,324900.0,4.0,2.5,1880,7965,2.0,3,2000,Maple Valley,172.82
2014-06-13,849900.0,2.0,2.0,2280,641203,2.0,3,1990,Vashon,372.76
2014-06-13,975000.0,5.0,2.75,3100,10014,1.0,4,1973,Mercer Island,314.52
2014-06-13,910000.0,5.0,2.5,2350,4000,2.0,3,1993,Seattle,387.23
2014-06-13,459950.0,3.0,1.75,1850,6869,1.0,5,1919,Burien,248.62
2014-06-13,325000.0,3.0,2.5,2070,8337,2.0,3,1997,Kent,157.0
2014-06-13,513000.0,4.0,2.75,2020,7070,1.0,5,1958,Seattle,253.96
2014-06-13,475000.0,3.0,2.25,1580,12177,1.0,3,1981,Sammamish,300.63
2014-06-13,419000.0,4.0,2.5,2690,7947,2.0,3,1993,Renton,155.76
2014-06-13,760000.0,4.0,2.5,2420,10285,1.0,3,1958,Burien,314.05
2014-06-13,1120000.0,5.0,1.5,2540,6660,2.0,4,1954,Seattle,440.94
2014-06-13,129000.0,2.0,1.0,1150,30184,1.0,3,1950,Renton,112.17
2014-06-13,725000.0,5.0,2.5,3210,12000,1.0,4,1968,Bellevue,225.86
2014-06-13,580000.0,3.0,2.5,2040,4627,2.0,3,1992,Redmond,284.31
2014-06-13,385000.0,3.0,2.25,1920,4833,1.0,4,1921,Seattle,200.52
2014-06-13,265000.0,4.0,1.75,1900,10588,1.0,5,1958,Auburn,139.47
2014-06-13,1735000.0,3.0,2.5,4310,32093,1.5,5,1982,Shoreline,402.55
2014-06-13,330000.0,3.0,2.5,1070,1155,2.0,3,2005,Seattle,308.41
2014-06-13,665000.0,4.0,2.5,2790,43091,2.0,4,1989,Woodinville,238.35
2014-06-13,799000.0,3.0,2.5,2860,4442,2.0,3,2000,Seattle,279.37
2014-06-13,589000.0,3.0,2.0,2250,8800,1.0,4,1925,Seattle,261.78
2014-06-13,1695000.0,2.0,2.25,3170,3000,2.0,5,1900,Seattle,534.7
2014-06-13,538000.0,3.0,1.0,1460,7200,1.0,3,1906,Seattle,368.49
2014-06-13,530100.0,3.0,1.0,1540,3399,1.5,3,1926,Seattle,344.22
2014-06-13,718500.0,3.0,2.0,2910,6600,2.0,4,1900,Seattle,246.91
2014-06-13,299000.0,3.0,1.75,1180,13927,1.0,5,1962,Renton,253.39
2014-06-13,556000.0,3.0,1.75,1640,7437,1.0,3,1948,Seattle,339.02
2014-06-13,171000.0,4.0,2.0,1520,19672,1.0,3,1920,Tukwila,112.5
2014-06-13,540000.0,5.0,3.0,3610,9775,2.0,3,2003,Maple Valley,149.58
2014-06-13,250000.0,3.0,2.25,1400,3814,2.0,3,2012,Covington,178.57
2014-06-13,795000.0,4.0,3.5,3200,3250,2.0,3,2007,Issaquah,248.44
2014-06-13,575000.0,3.0,3.0,1384,1287,2.0,3,2006,Seattle,415.46
2014-06-13,379500.0,3.0,2.25,1410,1287,2.0,3,2005,Issaquah,269.15
2014-06-13,385000.0,4.0,2.5,2050,5276,2.0,3,2006,Renton,187.8
2014-06-13,415500.0,4.0,2.5,1750,4779,2.0,3,2009,Kenmore,237.43
2014-06-14,397500.0,3.0,2.0,1510,6710,1.0,3,1972,Kirkland,263.25
2014-06-14,530000.0,3.0,2.5,1930,7214,2.0,3,2005,Seattle,274.61
2014-06-14,883000.0,4.0,2.5,2960,41656,2.0,3,1985,Woodinville,298.31
2014-06-14,850000.0,5.0,2.75,2920,11880,1.0,5,1968,Issaquah,291.1
2014-06-14,496752.0,2.0,1.0,1980,5000,1.0,4,1923,Seattle,250.88
2014-06-14,330000.0,3.0,1.75,1430,8865,1.0,3,1950,Seattle,230.77
2014-06-14,735000.0,4.0,2.75,2450,4187,2.0,3,2010,Issaquah,300.0
2014-06-14,525000.0,4.0,2.75,2360,4924,2.0,3,2008,Kenmore,222.46
2014-06-15,269950.0,3.0,2.5,1890,4838,2.0,3,2002,Tukwila,142.83
2014-06-15,650000.0,3.0,1.75,2140,9484,1.0,3,1953,Bellevue,303.74
2014-06-15,520500.0,3.0,2.0,1900,8100,1.0,4,1940,Seattle,273.95
2014-06-15,652500.0,4.0,2.5,2700,9122,2.0,3,1990,Issaquah,241.67
2014-06-15,506000.0,5.0,3.0,2430,8000,1.0,4,1957,Bellevue,208.23
2014-06-15,416000.0,3.0,1.0,1110,12150,1.0,4,1957,Bellevue,374.77
2014-06-16,500000.0,4.0,2.75,2280,15347,1.0,5,1960,Newcastle,219.3
2014-06-16,460000.0,3.0,1.75,1550,4708,1.0,4,1949,Seattle,296.77
2014-06-16,371025.0,3.0,2.0,1530,8925,1.0,3,1977,Bothell,242.5
2014-06-16,576000.0,4.0,2.5,2440,28405,2.0,3,2002,Kenmore,236.07
2014-06-16,353500.0,4.0,2.25,1760,9602,2.0,3,1987,Renton,200.85
2014-06-16,1735000.0,4.0,2.25,3040,5000,2.0,4,1926,Seattle,570.72
2014-06-16,183000.0,3.0,1.75,1070,8100,1.0,4,1957,Auburn,171.03
2014-06-16,763101.0,3.0,1.75,1990,5560,1.0,4,1939,Seattle,383.47
2014-06-16,460000.0,2.0,1.5,1090,4000,1.0,3,1951,Seattle,422.02
2014-06-16,825000.0,4.0,1.5,1890,6938,1.5,3,1919,Seattle,436.51
2014-06-16,265000.0,3.0,1.0,1000,9150,1.0,3,1969,Renton,265.0
2014-06-16,295000.0,3.0,1.75,1770,8235,1.0,3,1960,Burien,166.67
2014-06-16,418000.0,4.0,3.0,2360,6250,1.0,3,1960,Seattle,177.12
2014-06-16,554000.0,3.0,3.5,3380,108900,2.0,3,1999,Renton,163.91
2014-06-16,534500.0,3.0,2.5,1700,3150,2.0,3,2005,Issaquah,314.41
2014-06-16,690000.0,2.0,1.75,1600,4000,1.0,5,1918,Seattle,431.25
2014-06-16,530000.0,4.0,2.5,2050,6360,2.0,3,1988,Issaquah,258.54
2014-06-16,357186.0,2.0,1.75,1210,1040,2.0,3,2014,Issaquah,295.2
2014-06-16,300000.0,5.0,3.0,1940,6355,1.0,3,2007,Seattle,154.64
2014-06-16,304000.0,4.0,2.0,1810,8750,1.0,2,1967,Renton,167.96
2014-06-16,385000.0,4.0,1.75,1690,4080,1.0,4,1984,Seattle,227.81
2014-06-16,415000.0,4.0,2.0,1800,2970,1.0,4,1923,Seattle,230.56
2014-06-16,963000.0,4.0,3.5,3280,6603,2.0,3,2007,Bellevue,293.6
2014-06-16,792500.0,4.0,2.5,4290,175421,2.0,3,2004,Ravensdale,184.73
2014-06-16,309212.0,3.0,1.75,1150,9600,1.0,3,1979,North Bend,268.88
2014-06-16,235000.0,2.0,1.5,880,1805,2.0,3,1999,Seattle,267.05
2014-06-16,667000.0,3.0,1.5,1720,8100,2.0,3,1907,Seattle,387.79
2014-06-16,470000.0,3.0,1.5,1510,8000,1.0,4,1956,Bellevue,311.26
2014-06-16,375000.0,4.0,2.0,1240,3000,1.0,3,1908,Seattle,302.42
2014-06-16,410000.0,4.0,2.0,1580,9581,1.0,3,1953,Kirkland,259.49
2014-06-16,566000.0,4.0,2.25,2170,7737,2.0,3,1987,Sammamish,260.83
2014-06-16,680000.0,4.0,2.75,2500,4950,2.0,3,2010,Redmond,272.0
2014-06-16,332000.0,1.0,1.0,960,2640,1.0,3,1908,Seattle,345.83
2014-06-16,902000.0,4.0,2.5,3030,8507,2.0,3,2003,Kirkland,297.69
2014-06-16,500000.0,3.0,1.75,1540,10800,1.0,5,1947,Mercer Island,324.68
2014-06-16,445000.0,3.0,1.75,1890,32340,1.5,3,1976,Vashon,235.45
2014-06-16,825000.0,4.0,2.5,2810,9800,1.0,4,1973,Bellevue,293.59
2014-06-16,1095000.0,4.0,4.0,3530,8400,2.0,5,1958,Seattle,310.2
2014-06-16,277000.0,3.0,1.0,1100,8536,1.0,4,1957,Seattle,251.82
2014-06-16,545000.0,3.0,2.5,1940,9775,1.0,3,1975,Kirkland,280.93
2014-06-16,435000.0,3.0,2.5,2300,9521,2.0,3,2003,Duvall,189.13
2014-06-16,638000.0,3.0,2.5,2110,3600,2.0,3,2005,Redmond,302.37
2014-06-16,418000.0,4.0,1.5,1220,10580,1.0,3,1965,Bellevue,342.62
2014-06-16,499000.0,3.0,1.75,1750,12325,1.0,4,1968,Redmond,285.14
2014-06-16,150000.0,3.0,1.5,1230,8056,1.0,4,1949,Burien,121.95
2014-06-16,759950.0,3.0,2.5,3100,23790,2.0,3,2002,Sammamish,245.15
2014-06-16,427000.0,3.0,2.5,1830,65340,1.0,3,1991,North Bend,233.33
2014-06-16,632500.0,5.0,2.5,2640,7096,2.0,3,2003,Redmond,239.58
2014-06-16,660000.0,6.0,1.75,1840,2774,1.0,3,1900,Seattle,358.7
2014-06-16,862000.0,4.0,2.5,3190,14565,2.0,3,1990,Woodinville,270.22
2014-06-16,524000.0,2.0,1.0,1120,2000,1.5,3,1910,Seattle,467.86
2014-06-16,470000.0,3.0,1.5,1760,6723,1.0,3,1958,Seattle,267.05
2014-06-16,385000.0,3.0,2.0,1590,9912,2.0,3,2000,Vashon,242.14
2014-06-16,575000.0,4.0,2.5,2120,9603,2.0,3,1985,Issaquah,271.23
2014-06-16,220000.0,4.0,2.5,2240,9826,1.0,4,1988,Federal Way,98.21
2014-06-16,460000.0,2.0,1.0,890,2100,1.0,4,1919,Seattle,516.85
2014-06-16,1712500.0,3.0,3.25,2940,5432,3.0,4,1978,Seattle,582.48
2014-06-16,175000.0,3.0,1.5,1220,7300,1.0,3,1973,Auburn,143.44
2014-06-16,465000.0,3.0,2.25,2670,7500,1.0,4,1966,Burien,174.16
2014-06-16,552000.0,3.0,1.0,1120,2300,1.0,4,1912,Seattle,492.86
2014-06-16,565000.0,4.0,2.75,3130,139392,2.0,4,1981,Kent,180.51
2014-06-16,518000.0,4.0,2.5,1740,7500,1.0,4,1976,Redmond,297.7
2014-06-16,899950.0,4.0,3.5,3290,5414,2.0,3,2006,Kirkland,273.54
2014-06-16,373000.0,3.0,1.0,1770,5720,1.5,4,1926,Seattle,210.73
2014-06-16,385000.0,4.0,2.5,2960,5054,2.0,3,2006,Maple Valley,130.07
2014-06-16,245000.0,2.0,1.0,1200,4880,1.0,3,1943,Seattle,204.17
2014-06-16,375000.0,4.0,2.0,2400,6000,2.0,3,1913,Bothell,156.25
2014-06-16,699850.0,4.0,3.5,2690,6164,2.0,3,2002,Sammamish,260.17
2014-06-16,450000.0,6.0,2.25,3550,11780,1.0,4,1948,Seattle,126.76
2014-06-16,455000.0,2.0,1.5,1310,12196,1.5,3,1970,Redmond,347.33
2014-06-16,650000.0,4.0,2.75,2610,4160,3.0,5,1910,Seattle,249.04
2014-06-16,378000.0,5.0,2.5,2760,8015,1.0,4,1960,Seattle,136.96
2014-06-16,220000.0,3.0,2.0,1410,7998,1.0,4,1940,Tukwila,156.03
2014-06-16,285500.0,4.0,1.75,1960,7950,1.0,4,1967,Federal Way,145.66
2014-06-16,340000.0,3.0,2.5,1212,1174,3.0,3,2004,Seattle,280.53
2014-06-16,921000.0,4.0,1.5,2220,9496,1.0,4,1954,Bellevue,414.86
2014-06-16,375000.0,4.0,2.5,2040,109336,1.5,4,1973,Maple Valley,183.82
2014-06-16,999000.0,4.0,2.75,2800,19168,2.0,3,1992,Sammamish,356.79
2014-06-16,335000.0,3.0,1.5,2040,6000,1.0,3,1957,Seattle,164.22
2014-06-16,1920000.0,4.0,2.5,3070,34412,1.0,4,1950,Medina,625.41
2014-06-16,385000.0,2.0,1.0,830,26329,1.0,4,1928,Vashon,463.86
2014-06-16,850000.0,4.0,3.5,4140,7089,2.0,3,2003,Kirkland,205.31
2014-06-16,429000.0,5.0,2.5,2340,4500,2.0,3,2009,Renton,183.33
2014-06-16,523950.0,3.0,2.25,1420,1282,3.0,3,2006,Seattle,368.98
2014-06-16,798800.0,3.0,2.75,2670,3738,1.0,3,2013,Renton,299.18
2014-06-16,284000.0,3.0,2.5,1880,6008,2.0,3,2009,Kent,151.06
2014-06-16,852880.0,4.0,3.25,3450,6184,2.0,3,2014,Sammamish,247.21
2014-06-16,320000.0,3.0,2.25,1200,1400,3.0,3,2005,Seattle,266.67
2014-06-16,749995.0,4.0,3.25,3430,9870,2.0,3,2014,Bothell,218.66
2014-06-16,468500.0,3.0,2.5,1350,1186,2.0,3,2007,Seattle,347.04
2014-06-16,492500.0,5.0,2.5,2570,9962,2.0,3,2006,Duvall,191.63
2014-06-16,685000.0,4.0,3.5,2840,4637,3.0,3,2008,Seattle,241.2
2014-06-16,542525.0,4.0,2.5,2650,5600,2.0,3,2014,Renton,204.73
2014-06-16,435000.0,3.0,2.0,1980,2674,3.0,3,2007,Seattle,219.7
2014-06-17,242000.0,3.0,1.75,1280,7524,1.5,4,1988,Kent,189.06
2014-06-17,325000.0,4.0,2.5,2610,7091,2.0,3,1987,Federal Way,124.52
2014-06-17,837700.0,5.0,2.75,3010,12611,2.0,3,1994,Redmond,278.31
2014-06-17,210000.0,1.0,1.0,930,7129,1.0,3,1948,Seattle,225.81
2014-06-17,187500.0,3.0,1.5,1180,7000,1.0,4,1977,Federal Way,158.9
2014-06-17,560000.0,5.0,1.0,1710,9100,1.5,4,1926,Seattle,327.49
2014-06-17,272000.0,3.0,2.0,1380,7476,1.0,3,1989,Auburn,197.1
2014-06-17,235000.0,3.0,1.75,1190,7280,1.0,4,1968,Auburn,197.48
2014-06-17,259000.0,3.0,2.0,1870,5909,1.0,3,1986,Kent,138.5
2014-06-17,866059.0,5.0,3.5,3130,4797,2.0,3,2014,Bellevue,276.7
2014-06-17,473000.0,2.0,1.0,900,5100,1.0,4,1909,Seattle,525.56
2014-06-17,405000.0,3.0,1.5,1880,7400,1.0,3,1968,Lake Forest Park,215.43
2014-06-17,870000.0,4.0,4.25,3010,4887,2.0,4,1951,Seattle,289.04
2014-06-17,475000.0,3.0,2.25,2280,5750,1.0,4,1985,Seattle,208.33
2014-06-17,499500.0,3.0,2.5,2970,21907,2.0,3,1998,Renton,168.18
2014-06-17,386000.0,2.0,2.5,1620,3196,2.0,3,2008,Snoqualmie,238.27
2014-06-17,458000.0,4.0,1.5,1550,3000,1.5,3,1918,Seattle,295.48
2014-06-17,550000.0,3.0,1.75,2240,78225,2.0,5,1976,Vashon,245.54
2014-06-17,605500.0,3.0,2.5,2830,6536,2.0,3,1989,Woodinville,213.96
2014-06-17,421000.0,3.0,2.5,2890,21780,2.0,3,2000,SeaTac,145.67
2014-06-17,536000.0,4.0,2.25,1990,5948,2.0,3,1991,Issaquah,269.35
2014-06-17,247200.0,3.0,1.75,1370,8719,1.0,3,1982,Covington,180.44
2014-06-17,250000.0,2.0,1.5,1088,1360,2.0,3,1983,Kirkland,229.78
2014-06-17,204950.0,4.0,1.75,1740,9344,1.0,3,1978,Federal Way,117.79
2014-06-17,430000.0,3.0,2.0,1730,9000,1.0,3,1978,Issaquah,248.55
2014-06-17,250000.0,4.0,2.5,1800,8100,2.0,3,1998,Maple Valley,138.89
2014-06-17,260000.0,3.0,1.75,1440,12888,1.0,3,1958,Tukwila,180.56
2014-06-17,547000.0,4.0,1.0,1720,2800,1.5,4,1926,Seattle,318.02
2014-06-17,379900.0,5.0,3.5,2800,7350,2.0,3,1995,Seattle,135.68
2014-06-17,738500.0,3.0,2.5,2300,6009,1.0,3,2005,Redmond,321.09
2014-06-17,545000.0,4.0,2.25,2030,11585,1.0,4,1967,Redmond,268.47
2014-06-17,342000.0,2.0,1.0,740,6180,1.0,3,1948,Seattle,462.16
2014-06-17,4668000.0,5.0,6.75,9640,13068,1.0,3,1983,Mercer Island,484.23
2014-06-17,170000.0,4.0,1.0,1920,13787,1.0,4,1966,SeaTac,88.54
2014-06-17,616000.0,4.0,2.5,2490,12929,2.0,3,1983,Sammamish,247.39
2014-06-17,640000.0,3.0,2.0,1380,4800,1.0,3,1948,Seattle,463.77
2014-06-17,332000.0,3.0,2.5,1530,9406,1.0,3,1993,Renton,216.99
2014-06-17,1010000.0,3.0,3.25,2420,1923,2.0,3,2006,Seattle,417.36
2014-06-17,380000.0,4.0,2.5,2150,37647,2.0,3,1991,Kent,176.74
2014-06-17,415000.0,4.0,2.0,1610,9600,1.0,5,1967,Newcastle,257.76
2014-06-17,1008000.0,4.0,3.5,2650,3060,2.0,3,2001,Seattle,380.38
2014-06-17,669000.0,4.0,2.75,2700,35362,2.0,5,1976,Woodinville,247.78
2014-06-17,260000.0,3.0,1.5,1270,20700,1.0,2,1948,Lake Forest Park,204.72
2014-06-17,854000.0,4.0,2.75,3150,38865,1.0,3,1986,Redmond,271.11
2014-06-17,605000.0,3.0,2.25,2010,10760,2.0,3,1985,Redmond,301.0
2014-06-17,320000.0,3.0,1.0,860,5060,1.5,3,1927,Seattle,372.09
2014-06-17,229950.0,3.0,2.0,1410,7466,1.0,3,1983,Renton,163.09
2014-06-17,255000.0,3.0,1.75,1700,7532,1.0,3,1987,Kent,150.0
2014-06-17,1170000.0,4.0,2.5,2570,6251,2.0,3,2000,Bellevue,455.25
2014-06-17,479000.0,2.0,2.25,1230,932,2.0,3,2004,Seattle,389.43
2014-06-17,1200000.0,4.0,3.5,4170,9748,2.0,3,2004,Newcastle,287.77
2014-06-17,472000.0,3.0,2.5,1180,1262,3.0,3,2010,Seattle,400.0
2014-06-17,198000.0,3.0,1.5,1430,7347,1.0,3,1980,Federal Way,138.46
2014-06-17,440000.0,4.0,2.0,1450,8400,1.5,4,1962,Kirkland,303.45
2014-06-17,506000.0,3.0,1.75,2180,7700,1.0,3,1961,Shoreline,232.11
2014-06-17,382500.0,4.0,2.5,2210,7079,2.0,3,1993,Kent,173.08
2014-06-17,269500.0,2.0,1.5,1480,7276,1.0,4,1978,Renton,182.09
2014-06-17,560000.0,3.0,2.0,2340,3477,1.0,5,1971,Seattle,239.32
2014-06-17,840000.0,4.0,3.5,3860,18334,2.0,3,1996,Woodinville,217.62
2014-06-17,479500.0,3.0,2.75,2300,4637,2.0,3,2008,Snoqualmie,208.48
2014-06-17,402000.0,3.0,1.5,1450,7375,1.0,3,1968,Kirkland,277.24
2014-06-17,549000.0,2.0,2.5,1380,953,3.0,3,2006,Seattle,397.83
2014-06-17,449950.0,4.0,2.5,2470,3811,2.0,3,1999,Snoqualmie,182.17
2014-06-17,493000.0,4.0,1.75,2030,18295,1.5,4,1975,Kirkland,242.86
2014-06-17,142500.0,4.0,0.75,1440,13300,1.0,3,1948,Burien,98.96
2014-06-17,250000.0,3.0,1.75,1160,6134,1.0,3,1998,Auburn,215.52
2014-06-17,729000.0,3.0,1.0,1580,3840,2.0,3,1908,Seattle,461.39
2014-06-17,465000.0,2.0,2.75,1430,1425,2.0,3,2006,Seattle,325.17
2014-06-17,465000.0,2.0,2.0,1494,19271,2.0,3,1943,Vashon,311.24
2014-06-17,280000.0,4.0,2.25,1930,7207,1.0,4,1988,Kent,145.08
2014-06-17,675000.0,6.0,1.75,2740,6360,1.0,3,1953,Seattle,246.35
2014-06-17,667500.0,3.0,2.0,1880,3800,1.0,5,1927,Seattle,355.05
2014-06-17,809000.0,3.0,2.5,2590,7720,2.0,3,1988,Bellevue,312.36
2014-06-17,400000.0,3.0,2.25,2140,11266,2.0,3,1986,Duvall,186.92
2014-06-17,310000.0,4.0,2.0,1870,6000,1.5,3,1956,Seattle,165.78
2014-06-17,435000.0,2.0,1.0,1230,3800,1.0,3,1928,Seattle,353.66
2014-06-17,465950.0,4.0,2.5,2340,6896,2.0,3,2001,Renton,199.12
2014-06-17,1538000.0,3.0,2.25,2880,7599,1.0,3,1958,Kirkland,534.03
2014-06-17,253000.0,3.0,1.5,880,6600,1.0,5,1945,Seattle,287.5
2014-06-17,330000.0,3.0,2.5,3040,7232,2.0,3,2003,Auburn,108.55
2014-06-17,554000.0,4.0,1.0,1120,7104,1.5,3,1946,Seattle,494.64
2014-06-17,350000.0,3.0,2.0,1380,3600,3.0,3,2013,Seattle,253.62
2014-06-17,294999.0,4.0,2.5,1660,9760,2.0,3,1994,Kent,177.71
2014-06-17,1185001.0,3.0,2.75,2500,5568,2.0,5,1905,Seattle,474.0
2014-06-17,752000.0,4.0,2.5,2940,10382,2.0,4,1991,Newcastle,255.78
2014-06-17,451000.0,4.0,2.5,1670,3315,2.0,3,2005,Issaquah,270.06
2014-06-17,725000.0,4.0,2.75,2630,7505,2.0,3,1994,Redmond,275.67
2014-06-17,345000.0,4.0,2.75,2250,7412,1.0,4,1975,Renton,153.33
2014-06-17,206000.0,3.0,1.0,1320,7000,1.0,4,1967,Auburn,156.06
2014-06-17,2027000.0,4.0,3.75,4100,22798,1.5,5,1934,Mercer Island,494.39
2014-06-17,2475000.0,3.0,3.25,4340,4947,2.0,3,1993,Seattle,570.28
2014-06-17,1728000.0,4.0,3.0,3700,20570,1.0,4,1976,Bellevue,467.03
2014-06-17,580000.0,5.0,2.0,2700,10875,1.0,4,1962,Bellevue,214.81
2014-06-17,430000.0,3.0,1.0,980,7200,1.0,4,1950,Seattle,438.78
2014-06-17,720000.0,4.0,2.5,2650,11520,2.0,3,1988,Kirkland,271.7
2014-06-17,824000.0,7.0,4.25,3670,4000,2.0,3,1964,Seattle,224.52
2014-06-17,936000.0,3.0,1.75,2960,12420,1.0,4,1952,Seattle,316.22
2014-06-17,535000.0,4.0,2.75,3070,7201,2.0,3,2006,Renton,174.27
2014-06-17,286800.0,3.0,2.5,1413,3600,2.0,3,2011,Kent,202.97
2014-06-17,350000.0,2.0,2.5,1260,1347,3.0,3,2005,Seattle,277.78
2014-06-17,345000.0,3.0,2.5,1680,2229,2.0,3,2007,Shoreline,205.36
2014-06-17,435000.0,3.0,2.25,1230,1238,2.0,3,2009,Seattle,353.66
2014-06-17,1555000.0,3.0,3.5,4360,6240,2.0,3,2008,Seattle,356.65
2014-06-17,1325000.0,4.0,4.0,4420,16526,2.0,3,2013,Sammamish,299.77
2014-06-18,461000.0,3.0,3.25,2770,6278,2.0,3,2006,Renton,166.43
2014-06-18,770000.0,3.0,2.25,2910,10204,2.0,3,1990,Redmond,264.6
2014-06-18,1384000.0,4.0,3.25,4290,12103,1.0,3,1997,Bellevue,322.61
2014-06-18,330000.0,3.0,2.5,1600,26977,2.0,3,2005,Duvall,206.25
2014-06-18,322500.0,4.0,2.5,1820,6753,2.0,3,1994,Maple Valley,177.2
2014-06-18,1600000.0,6.0,5.0,6050,230652,2.0,3,2001,Fall City,264.46
2014-06-18,475000.0,3.0,1.75,1700,8432,1.0,3,1977,Seattle,279.41
2014-06-18,250275.0,2.0,1.0,790,11234,1.0,4,1942,Normandy Park,316.8
2014-06-18,274500.0,3.0,2.25,1720,9000,1.0,4,1969,Federal Way,159.59
2014-06-18,284950.0,3.0,1.0,990,10723,1.0,5,1960,Renton,287.83
2014-06-18,264950.0,4.0,1.75,1770,9011,1.0,5,1983,Covington,149.69
2014-06-18,242000.0,3.0,2.0,1260,8092,1.0,3,1986,Maple Valley,192.06
2014-06-18,913000.0,4.0,2.5,3640,10576,2.0,3,1999,Sammamish,250.82
2014-06-18,555000.0,3.0,1.75,2040,6000,1.0,5,1958,Seattle,272.06
2014-06-18,711000.0,4.0,1.75,1980,10800,1.0,5,1948,Mercer Island,359.09
2014-06-18,403500.0,5.0,2.5,3600,17300,1.0,4,1968,Normandy Park,112.08
2014-06-18,975000.0,4.0,2.5,4270,43386,1.0,3,1991,Redmond,228.34
2014-06-18,253779.0,4.0,2.0,2030,9600,1.5,3,1947,SeaTac,125.01
2014-06-18,384400.0,3.0,3.25,1689,1388,3.0,3,2008,Seattle,227.59
2014-06-18,646000.0,5.0,2.75,2870,4461,1.0,3,1976,Seattle,225.09
2014-06-18,415000.0,3.0,1.75,1270,4800,1.0,3,1952,Seattle,326.77
2014-06-18,764000.0,4.0,2.5,2790,7938,2.0,3,1997,Sammamish,273.84
2014-06-18,507000.0,5.0,3.25,3850,16249,2.0,3,2002,Auburn,131.69
2014-06-18,545500.0,3.0,2.5,1560,9361,1.5,4,1936,Seattle,349.68
2014-06-18,450000.0,3.0,1.75,1180,4080,1.0,4,1928,Seattle,381.36
2014-06-18,264000.0,4.0,1.75,1820,8118,1.0,4,1980,Kent,145.05
2014-06-18,650000.0,5.0,1.75,1260,4500,1.5,3,1926,Seattle,515.87
2014-06-18,365000.0,3.0,2.5,2640,6715,2.0,3,1991,Renton,138.26
2014-06-18,343566.0,2.0,1.0,1100,4200,1.0,3,1954,Seattle,312.33
2014-06-18,375000.0,3.0,2.5,1950,6871,2.0,3,1997,Shoreline,192.31
2014-06-18,295000.0,3.0,2.0,1380,8682,1.0,4,1966,Des Moines,213.77
2014-06-18,325000.0,3.0,2.75,2200,7000,1.0,4,1977,Renton,147.73
2014-06-18,265000.0,4.0,1.5,2050,7100,1.0,3,1963,Auburn,129.27
2014-06-18,562000.0,5.0,3.0,2795,15101,2.0,3,1996,Duvall,201.07
2014-06-18,540000.0,4.0,2.5,2050,34222,2.0,4,1989,Woodinville,263.41
2014-06-18,4489000.0,4.0,3.0,6430,27517,2.0,3,2001,Bellevue,698.13
2014-06-18,279950.0,5.0,1.75,2150,7171,1.0,4,1970,Kent,130.21
2014-06-18,540000.0,3.0,1.75,1970,8200,1.0,5,1963,Shoreline,274.11
2014-06-18,310000.0,4.0,2.5,2660,12672,1.0,4,1960,Federal Way,116.54
2014-06-18,190000.0,1.0,1.0,720,4800,1.0,3,1914,Seattle,263.89
2014-06-18,440000.0,4.0,2.5,2410,4780,2.0,3,2000,Snoqualmie,182.57
2014-06-18,1400000.0,3.0,2.0,2020,5500,1.5,3,1937,Seattle,693.07
2014-06-18,230000.0,2.0,1.0,1080,9435,1.0,3,1958,Renton,212.96
2014-06-18,455000.0,3.0,1.75,1180,14292,1.0,3,1981,North Bend,385.59
2014-06-18,175000.0,2.0,1.0,660,5000,1.0,3,1915,Seattle,265.15
2014-06-18,650000.0,3.0,1.75,2920,9370,1.0,4,1981,Bellevue,222.6
2014-06-18,3000000.0,4.0,4.25,4850,12445,2.0,5,1989,Kirkland,618.56
2014-06-18,192500.0,3.0,1.0,1080,8580,1.5,3,1900,Tukwila,178.24
2014-06-18,239950.0,3.0,1.75,1670,6900,1.0,3,1978,Federal Way,143.68
2014-06-18,175000.0,6.0,1.0,1370,5080,1.5,3,1931,Seattle,127.74
2014-06-18,850000.0,5.0,3.5,3450,28324,1.0,5,1972,Kirkland,246.38
2014-06-18,410000.0,4.0,2.0,1970,10500,1.0,3,1961,Burien,208.12
2014-06-18,570000.0,4.0,2.5,2290,6738,2.0,3,1996,Issaquah,248.91
2014-06-18,469000.0,5.0,2.5,2240,7543,1.0,3,1966,Shoreline,209.38
2014-06-18,559000.0,2.0,1.0,1240,6400,1.0,4,1938,Seattle,450.81
2014-06-18,739888.0,3.0,2.5,2420,43177,2.0,4,1989,Sammamish,305.74
2014-06-18,568450.0,5.0,3.5,3260,58806,2.0,4,1969,Kent,174.37
2014-06-18,240000.0,2.0,1.0,670,10920,1.0,3,1942,Seattle,358.21
2014-06-18,574950.0,5.0,3.25,3160,10000,2.0,4,1980,Issaquah,181.95
2014-06-18,180000.0,3.0,2.25,1990,6350,2.0,3,1967,Des Moines,90.45
2014-06-18,1160000.0,4.0,3.5,4680,9700,2.0,3,2005,Bellevue,247.86
2014-06-18,300000.0,3.0,2.5,1700,3575,2.0,3,2000,Seattle,176.47
2014-06-18,630000.0,4.0,2.5,2807,9430,2.0,3,1996,Kenmore,224.44
2014-06-18,507000.0,4.0,1.75,1770,9375,1.0,4,1968,Redmond,286.44
2014-06-18,287500.0,4.0,2.5,2570,9000,1.0,4,1979,Federal Way,111.87
2014-06-18,688000.0,3.0,3.0,3450,16200,2.0,3,1983,Sammamish,199.42
2014-06-18,424000.0,3.0,2.0,1670,7700,1.0,3,1972,Kirkland,253.89
2014-06-18,400000.0,3.0,1.75,1050,6150,1.5,4,1928,Seattle,380.95
2014-06-18,620000.0,4.0,2.5,1910,7683,2.0,3,1987,Issaquah,324.61
2014-06-18,300000.0,3.0,1.0,910,7700,1.0,4,1971,Kirkland,329.67
2014-06-18,615000.0,5.0,2.25,2480,12070,2.0,3,1978,Sammamish,247.98
2014-06-18,206000.0,2.0,1.5,1820,8867,2.0,3,1921,Tukwila,113.19
2014-06-18,515500.0,4.0,2.5,2920,7700,2.0,3,2003,Duvall,176.54
2014-06-18,554000.0,5.0,2.25,1870,11411,1.0,4,1961,Lake Forest Park,296.26
2014-06-18,825000.0,4.0,3.5,3810,9792,2.0,3,1938,Seattle,216.54
2014-06-18,855000.0,4.0,2.25,2190,4080,2.0,3,1918,Seattle,390.41
2014-06-18,315000.0,3.0,2.5,1730,6368,2.0,3,1993,Maple Valley,182.08
2014-06-18,299000.0,5.0,2.5,2220,9360,1.0,4,1968,Renton,134.68
2014-06-18,650000.0,3.0,1.5,1320,8114,1.0,3,1951,Bellevue,492.42
2014-06-18,465000.0,3.0,1.75,1510,4800,1.0,3,1925,Seattle,307.95
2014-06-18,535000.0,3.0,2.0,2120,4080,2.0,3,2003,Redmond,252.36
2014-06-18,564000.0,2.0,2.0,1690,4500,1.0,3,2004,Redmond,333.73
2014-06-18,515000.0,3.0,3.5,1360,1419,2.0,3,2007,Seattle,378.68
2014-06-18,580000.0,4.0,2.5,3250,5000,2.0,3,2008,Renton,178.46
2014-06-18,309000.0,3.0,2.25,1490,1294,2.0,3,2010,Seattle,207.38
2014-06-18,536751.0,3.0,1.75,1930,6360,1.0,3,2013,Snoqualmie,278.11
2014-06-18,415000.0,4.0,2.5,2020,5501,2.0,3,2010,Renton,205.45
2014-06-18,267000.0,3.0,2.25,1584,2800,2.0,3,2012,Auburn,168.56
2014-06-18,820000.0,4.0,2.5,3170,8523,2.0,3,2008,Kirkland,258.68
2014-06-18,1399950.0,4.0,2.75,3870,10046,2.0,3,2005,Kirkland,361.74
2014-06-18,485000.0,2.0,2.5,1430,923,3.0,3,2008,Seattle,339.16
2014-06-18,482000.0,3.0,3.25,1380,1120,3.0,3,2008,Seattle,349.28
2014-06-18,535000.0,4.0,2.5,2610,4595,2.0,3,2008,Kenmore,204.98
2014-06-18,690000.0,3.0,3.25,1540,1428,3.0,3,2013,Seattle,448.05
2014-06-19,576000.0,3.0,2.5,1940,9000,1.0,4,1948,Seattle,296.91
2014-06-19,378750.0,3.0,2.5,2160,3000,1.5,3,1909,Seattle,175.35
2014-06-19,269900.0,4.0,1.75,1530,8750,1.5,4,1968,Renton,176.41
2014-06-19,210000.0,3.0,2.0,1440,7210,1.0,3,1983,Auburn,145.83
2014-06-19,429900.0,4.0,2.5,2640,8625,2.0,3,1987,Renton,162.84
2014-06-19,1525000.0,4.0,3.25,3620,5131,2.0,4,1927,Seattle,421.27
2014-06-19,360000.0,4.0,2.5,2850,4650,2.0,3,2004,Maple Valley,126.32
2014-06-19,405000.0,2.0,1.0,1260,4377,1.0,4,1947,Seattle,321.43
2014-06-19,450000.0,3.0,1.75,1610,11200,1.0,3,1955,Kirkland,279.5
2014-06-19,703000.0,3.0,2.0,1360,5980,1.5,3,1945,Seattle,516.91
2014-06-19,661000.0,4.0,2.5,2496,8058,2.0,3,1998,Redmond,264.82
2014-06-19,580000.0,4.0,2.25,2160,9593,1.0,3,1969,Bellevue,268.52
2014-06-19,464000.0,3.0,1.0,1320,3625,2.0,3,1900,Seattle,351.52
2014-06-19,945000.0,2.0,2.5,2540,7089,2.0,3,2004,Seattle,372.05
2014-06-19,659500.0,4.0,3.0,2620,18362,1.0,4,1956,Bellevue,251.72
2014-06-19,200000.0,3.0,1.5,1140,8340,1.0,3,1960,Tukwila,175.44
2014-06-19,280000.0,3.0,2.0,1790,42399,1.0,4,1990,Auburn,156.42
2014-06-19,1325000.0,4.0,2.5,2440,3600,2.5,4,1902,Seattle,543.03
2014-06-19,346150.0,3.0,2.0,2140,7200,1.0,4,1966,Renton,161.75
2014-06-19,197500.0,3.0,1.0,1330,5412,2.0,5,1905,Enumclaw,148.5
2014-06-19,799000.0,4.0,2.5,2590,7910,2.0,3,2001,Seattle,308.49
2014-06-19,1309500.0,4.0,4.5,4750,13912,2.0,3,2005,Seattle,275.68
2014-06-19,350000.0,2.0,1.0,1620,9205,1.0,5,1921,Kirkland,216.05
2014-06-19,720000.0,4.0,2.5,2440,34290,2.0,3,1987,Redmond,295.08
2014-06-19,519000.0,3.0,2.75,2020,10744,1.0,5,1954,Normandy Park,256.93
2014-06-19,590300.0,3.0,1.5,1470,7200,2.0,4,1907,Seattle,401.56
2014-06-19,2200000.0,5.0,4.75,5990,10450,2.0,3,2002,Issaquah,367.28
2014-06-19,410000.0,6.0,2.75,2520,9324,1.0,4,1962,Lake Forest Park,162.7
2014-06-19,437000.0,2.0,1.75,1440,4225,1.0,3,2005,Redmond,303.47
2014-06-19,221000.0,3.0,2.25,1640,7350,1.0,3,1984,Federal Way,134.76
2014-06-19,380000.0,4.0,2.25,2150,20181,1.0,3,1963,Kenmore,176.74
2014-06-19,506000.0,2.0,1.0,1570,8210,1.0,4,1952,Seattle,322.29
2014-06-19,395000.0,4.0,1.0,1980,10350,1.0,4,1968,Issaquah,199.49
2014-06-19,285000.0,3.0,1.0,1210,4731,1.5,3,1901,Seattle,235.54
2014-06-19,311000.0,3.0,1.75,1900,3000,1.5,5,1903,Seattle,163.68
2014-06-19,520000.0,3.0,1.75,1940,219527,1.0,3,1991,Maple Valley,268.04
2014-06-19,435000.0,3.0,1.75,1310,8065,1.0,4,1948,Seattle,332.06
2014-06-19,120000.0,2.0,1.0,990,39964,1.0,2,1945,Kent,121.21
2014-06-19,1440000.0,3.0,3.5,3870,3819,2.0,3,2002,Seattle,372.09
2014-06-19,186000.0,3.0,2.0,1340,4320,1.0,3,1912,Auburn,138.81
2014-06-19,756000.0,4.0,2.25,2160,5600,1.0,5,1947,Seattle,350.0
2014-06-19,248000.0,4.0,2.0,2080,13510,1.0,3,1950,Seattle,119.23
2014-06-19,287000.0,3.0,2.0,1300,11374,1.5,5,1933,SeaTac,220.77
2014-06-19,510000.0,4.0,2.5,2610,8031,2.0,3,1998,Lake Forest Park,195.4
2014-06-19,249000.0,3.0,1.0,1050,8498,1.0,4,1959,Kent,237.14
2014-06-19,340000.0,3.0,2.5,2480,6112,2.0,3,2004,Renton,137.1
2014-06-19,399888.0,4.0,2.25,1820,8255,1.5,4,1930,Seattle,219.72
2014-06-19,440000.0,3.0,1.75,1170,8740,1.0,4,1968,Redmond,376.07
2014-06-19,899000.0,4.0,2.25,2370,6000,1.0,3,1959,Seattle,379.32
2014-06-19,540500.0,5.0,3.75,3090,7415,2.0,3,2014,Burien,174.92
2014-06-19,385000.0,3.0,1.75,2310,11200,1.0,4,1978,Kent,166.67
2014-06-19,558000.0,4.0,2.25,2060,10358,1.0,4,1962,Bellevue,270.87
2014-06-19,600000.0,3.0,2.0,2540,237402,1.0,3,2007,Enumclaw,236.22
2014-06-19,450000.0,4.0,2.5,2400,7693,2.0,3,2003,Renton,187.5
2014-06-19,232500.0,3.0,1.0,1320,8450,1.0,3,1961,Federal Way,176.14
2014-06-19,436000.0,2.0,1.0,790,6600,1.0,3,1949,Seattle,551.9
2014-06-19,240000.0,4.0,2.0,1790,14690,1.0,4,1960,Des Moines,134.08
2014-06-19,489950.0,3.0,2.25,1820,7326,2.0,3,1983,Kirkland,269.2
2014-06-19,680000.0,6.0,2.0,1670,3000,1.0,5,1911,Seattle,407.19
2014-06-19,1068000.0,5.0,3.5,3990,9938,2.0,3,2001,Newcastle,267.67
2014-06-19,352450.0,3.0,2.0,1430,6000,1.0,5,1945,Shoreline,246.47
2014-06-19,335000.0,4.0,2.0,2030,103672,1.0,4,1969,Enumclaw,165.02
2014-06-19,549000.0,4.0,1.75,1290,3060,2.0,4,1906,Seattle,425.58
2014-06-19,1240000.0,4.0,3.5,3820,13224,2.0,3,1990,Bellevue,324.61
2014-06-19,618250.0,4.0,3.25,2520,3360,1.5,4,1931,Seattle,245.34
2014-06-19,1815000.0,5.0,3.0,3880,13000,2.0,3,1972,Mercer Island,467.78
2014-06-19,850000.0,2.0,1.75,1590,5136,1.5,3,1927,Seattle,534.59
2014-06-19,930000.0,5.0,2.0,3530,9385,1.5,3,1925,Seattle,263.46
2014-06-19,505000.0,3.0,2.5,1610,4611,2.0,3,1996,Issaquah,313.66
2014-06-19,925000.0,4.0,2.5,3280,209088,2.0,3,1994,Redmond,282.01
2014-06-19,275000.0,3.0,1.75,1860,15681,1.0,4,1971,Federal Way,147.85
2014-06-19,499000.0,3.0,1.75,1840,5000,1.0,4,1910,Seattle,271.2
2014-06-19,507000.0,3.0,2.5,2120,7201,2.0,3,2003,Seattle,239.15
2014-06-19,619850.0,4.0,2.5,2270,9247,1.0,5,1972,Bellevue,273.06
2014-06-19,500000.0,3.0,2.5,2840,48716,1.0,3,1994,Carnation,176.06
2014-06-19,310000.0,4.0,1.5,1220,9600,1.0,3,1980,Carnation,254.1
2014-06-19,646000.0,4.0,2.5,2310,4079,2.0,3,2008,Seattle,279.65
2014-06-19,265000.0,3.0,1.75,1840,7300,1.0,3,1966,Federal Way,144.02
2014-06-19,475000.0,3.0,2.5,950,1110,2.0,3,2003,Seattle,500.0
2014-06-19,600000.0,4.0,2.25,3070,8400,2.0,4,1970,Kirkland,195.44
2014-06-19,470000.0,3.0,2.0,1730,38884,1.0,3,1997,Maple Valley,271.68
2014-06-19,319950.0,2.0,1.0,920,8341,1.0,3,1939,Seattle,347.77
2014-06-19,712000.0,3.0,2.75,3200,6699,2.0,3,2004,Sammamish,222.5
2014-06-19,775000.0,4.0,2.75,3010,15992,2.0,3,1996,Sammamish,257.48
2014-06-19,390000.0,3.0,2.25,1600,10240,1.0,3,1979,Kirkland,243.75
2014-06-19,585000.0,4.0,2.5,2840,11044,2.0,3,2001,Kirkland,205.99
2014-06-19,1027000.0,3.0,2.5,2430,10500,2.0,3,1989,Bellevue,422.63
2014-06-19,232603.0,3.0,1.75,1750,11461,2.0,4,1976,Auburn,132.92
2014-06-19,543000.0,3.0,2.25,1240,949,3.0,3,2008,Seattle,437.9
2014-06-19,607500.0,3.0,3.25,1530,1612,3.0,3,2006,Seattle,397.06
2014-06-19,750000.0,3.0,3.5,3390,10078,2.0,3,2012,Newcastle,221.24
2014-06-19,728050.0,3.0,2.5,2320,6775,1.0,3,2008,Redmond,313.81
2014-06-19,734990.0,4.0,2.5,2650,6884,2.0,3,2012,Redmond,277.35
2014-06-19,330000.0,3.0,2.5,2238,7209,2.0,3,2011,Federal Way,147.45
2014-06-20,605000.0,4.0,2.5,2620,7553,2.0,3,1996,Newcastle,230.92
2014-06-20,441000.0,3.0,2.75,1910,7280,1.0,3,1979,Kirkland,230.89
2014-06-20,650000.0,4.0,2.5,3040,6587,2.0,3,2003,Redmond,213.82
2014-06-20,1950000.0,7.0,3.5,4640,15235,2.0,3,1965,Mercer Island,420.26
2014-06-20,395000.0,3.0,1.0,1500,4000,1.0,3,1925,Seattle,263.33
2014-06-20,245000.0,1.0,0.75,380,15000,1.0,3,1963,Burien,644.74
2014-06-20,905000.0,4.0,3.5,2970,14486,2.0,3,1997,Mercer Island,304.71
2014-06-20,660000.0,4.0,3.25,3030,9273,2.0,5,1988,Issaquah,217.82
2014-06-20,378000.0,4.0,2.5,1890,12236,1.0,3,1978,North Bend,200.0
2014-06-20,600000.0,2.0,1.0,1040,3600,1.0,4,1919,Seattle,576.92
2014-06-20,632500.0,4.0,2.5,2090,10306,2.0,3,1986,Sammamish,302.63
2014-06-20,210000.0,2.0,2.0,1680,5756,2.0,4,1910,Auburn,125.0
2014-06-20,754800.0,2.0,2.5,2770,7781,2.0,3,2006,Redmond,272.49
2014-06-20,175000.0,2.0,1.0,1020,5130,1.0,4,1948,Auburn,171.57
2014-06-20,455000.0,3.0,2.25,1470,4653,2.0,4,1985,Issaquah,309.52
2014-06-20,450000.0,3.0,2.0,1430,3480,1.0,3,1947,Seattle,314.69
2014-06-20,790000.0,4.0,1.75,2050,10920,1.0,3,1974,Lake Forest Park,385.37
2014-06-20,480000.0,4.0,1.0,2080,5500,1.0,3,1941,Seattle,230.77
2014-06-20,850000.0,3.0,2.25,2870,8170,2.0,3,1995,Seattle,296.17
2014-06-20,725000.0,4.0,3.25,3940,27591,2.0,3,2000,Renton,184.01
2014-06-20,380000.0,3.0,1.5,1520,4288,1.0,3,1949,Seattle,250.0
2014-06-20,979000.0,3.0,1.5,1700,14133,1.0,4,1954,Bellevue,575.88
2014-06-20,359950.0,3.0,2.25,1940,11612,1.0,4,1981,Seattle,185.54
2014-06-20,665900.0,4.0,2.25,2870,5453,2.0,4,1926,Seattle,232.02
2014-06-20,812000.0,3.0,3.25,3240,8338,2.0,3,2001,Sammamish,250.62
2014-06-20,203000.0,3.0,1.0,1150,7156,1.0,4,1953,Burien,176.52
2014-06-20,456000.0,3.0,1.5,1440,28516,1.0,4,1975,Sammamish,316.67
2014-06-20,547000.0,5.0,2.5,2200,4080,1.5,5,1916,Seattle,248.64
2014-06-20,280000.0,3.0,2.0,1470,8089,1.0,3,1987,Des Moines,190.48
2014-06-20,640000.0,2.0,1.75,1760,4400,1.0,4,1930,Seattle,363.64
2014-06-20,477000.0,3.0,1.75,1780,8085,1.0,3,1976,Bothell,267.98
2014-06-20,455000.0,4.0,2.25,2450,21000,1.0,4,1954,Burien,185.71
2014-06-20,587206.0,3.0,3.5,1890,1710,2.0,3,1999,Seattle,310.69
2014-06-20,425000.0,3.0,2.5,2540,5612,2.0,3,1999,Renton,167.32
2014-06-20,511500.0,4.0,1.0,1360,6000,1.5,3,1917,Seattle,376.1
2014-06-20,218000.0,2.0,2.0,1310,2841,2.0,3,2004,Maple Valley,166.41
2014-06-20,332000.0,3.0,2.0,1510,7884,1.0,3,1942,Burien,219.87
2014-06-20,291000.0,3.0,1.5,1860,60960,1.0,4,1967,Covington,156.45
2014-06-20,279000.0,4.0,2.0,2200,7700,1.0,3,1979,Renton,126.82
2014-06-20,950000.0,4.0,2.5,3360,11548,2.0,3,1988,Kirkland,282.74
2014-06-20,970500.0,3.0,2.75,2470,10125,2.0,3,1960,Mercer Island,392.91
2014-06-20,412000.0,2.0,1.0,1260,3960,1.0,3,1925,Seattle,326.98
2014-06-20,400000.0,3.0,1.0,1430,10005,1.5,4,1950,Seattle,279.72
2014-06-20,200000.0,3.0,2.25,1230,7420,1.5,5,1913,Auburn,162.6
2014-06-20,397000.0,4.0,2.5,2320,11717,2.0,3,1997,North Bend,171.12
2014-06-20,715000.0,4.0,2.5,3290,6628,2.0,3,2003,Sammamish,217.33
2014-06-20,371000.0,4.0,2.5,2550,4770,2.0,3,2005,Maple Valley,145.49
2014-06-20,458000.0,3.0,2.5,1870,5013,2.0,3,2003,Bothell,244.92
2014-06-20,436500.0,5.0,3.0,3110,12429,1.0,3,1977,Bothell,140.35
2014-06-20,329950.0,3.0,2.5,1820,8085,2.0,3,1983,Renton,181.29
2014-06-20,950000.0,3.0,3.25,3050,18892,1.0,4,1962,Des Moines,311.48
2014-06-20,282000.0,4.0,2.0,1890,6302,2.0,3,1997,Kent,149.21
2014-06-20,250000.0,1.0,1.0,800,16306,1.0,2,1931,Seattle,312.5
2014-06-20,1135000.0,6.0,4.25,6900,244716,2.0,4,2002,Woodinville,164.49
2014-06-20,400000.0,4.0,1.75,2670,189486,2.0,3,1972,Auburn,149.81
2014-06-20,681500.0,5.0,2.75,3260,11700,1.0,3,1964,Bellevue,209.05
2014-06-20,200000.0,2.0,1.0,860,6600,1.0,5,1949,Burien,232.56
2014-06-20,1300000.0,5.0,4.0,3366,7800,2.5,3,1937,Seattle,386.22
2014-06-20,1462497.0,5.0,3.25,3840,4800,3.0,3,2008,Seattle,380.86
2014-06-20,995000.0,4.0,4.5,3850,13551,2.0,3,1998,Bellevue,258.44
2014-06-20,355000.0,4.0,2.5,2040,8265,2.0,3,1996,Seattle,174.02
2014-06-20,425000.0,3.0,2.25,1790,10209,1.0,3,1967,Woodinville,237.43
2014-06-20,869000.0,4.0,3.0,3740,30884,2.0,3,1988,Woodinville,232.35
2014-06-20,915000.0,3.0,3.25,2660,4000,2.0,3,2003,Seattle,343.98
2014-06-20,2110000.0,3.0,2.25,3230,17833,2.0,4,1973,Bellevue,653.25
2014-06-20,925000.0,4.0,2.0,3140,10437,1.0,4,1959,Mercer Island,294.59
2014-06-20,2400000.0,6.0,4.5,5480,10800,2.0,4,1999,Seattle,437.96
2014-06-20,390000.0,3.0,1.0,1160,3750,1.5,3,1910,Seattle,336.21
2014-06-20,330000.0,3.0,2.25,1860,11227,2.0,3,1995,Maple Valley,177.42
2014-06-20,482500.0,4.0,3.0,1630,7626,1.0,5,1990,Seattle,296.01
2014-06-20,525000.0,3.0,2.25,1750,1879,3.0,3,2001,Seattle,300.0
2014-06-20,237000.0,3.0,1.0,1300,8160,1.0,4,1960,Renton,182.31
2014-06-20,205000.0,3.0,1.0,960,7314,1.0,5,1960,Auburn,213.54
2014-06-20,623000.0,3.0,2.5,1850,7777,2.0,5,1989,Kirkland,336.76
2014-06-20,565000.0,4.0,2.75,3260,4900,2.0,3,2013,Renton,173.31
2014-06-20,400000.0,4.0,2.25,2420,7927,1.0,4,1973,Shoreline,165.29
2014-06-20,405000.0,3.0,1.0,1460,10000,1.5,3,2002,Sammamish,277.4
2014-06-20,337000.0,4.0,3.0,2240,8504,2.0,3,1992,Shoreline,150.45
2014-06-20,355000.0,2.0,1.0,1240,27042,1.0,3,1943,Vashon,286.29
2014-06-20,885000.0,3.0,2.25,2060,9552,1.0,4,1975,Mercer Island,429.61
2014-06-20,420000.0,5.0,2.75,2280,10319,1.0,3,1959,Shoreline,184.21
2014-06-20,448000.0,4.0,2.5,2510,6853,2.0,3,2006,Maple Valley,178.49
2014-06-20,800000.0,4.0,2.75,3150,7035,2.0,3,2004,Sammamish,253.97
2014-06-20,830000.0,5.0,2.25,2780,10192,2.0,4,1978,Bellevue,298.56
2014-06-20,725000.0,6.0,1.75,2380,4080,2.0,3,1917,Seattle,304.62
2014-06-20,780000.0,3.0,2.25,2140,3000,2.0,3,1905,Seattle,364.49
2014-06-20,325000.0,2.0,1.0,840,4239,1.0,3,1948,Seattle,386.9
2014-06-20,488800.0,4.0,2.25,2170,9665,1.0,4,1976,Bellevue,225.25
2014-06-20,1320000.0,4.0,3.5,4410,36200,2.0,3,1989,Bellevue,299.32
2014-06-20,489000.0,4.0,2.0,2120,11479,1.0,4,1940,Seattle,230.66
2014-06-20,1240000.0,7.0,5.5,6630,13782,2.0,3,2004,Bellevue,187.03
2014-06-20,595000.0,3.0,2.75,3290,22649,2.0,4,1993,Newcastle,180.85
2014-06-20,359900.0,5.0,2.25,2290,7420,1.0,3,1973,Renton,157.16
2014-06-20,1080000.0,3.0,3.0,4910,43560,2.0,4,1989,Bellevue,219.96
2014-06-20,925000.0,4.0,2.75,3730,8014,2.0,3,2012,Sammamish,247.99
2014-06-20,625000.0,3.0,2.5,2440,4800,2.0,3,2014,Seattle,256.15
2014-06-20,339990.0,3.0,2.5,2570,4600,2.0,3,2014,Auburn,132.29
2014-06-20,775950.0,4.0,2.5,2970,4400,2.0,3,2014,Redmond,261.26
2014-06-20,420000.0,5.0,3.0,2630,3149,2.0,3,2013,Renton,159.7
2014-06-20,654000.0,3.0,3.25,1530,1565,2.0,3,2005,Seattle,427.45
2014-06-20,725000.0,3.0,3.5,3690,8837,2.0,3,2001,Snoqualmie,196.48
2014-06-21,375000.0,2.0,1.0,1230,1820,2.0,4,1948,Seattle,304.88
2014-06-21,1100000.0,3.0,2.5,2200,20000,1.0,3,1952,Bellevue,500.0
2014-06-21,639500.0,4.0,2.25,2330,8994,2.0,3,1986,Redmond,274.46
2014-06-21,849000.0,4.0,2.0,2160,6300,1.5,4,1928,Seattle,393.06
2014-06-21,418000.0,4.0,1.5,1550,9176,1.0,3,1956,Bellevue,269.68
2014-06-21,442900.0,4.0,1.75,1780,2788,1.0,4,1943,Seattle,248.82
2014-06-21,750000.0,3.0,1.75,2610,5544,1.5,3,1934,Seattle,287.36
2014-06-21,930000.0,3.0,2.5,3290,6830,2.0,3,2000,Redmond,282.67
2014-06-22,565000.0,2.0,1.75,1330,6000,1.0,4,1914,Seattle,424.81
2014-06-22,874150.0,4.0,3.5,3530,14406,2.0,3,1987,Kirkland,247.63
2014-06-22,545000.0,4.0,2.5,2090,6023,2.0,3,1990,Issaquah,260.77
2014-06-22,500000.0,4.0,2.5,2040,8400,1.0,3,1963,Bellevue,245.1
2014-06-22,687000.0,4.0,2.5,2370,10083,2.0,5,1966,Kirkland,289.87
2014-06-22,810000.0,4.0,2.5,2810,10613,2.0,3,1989,Bellevue,288.26
2014-06-22,439500.0,3.0,2.5,2050,40003,1.0,4,1977,Issaquah,214.39
2014-06-22,802000.0,3.0,1.75,2870,5000,1.5,4,1907,Seattle,279.44
2014-06-22,732600.0,4.0,2.5,2130,7300,1.0,4,1963,Bellevue,343.94
2014-06-22,374000.0,4.0,2.5,2580,6260,2.0,3,2004,Renton,144.96
2014-06-22,330000.0,4.0,2.5,2380,13550,2.0,3,1999,SeaTac,138.66
2014-06-23,365000.0,4.0,2.0,1940,25600,1.0,1,1962,Bellevue,188.14
2014-06-23,290900.0,2.0,2.0,1610,17600,2.0,3,1930,Tukwila,180.68
2014-06-23,577000.0,3.0,2.5,2060,5750,1.0,3,1976,Seattle,280.1
2014-06-23,280000.0,2.0,1.0,1010,3000,1.0,4,1925,North Bend,277.23
2014-06-23,675000.0,4.0,2.5,2810,11120,2.0,3,1982,Sammamish,240.21
2014-06-23,800000.0,3.0,2.25,2380,11824,1.0,4,1972,Mercer Island,336.13
2014-06-23,299995.0,2.0,1.0,1060,7200,1.0,4,1951,Shoreline,283.01
2014-06-23,440000.0,3.0,1.75,1560,7207,1.0,3,1983,Kirkland,282.05
2014-06-23,249500.0,2.0,1.75,1500,8645,1.0,4,1963,Covington,166.33
2014-06-23,690000.0,2.0,1.0,970,4560,1.0,4,1907,Seattle,711.34
2014-06-23,235000.0,3.0,1.0,1170,11100,1.0,4,1968,Renton,200.85
2014-06-23,320000.0,3.0,2.5,2280,7417,2.0,3,1998,Auburn,140.35
2014-06-23,350000.0,7.0,3.0,2800,9569,1.0,3,1963,Renton,125.0
2014-06-23,334000.0,4.0,1.5,1150,9360,1.5,3,1970,Kirkland,290.43
2014-06-23,235000.0,6.0,3.0,2180,7956,2.0,3,1980,Federal Way,107.8
2014-06-23,442000.0,4.0,2.5,2520,7253,2.0,3,1990,Renton,175.4
2014-06-23,264000.0,3.0,1.75,1760,7482,1.0,4,1966,Federal Way,150.0
2014-06-23,275000.0,2.0,1.0,1180,6552,1.0,4,1949,Shoreline,233.05
2014-06-23,430000.0,2.0,1.5,950,4625,1.0,4,1949,Seattle,452.63
2014-06-23,550000.0,3.0,2.5,1900,3255,2.0,3,1988,Bellevue,289.47
2014-06-23,775000.0,4.0,2.5,2300,6158,2.0,3,1999,Seattle,336.96
2014-06-23,603500.0,6.0,2.75,2660,8400,1.0,5,1962,Bellevue,226.88
2014-06-23,230000.0,3.0,1.0,1530,389126,1.5,4,1919,Enumclaw,150.33
2014-06-23,449000.0,4.0,2.5,1850,5040,1.0,3,1930,Seattle,242.7
2014-06-23,2075000.0,4.0,3.5,4230,20377,2.0,3,1997,Bellevue,490.54
2014-06-23,420000.0,3.0,2.0,1200,5029,1.0,3,1937,Seattle,350.0
2014-06-23,735000.0,4.0,2.25,2270,5102,1.0,5,1954,Seattle,323.79
2014-06-23,200000.0,3.0,1.5,1090,9600,1.0,4,1968,Covington,183.49
2014-06-23,286000.0,3.0,2.75,1100,750,2.0,3,2008,Seattle,260.0
2014-06-23,579000.0,3.0,2.5,1640,1269,3.0,3,2009,Seattle,353.05
2014-06-23,345100.0,3.0,3.75,1950,8625,1.0,3,1959,Seattle,176.97
2014-06-23,350000.0,3.0,1.75,1660,10150,1.5,3,1957,Shoreline,210.84
2014-06-23,291500.0,3.0,1.0,880,9238,1.5,5,1946,Shoreline,331.25
2014-06-23,649950.0,3.0,2.5,1500,1375,2.0,3,2014,Seattle,433.3
2014-06-23,458500.0,3.0,2.0,1890,1599,2.0,3,2012,Seattle,242.59
2014-06-23,500000.0,3.0,1.0,1150,5100,2.0,3,1911,Seattle,434.78
2014-06-23,362300.0,3.0,2.5,2430,15264,2.0,3,1997,Kent,149.09
2014-06-23,324000.0,4.0,1.75,2110,7208,1.0,3,1975,Renton,153.55
2014-06-23,495000.0,3.0,2.0,2950,12196,2.0,4,1918,Burien,167.8
2014-06-23,233500.0,3.0,2.25,1650,2958,2.0,3,1985,Kent,141.52
2014-06-23,479000.0,3.0,2.25,2110,11319,2.0,4,1978,Woodinville,227.01
2014-06-23,322200.0,4.0,2.25,2010,19000,2.0,4,1975,Covington,160.3
2014-06-23,835000.0,4.0,2.5,3030,29163,2.0,3,1998,Redmond,275.58
2014-06-23,347000.0,3.0,1.0,1270,8400,1.0,3,1955,Bothell,273.23
2014-06-23,725000.0,3.0,1.75,1610,8613,1.0,5,1962,Kirkland,450.31
2014-06-23,345000.0,3.0,1.0,1140,4200,2.0,4,1904,Seattle,302.63
2014-06-23,345950.0,3.0,2.5,2110,4118,2.0,3,1989,Kent,163.96
2014-06-23,550000.0,3.0,1.75,1840,8086,1.0,4,1964,Redmond,298.91
2014-06-23,399950.0,3.0,1.75,1560,5223,1.0,4,1940,Seattle,256.38
2014-06-23,269500.0,3.0,1.75,1840,7412,1.0,4,1976,Kent,146.47
2014-06-23,494000.0,4.0,2.5,1830,7345,1.0,4,1973,Shoreline,269.95
2014-06-23,453000.0,4.0,1.75,2120,7420,1.0,4,1956,Bellevue,213.68
2014-06-23,442500.0,3.0,1.75,1600,10280,1.0,3,1977,Kirkland,276.56
2014-06-23,235000.0,4.0,1.75,1450,8891,1.5,3,1962,Tukwila,162.07
2014-06-23,389800.0,3.0,1.75,1880,12821,1.0,3,1959,Lake Forest Park,207.34
2014-06-23,346000.0,3.0,1.75,1270,8100,1.0,3,1950,Burien,272.44
2014-06-23,360000.0,4.0,1.5,1720,6417,1.0,3,1953,Seattle,209.3
2014-06-23,650000.0,4.0,2.5,2400,7351,2.0,3,1990,Issaquah,270.83
2014-06-23,290000.0,3.0,1.0,1150,8145,1.0,4,1932,Shoreline,252.17
2014-06-23,234000.0,2.0,1.0,870,11100,1.0,3,1940,Seattle,268.97
2014-06-23,260000.0,4.0,2.5,2000,37045,2.0,3,1989,Kent,130.0
2014-06-23,349900.0,3.0,2.0,2420,38781,1.0,5,1949,Issaquah,144.59
2014-06-23,275000.0,3.0,1.0,1080,6000,1.0,4,1952,Shoreline,254.63
2014-06-23,725000.0,4.0,2.5,3420,30410,2.0,3,1988,Woodinville,211.99
2014-06-23,375000.0,4.0,2.5,1870,7471,2.0,3,1990,Renton,200.53
2014-06-23,806000.0,4.0,2.5,2500,206474,1.0,3,1997,Redmond,322.4
2014-06-23,470000.0,3.0,2.5,2150,8221,2.0,3,1992,Renton,218.6
2014-06-23,490000.0,3.0,2.25,1470,2500,2.0,3,1984,Seattle,333.33
2014-06-23,615000.0,5.0,2.0,2130,4180,1.5,5,1926,Seattle,288.73
2014-06-23,249000.0,3.0,1.0,1000,19204,1.0,3,1968,Kent,249.0
2014-06-23,396500.0,3.0,1.75,2390,7149,1.0,3,1955,Seattle,165.9
2014-06-23,405000.0,2.0,1.0,860,2599,1.0,4,1901,Seattle,470.93
2014-06-23,560000.0,3.0,2.5,1960,12476,2.0,4,1989,Newcastle,285.71
2014-06-23,459950.0,4.0,2.5,2000,6107,2.0,3,2003,Bothell,229.98
2014-06-23,265000.0,3.0,1.0,1620,9450,1.5,3,1928,Seattle,163.58
2014-06-23,502000.0,6.0,2.5,2890,8122,1.0,3,1977,Bellevue,173.7
2014-06-23,430000.0,3.0,1.75,1300,12731,1.0,3,1981,Sammamish,330.77
2014-06-23,525000.0,2.0,1.0,1080,3500,1.0,3,1924,Seattle,486.11
2014-06-23,415000.0,4.0,2.5,2170,8518,1.0,3,1955,Seattle,191.24
2014-06-23,600000.0,3.0,2.5,2260,10153,2.0,3,1987,Sammamish,265.49
2014-06-23,225000.0,3.0,1.75,1580,8820,1.0,4,1967,Federal Way,142.41
2014-06-23,300000.0,4.0,2.5,2620,4469,2.0,3,2008,Covington,114.5
2014-06-23,491234.0,4.0,2.5,1540,1860,2.0,3,2014,Issaquah,318.98
2014-06-23,1580000.0,4.0,2.5,4570,74487,2.0,5,1948,Seattle,345.73
2014-06-23,905000.0,4.0,3.25,3440,7661,2.0,3,2006,Issaquah,263.08
2014-06-23,199950.0,5.0,2.5,1740,8750,1.0,4,1959,Des Moines,114.91
2014-06-23,450000.0,4.0,1.75,2160,4333,1.0,4,1942,Seattle,208.33
2014-06-23,899000.0,3.0,1.0,1480,6978,2.0,4,1949,Yarrow Point,607.43
2014-06-23,649000.0,2.0,1.75,2260,280962,2.0,3,2005,Carnation,287.17
2014-06-23,780000.0,4.0,3.5,3910,59863,2.0,4,1987,Issaquah,199.49
2014-06-23,400000.0,4.0,1.75,1700,20283,1.5,3,1965,Duvall,235.29
2014-06-23,831500.0,5.0,2.5,4470,35124,2.5,3,1984,Woodinville,186.02
2014-06-23,471001.0,3.0,1.75,1800,6000,1.0,5,1905,Seattle,261.67
2014-06-23,385000.0,3.0,3.25,1630,1677,3.0,3,2007,Seattle,236.2
2014-06-23,326000.0,3.0,1.0,1030,9834,1.0,3,1969,Woodinville,316.5
2014-06-23,335000.0,1.0,1.0,720,5100,1.0,3,1907,Seattle,465.28
2014-06-23,320000.0,4.0,1.5,1890,43560,1.0,4,1974,Auburn,169.31
2014-06-23,300000.0,4.0,2.5,1840,5550,2.0,3,2004,Kent,163.04
2014-06-23,269950.0,4.0,2.5,2540,8400,2.0,5,1977,Kent,106.28
2014-06-23,1220000.0,4.0,3.75,3520,3944,1.5,5,1913,Seattle,346.59
2014-06-23,590000.0,4.0,2.5,3220,7875,1.5,4,1966,Bellevue,183.23
2014-06-23,750000.0,3.0,2.0,1820,5000,1.5,4,1941,Seattle,412.09
2014-06-23,239950.0,3.0,1.75,1230,9600,1.0,4,1984,Covington,195.08
2014-06-23,215000.0,3.0,2.0,1340,8505,1.0,3,1931,SeaTac,160.45
2014-06-23,165000.0,3.0,1.0,1200,13100,1.0,3,1943,Tukwila,137.5
2014-06-23,261350.0,3.0,1.75,1390,18200,1.0,4,1962,Federal Way,188.02
2014-06-23,569000.0,4.0,2.0,1730,3884,1.0,5,1924,Seattle,328.9
2014-06-23,425000.0,3.0,2.25,1580,39189,1.0,3,1992,Redmond,268.99
2014-06-23,800000.0,4.0,3.0,3520,4895,1.0,3,1954,Seattle,227.27
2014-06-23,715000.0,4.0,2.5,2650,30500,1.0,4,1960,Issaquah,269.81
2014-06-23,337000.0,3.0,1.75,1310,12750,1.0,3,1993,Renton,257.25
2014-06-23,560000.0,4.0,2.5,2300,7989,2.0,3,1990,Sammamish,243.48
2014-06-23,449500.0,3.0,2.25,1780,7280,1.0,3,1972,Kirkland,252.53
2014-06-23,660000.0,3.0,3.25,1980,2850,3.0,3,1987,Seattle,333.33
2014-06-23,685000.0,2.0,1.5,1300,1676,1.0,3,1943,Seattle,526.92
2014-06-23,905000.0,5.0,3.5,3500,10155,2.0,3,1996,Bellevue,258.57
2014-06-23,403500.0,3.0,1.0,1830,8004,1.0,3,1960,Seattle,220.49
2014-06-23,405000.0,3.0,2.25,1520,1245,3.0,3,2004,Seattle,266.45
2014-06-23,385000.0,4.0,2.75,2700,37011,2.0,3,1984,Kent,142.59
2014-06-23,1700000.0,3.0,2.75,2810,18731,2.0,4,1974,Redmond,604.98
2014-06-23,285000.0,3.0,2.5,1660,6263,2.0,3,2003,Kent,171.69
2014-06-23,249900.0,3.0,2.0,1310,6738,1.0,4,1990,Covington,190.76
2014-06-23,633634.0,4.0,3.5,2960,6000,2.0,3,2014,Snoqualmie,214.07
2014-06-23,329900.0,3.0,2.5,2242,4995,2.0,3,2011,Auburn,147.15
2014-06-23,310000.0,3.0,2.5,2540,4775,2.0,3,2006,Kent,122.05
2014-06-23,345000.0,3.0,1.5,1420,1192,2.0,3,2008,Seattle,242.96
2014-06-23,160797.0,3.0,1.5,1270,2356,2.0,3,2012,Seattle,126.61
2014-06-23,562500.0,3.0,2.25,1300,907,2.0,3,2006,Seattle,432.69
2014-06-23,664950.0,5.0,3.0,3190,7081,1.0,3,2013,Seattle,208.45
2014-06-23,515000.0,5.0,3.25,2910,5027,2.0,3,2013,Seattle,176.98
2014-06-23,497000.0,3.0,2.25,1630,3817,2.0,3,2005,Issaquah,304.91
2014-06-23,312891.0,5.0,3.0,2300,8214,2.0,3,2013,Federal Way,136.04
2014-06-23,670000.0,3.0,2.5,3310,5300,2.0,3,2008,Seattle,202.42
2014-06-23,362500.0,2.0,1.5,940,1768,2.0,3,2009,Seattle,385.64
2014-06-23,402101.0,2.0,0.75,1020,1350,2.0,3,2009,Seattle,394.22
2014-06-24,438000.0,3.0,1.75,1520,6380,1.0,3,1948,Seattle,288.16
2014-06-24,687500.0,4.0,1.75,2330,5000,1.5,4,1929,Seattle,295.06
2014-06-24,160000.0,3.0,1.5,1010,9600,1.0,4,1962,Des Moines,158.42
2014-06-24,415000.0,3.0,1.75,1070,8000,1.0,3,1977,Redmond,387.85
2014-06-24,405000.0,3.0,2.5,3170,12750,2.0,3,1995,Federal Way,127.76
2014-06-24,880000.0,4.0,2.5,3030,3841,3.0,3,2005,Seattle,290.43
2014-06-24,585000.0,3.0,2.5,2270,100545,2.0,3,1998,Vashon,257.71
2014-06-24,640000.0,4.0,2.5,2341,9594,2.0,3,1997,Redmond,273.39
2014-06-24,819000.0,3.0,3.5,2130,6150,2.0,5,1908,Seattle,384.51
2014-06-24,520000.0,3.0,1.75,2300,35722,1.0,3,1984,Woodinville,226.09
2014-06-24,367500.0,3.0,1.0,1660,11783,1.0,4,1978,Woodinville,221.39
2014-06-24,762500.0,4.0,2.75,2610,8760,1.0,4,1978,Mercer Island,292.15
2014-06-24,300000.0,3.0,1.0,2150,7007,1.0,3,1954,Shoreline,139.53
2014-06-24,625000.0,3.0,2.5,2410,64073,1.0,4,1976,Woodinville,259.34
2014-06-24,530000.0,2.0,1.5,1580,3680,1.0,3,1941,Seattle,335.44
2014-06-24,379000.0,3.0,2.5,1740,30886,2.0,3,1992,North Bend,217.82
2014-06-24,615000.0,2.0,1.0,1270,5000,1.0,3,1949,Seattle,484.25
2014-06-24,660000.0,2.0,2.25,2550,6000,2.0,5,1902,Seattle,258.82
2014-06-24,380000.0,3.0,2.25,1860,15559,2.0,4,1963,Enumclaw,204.3
2014-06-24,314900.0,4.0,1.75,2700,27072,1.0,3,1958,Federal Way,116.63
2014-06-24,324950.0,3.0,1.5,1460,8710,1.0,3,1955,Burien,222.57
2014-06-24,225000.0,3.0,1.75,1330,13102,1.0,3,1968,Federal Way,169.17
2014-06-24,535000.0,3.0,2.5,2070,4132,2.0,3,1999,Sammamish,258.45
2014-06-24,348500.0,3.0,1.5,1360,10726,1.0,4,1966,Renton,256.25
2014-06-24,725000.0,4.0,2.5,2650,18295,2.0,3,1986,Bellevue,273.58
2014-06-24,925000.0,4.0,3.0,3580,35261,1.5,3,1985,Woodinville,258.38
2014-06-24,549000.0,2.0,1.0,2034,13392,1.0,5,1947,Vashon,269.91
2014-06-24,400000.0,3.0,2.0,1230,11413,1.0,3,1984,Sammamish,325.2
2014-06-24,620000.0,4.0,2.5,2450,55387,2.0,3,1994,Redmond,253.06
2014-06-24,665000.0,6.0,2.75,2840,8346,1.0,5,1961,Seattle,234.15
2014-06-24,1215000.0,4.0,3.75,3820,53574,1.0,3,1994,Woodinville,318.06
2014-06-24,1157400.0,3.0,2.5,2740,5925,2.0,3,1913,Seattle,422.41
2014-06-24,349950.0,4.0,2.5,2090,5289,2.0,3,1989,Renton,167.44
2014-06-24,2466350.0,5.0,4.75,6390,13180,2.0,3,1940,Seattle,385.97
2014-06-24,339000.0,4.0,2.0,2470,5080,1.5,3,1948,Seattle,137.25
2014-06-24,615000.0,3.0,1.75,1720,4080,1.0,4,1924,Seattle,357.56
2014-06-24,751000.0,4.0,3.25,3090,9571,2.0,3,2004,Redmond,243.04
2014-06-24,941000.0,4.0,1.75,2320,3825,1.5,5,1926,Seattle,405.6
2014-06-24,600000.0,4.0,1.75,1740,7700,1.0,5,1968,Bellevue,344.83
2014-06-24,455000.0,4.0,2.5,2950,4502,2.0,3,2005,Renton,154.24
2014-06-24,1295648.0,0.0,0.0,4810,28008,2.0,3,1990,Redmond,269.37
2014-06-24,485000.0,3.0,2.5,1500,5412,1.0,5,1920,Seattle,323.33
2014-06-24,358000.0,3.0,1.5,1810,100188,1.0,5,1969,Enumclaw,197.79
2014-06-24,339000.0,3.0,1.0,1100,4128,1.0,4,1942,Seattle,308.18
2014-06-24,258000.0,3.0,1.0,1490,7435,1.0,3,1969,Des Moines,173.15
2014-06-24,455000.0,2.0,1.5,1200,1259,2.0,3,2013,Seattle,379.17
2014-06-24,437000.0,4.0,2.5,1890,8505,1.0,3,1980,Redmond,231.22
2014-06-24,689000.0,3.0,1.75,2200,9840,1.0,5,1978,Bellevue,313.18
2014-06-24,319000.0,4.0,2.5,2510,7992,1.0,3,1978,Kent,127.09
2014-06-24,510000.0,3.0,2.25,1420,1309,3.0,3,2006,Seattle,359.15
2014-06-24,440000.0,3.0,1.75,2000,9900,1.0,4,1957,Normandy Park,220.0
2014-06-24,1010000.0,2.0,2.0,1460,9052,1.0,5,1900,Kirkland,691.78
2014-06-24,875000.0,4.0,2.5,3220,22588,2.0,3,1996,Woodinville,271.74
2014-06-24,304000.0,4.0,2.0,1310,8454,1.0,4,1953,Shoreline,232.06
2014-06-24,139000.0,2.0,1.0,690,5280,1.0,4,1942,Renton,201.45
2014-06-24,464500.0,3.0,1.75,1150,10466,1.0,5,1959,Bellevue,403.91
2014-06-24,336500.0,3.0,1.0,1480,7284,1.0,3,1963,Shoreline,227.36
2014-06-24,230000.0,4.0,1.75,1850,6000,1.0,4,1944,Seattle,124.32
2014-06-24,425000.0,3.0,2.5,1930,4500,2.0,3,1990,Issaquah,220.21
2014-06-24,300000.0,2.0,1.0,750,5120,1.0,4,1941,Seattle,400.0
2014-06-24,457500.0,3.0,2.25,1430,2003,2.0,3,1996,Seattle,319.93
2014-06-24,366000.0,3.0,1.75,1840,11440,1.0,4,1977,Renton,198.91
2014-06-24,502000.0,3.0,2.0,1300,14350,1.0,3,1955,Bellevue,386.15
2014-06-24,194000.0,3.0,1.0,1050,7577,1.0,3,1983,Federal Way,184.76
2014-06-24,305000.0,4.0,2.25,2210,9371,2.0,4,1968,Kent,138.01
2014-06-24,1250000.0,4.0,2.5,3220,15600,1.0,5,1973,Bellevue,388.2
2014-06-24,575000.0,4.0,2.5,4620,20793,2.0,4,1991,Federal Way,124.46
2014-06-24,343500.0,4.0,1.75,1760,6204,1.0,4,1950,Seattle,195.17
2014-06-24,325000.0,3.0,1.0,850,6906,1.0,3,1948,Shoreline,382.35
2014-06-24,600000.0,4.0,3.25,4690,14930,2.0,3,1995,Lake Forest Park,127.93
2014-06-24,850000.0,4.0,3.5,3920,37122,2.0,3,1996,Redmond,216.84
2014-06-24,420000.0,3.0,2.5,2140,3821,2.0,3,2005,Issaquah,196.26
2014-06-24,257500.0,2.0,2.0,1180,9265,1.0,3,1940,Seattle,218.22
2014-06-24,317000.0,5.0,2.5,2360,11375,1.0,4,1962,Seattle,134.32
2014-06-24,970000.0,3.0,2.25,3060,9950,1.5,4,1930,Seattle,316.99
2014-06-24,252000.0,3.0,2.25,1670,7881,1.0,4,1977,Kent,150.9
2014-06-24,683500.0,3.0,1.5,1820,5756,1.5,3,1946,Seattle,375.55
2014-06-24,289000.0,3.0,2.5,1970,9607,2.0,3,1988,Auburn,146.7
2014-06-24,355000.0,2.0,2.25,930,747,2.0,3,2007,Seattle,381.72
2014-06-24,675000.0,3.0,3.5,2300,5611,1.0,3,2004,Redmond,293.48
2014-06-24,396500.0,3.0,2.5,2590,18980,1.0,4,1976,Kent,153.09
2014-06-24,362500.0,4.0,1.75,1450,8450,1.0,3,1960,Issaquah,250.0
2014-06-24,395000.0,4.0,1.75,1540,5120,1.0,5,1943,Seattle,256.49
2014-06-24,599000.0,5.0,2.75,2730,22572,1.0,3,1968,Sammamish,219.41
2014-06-24,218000.0,3.0,1.0,880,18205,1.0,4,1945,Seattle,247.73
2014-06-24,589950.0,4.0,2.5,3190,8195,2.0,3,2006,Maple Valley,184.94
2014-06-24,218000.0,3.0,1.5,1330,7600,1.0,4,1968,Federal Way,163.91
2014-06-24,360000.0,3.0,1.75,1500,7200,1.0,3,1957,Shoreline,240.0
2014-06-24,350000.0,2.0,1.0,740,7680,1.0,4,1922,Seattle,472.97
2014-06-24,350000.0,4.0,3.0,2560,5606,2.0,3,2004,Auburn,136.72
2014-06-24,845000.0,3.0,2.0,2540,4750,1.5,5,1930,Seattle,332.68
2014-06-24,839000.0,3.0,2.5,3200,203425,1.0,3,2000,Woodinville,262.19
2014-06-24,850000.0,4.0,3.0,3330,4000,1.0,3,1958,Seattle,255.26
2014-06-24,329950.0,2.0,1.0,900,5220,1.0,4,1956,Seattle,366.61
2014-06-24,425000.0,4.0,1.5,1600,6180,1.5,3,1946,Seattle,265.62
2014-06-24,210000.0,2.0,1.0,970,5500,1.0,3,1956,Seattle,216.49
2014-06-24,631500.0,2.0,1.0,1130,2640,1.0,4,1927,Seattle,558.85
2014-06-24,295000.0,2.0,1.0,650,5400,1.0,3,1950,Seattle,453.85
2014-06-24,575000.0,3.0,2.25,2400,5000,1.5,4,1926,Seattle,239.58
2014-06-24,415000.0,3.0,2.5,2280,6031,2.0,3,2011,Duvall,182.02
2014-06-24,859000.0,4.0,2.25,3550,13900,1.0,3,2010,Bellevue,241.97
2014-06-24,639888.0,4.0,2.5,2050,2772,2.0,3,2012,Issaquah,312.14
2014-06-24,329445.0,2.0,1.5,830,1119,2.0,3,2005,Seattle,396.92
2014-06-24,745641.0,4.0,2.5,2440,4850,2.0,3,2013,Redmond,305.59
2014-06-24,395000.0,3.0,2.5,1600,1936,2.0,3,2007,Seattle,246.88
2014-06-24,790000.0,4.0,3.5,3190,31450,2.0,3,2010,Issaquah,247.65
2014-06-25,890000.0,4.0,1.0,2550,4000,2.0,3,1905,Seattle,349.02
2014-06-25,400000.0,3.0,2.5,2180,7508,1.0,4,1962,Shoreline,183.49
2014-06-25,365500.0,3.0,2.0,1410,9600,1.0,4,1983,Woodinville,259.22
2014-06-25,245000.0,3.0,2.0,1410,5760,1.0,3,1985,Kent,173.76
2014-06-25,390000.0,4.0,2.5,2340,8548,2.0,3,1993,Kent,166.67
2014-06-25,196500.0,3.0,1.0,1320,9000,1.0,3,1966,Auburn,148.86
2014-06-25,1200000.0,4.0,1.75,3990,13470,2.0,3,2006,Newcastle,300.75
2014-06-25,276900.0,3.0,1.0,1270,7566,1.0,4,1958,Renton,218.03
2014-06-25,995000.0,3.0,4.5,4380,47044,2.0,3,1968,Burien,227.17
2014-06-25,2300000.0,4.0,3.25,4250,8570,2.0,3,2004,Bellevue,541.18
2014-06-25,505000.0,3.0,2.5,1860,8060,2.0,4,1987,Issaquah,271.51
2014-06-25,1229000.0,4.0,3.5,3770,37034,2.0,3,1989,Bellevue,325.99
2014-06-25,352000.0,4.0,1.0,1530,8890,1.0,3,1925,Seattle,230.07
2014-06-25,597326.0,4.0,4.0,3570,8250,2.0,3,2013,Mercer Island,167.32
2014-06-25,800000.0,2.0,1.0,1740,5719,1.0,3,1955,Seattle,459.77
2014-06-25,270000.0,3.0,2.5,1670,8364,1.0,4,1990,Covington,161.68
2014-06-25,235000.0,4.0,2.0,1570,9415,2.0,4,1984,Auburn,149.68
2014-06-25,409900.0,2.0,2.5,1590,1845,2.0,3,1997,Kirkland,257.8
2014-06-25,739900.0,5.0,2.5,2980,5377,2.0,3,2006,Redmond,248.29
2014-06-25,608000.0,4.0,2.5,2690,4736,2.0,3,2001,Redmond,226.02
2014-06-25,381500.0,2.0,1.0,900,2910,1.0,5,1924,Seattle,423.89
2014-06-25,562100.0,2.0,0.75,1440,3700,1.0,3,1914,Seattle,390.35
2014-06-25,740000.0,4.0,2.5,3000,10392,2.0,3,1995,Issaquah,246.67
2014-06-25,308000.0,3.0,1.0,1640,18144,1.5,3,1942,Seattle,187.8
2014-06-25,905000.0,5.0,3.5,3100,10200,1.0,3,1970,Bellevue,291.94
2014-06-25,762000.0,4.0,3.5,4000,15253,2.0,3,2007,Snoqualmie,190.5
2014-06-25,356000.0,4.0,2.0,2020,48693,1.5,3,1949,North Bend,176.24
2014-06-25,750000.0,3.0,1.5,1840,5000,1.5,5,1915,Seattle,407.61
2014-06-25,418800.0,4.0,2.25,2100,9984,1.0,4,1973,Kenmore,199.43
2014-06-25,276000.0,4.0,2.25,2460,11250,1.0,4,1959,Auburn,112.2
2014-06-25,725000.0,3.0,2.5,2610,7510,2.0,3,1996,Redmond,277.78
2014-06-25,285000.0,3.0,2.0,1460,6377,1.0,3,1995,Maple Valley,195.21
2014-06-25,205000.0,3.0,1.0,1050,8498,1.0,3,1958,Kent,195.24
2014-06-25,583000.0,3.0,2.5,1790,8144,2.0,3,1989,Sammamish,325.7
2014-06-25,657000.0,4.0,2.5,2180,3375,1.5,4,1926,Seattle,301.38
2014-06-25,386000.0,4.0,2.25,2050,9583,2.0,3,1965,Des Moines,188.29
2014-06-25,589950.0,5.0,3.0,2790,19439,1.0,5,1973,Renton,211.45
2014-06-25,575000.0,3.0,2.25,1700,3333,1.5,3,1924,Seattle,338.24
2014-06-25,574000.0,3.0,2.5,2380,6832,2.0,3,2002,Snoqualmie,241.18
2014-06-25,690500.0,5.0,2.0,2000,4211,1.5,4,1908,Seattle,345.25
2014-06-25,565000.0,2.0,1.75,1670,4008,1.0,3,2005,Issaquah,338.32
2014-06-25,500000.0,3.0,1.5,1190,4750,1.0,3,1940,Seattle,420.17
2014-06-25,330000.0,6.0,2.25,3040,28535,1.0,3,1951,Kent,108.55
2014-06-25,286000.0,2.0,1.0,780,3475,1.0,4,1930,North Bend,366.67
2014-06-25,450000.0,3.0,1.5,2330,11740,1.0,3,1954,Lake Forest Park,193.13
2014-06-25,870000.0,4.0,2.75,2840,4000,1.5,5,1912,Seattle,306.34
2014-06-25,725000.0,4.0,2.5,2490,5170,2.0,4,2000,Redmond,291.16
2014-06-25,275000.0,2.0,1.0,770,4840,1.0,4,1927,Seattle,357.14
2014-06-25,645000.0,3.0,2.75,1850,16960,1.0,4,1953,Seattle,348.65
2014-06-25,152000.0,3.0,1.0,1090,3264,1.0,4,1969,Auburn,139.45
2014-06-25,315000.0,4.0,2.0,1780,5336,1.5,5,1918,Seattle,176.97
2014-06-25,190000.0,1.0,0.75,930,29258,1.0,3,1941,Seattle,204.3
2014-06-25,700000.0,4.0,2.5,2770,5686,2.0,3,2004,Sammamish,252.71
2014-06-25,233000.0,3.0,1.0,1250,6180,1.5,3,1955,Shoreline,186.4
2014-06-25,249000.0,4.0,2.25,1830,6136,2.0,3,1990,Kent,136.07
2014-06-25,310000.0,2.0,1.0,870,5400,1.0,3,1950,Seattle,356.32
2014-06-25,265950.0,3.0,1.5,1150,8450,1.0,4,1951,Seattle,231.26
2014-06-25,860000.0,5.0,3.25,4500,9648,2.0,4,1968,Seattle,191.11
2014-06-25,200000.0,3.0,1.0,1150,4800,1.5,4,1938,Auburn,173.91
2014-06-25,402000.0,4.0,2.25,2000,3672,2.0,5,1926,Seattle,201.0
2014-06-25,305000.0,6.0,2.0,1900,8240,1.0,2,1964,Seattle,160.53
2014-06-25,505000.0,3.0,1.75,1640,10695,1.0,3,1975,Kirkland,307.93
2014-06-25,1355000.0,3.0,1.5,2680,4775,2.0,5,1913,Seattle,505.6
2014-06-25,482000.0,3.0,2.5,2420,7307,2.0,3,1998,Snoqualmie,199.17
2014-06-25,299950.0,3.0,1.75,1790,7650,1.0,3,1978,Federal Way,167.57
2014-06-25,770000.0,4.0,2.5,3920,12415,2.0,3,1997,Sammamish,196.43
2014-06-25,245700.0,3.0,2.25,1640,8400,1.0,3,1968,Kent,149.82
2014-06-25,283000.0,3.0,1.0,890,8400,1.0,4,1954,Renton,317.98
2014-06-25,650000.0,4.0,2.75,1910,16532,1.0,4,1940,Seattle,340.31
2014-06-25,530000.0,5.0,2.25,2140,7910,1.0,3,1962,Bellevue,247.66
2014-06-25,440000.0,3.0,1.75,2030,17100,1.0,4,1953,Burien,216.75
2014-06-25,1005000.0,4.0,4.5,4225,284011,2.0,4,1985,Sammamish,237.87
2014-06-25,599990.0,3.0,2.25,2680,9162,1.0,3,1978,Issaquah,223.88
2014-06-25,544000.0,4.0,2.5,2030,3974,2.0,3,1994,Issaquah,267.98
2014-06-25,1700000.0,5.0,3.5,5850,22885,2.0,4,1978,Bellevue,290.6
2014-06-25,270000.0,2.0,1.0,2060,8398,1.0,3,1962,Seattle,131.07
2014-06-25,435000.0,2.0,1.0,1060,3036,1.5,4,1943,Seattle,410.38
2014-06-25,349000.0,3.0,1.0,1010,8184,1.0,4,1947,Shoreline,345.54
2014-06-25,1140000.0,4.0,2.25,3310,127631,2.0,5,1924,Woodinville,344.41
2014-06-25,320000.0,4.0,2.5,2000,10051,2.0,3,1997,Maple Valley,160.0
2014-06-25,804100.0,4.0,2.5,3070,8086,2.0,3,2005,Newcastle,261.92
2014-06-25,594000.0,3.0,2.25,1270,1406,2.0,3,2014,Seattle,467.72
2014-06-25,531500.0,4.0,2.75,3110,49765,1.0,4,1958,Black Diamond,170.9
2014-06-25,1150000.0,3.0,2.0,2110,18815,2.0,5,1979,Sammamish,545.02
2014-06-25,374500.0,3.0,2.25,1400,11400,2.0,3,1984,Kenmore,267.5
2014-06-25,450000.0,4.0,2.75,2310,5650,1.0,3,1952,Seattle,194.81
2014-06-25,744500.0,5.0,2.5,2700,16570,1.0,4,1967,Bellevue,275.74
2014-06-25,913888.0,5.0,2.25,2370,15512,2.0,4,1981,Bellevue,385.61
2014-06-25,760000.0,4.0,2.5,2760,6000,2.0,5,1942,Seattle,275.36
2014-06-25,346500.0,2.0,1.75,1610,6300,1.0,3,1941,Seattle,215.22
2014-06-25,280000.0,3.0,1.75,1230,8250,1.0,3,1966,Renton,227.64
2014-06-25,557500.0,3.0,1.75,1900,11165,1.0,4,1959,Bellevue,293.42
2014-06-25,260000.0,3.0,1.5,1580,8184,1.0,3,1954,Des Moines,164.56
2014-06-25,1330000.0,3.0,1.5,1940,2885,1.5,3,1900,Seattle,685.57
2014-06-25,640000.0,3.0,1.75,1620,6000,1.0,5,1947,Seattle,395.06
2014-06-25,280000.0,7.0,2.5,1940,5458,2.0,3,1994,Auburn,144.33
2014-06-25,205000.0,3.0,1.0,1230,8750,1.0,3,1965,Federal Way,166.67
2014-06-25,957000.0,5.0,3.25,3160,5000,2.0,3,2005,Seattle,302.85
2014-06-25,625000.0,5.0,2.5,2700,21208,1.0,4,1955,Bellevue,231.48
2014-06-25,680000.0,4.0,1.5,1880,6200,1.0,5,1954,Seattle,361.7
2014-06-25,150000.0,2.0,1.0,890,8100,1.0,3,1942,Burien,168.54
2014-06-25,255950.0,3.0,2.5,1720,3676,2.0,3,1992,Kent,148.81
2014-06-25,246500.0,3.0,2.5,1620,7686,2.0,3,1989,Maple Valley,152.16
2014-06-25,450000.0,2.0,1.0,1380,4390,1.0,4,1931,Seattle,326.09
2014-06-25,595888.0,3.0,1.75,1870,9000,1.0,5,1958,Seattle,318.66
2014-06-25,454000.0,3.0,1.0,1970,22144,1.0,4,1970,Snoqualmie,230.46
2014-06-25,299900.0,3.0,1.0,1110,8593,1.0,3,1979,Shoreline,270.18
2014-06-25,200000.0,3.0,2.0,1190,6833,1.0,3,1995,Auburn,168.07
2014-06-25,346500.0,3.0,1.0,1150,11802,1.0,4,1932,Seattle,301.3
2014-06-25,585000.0,4.0,2.75,2890,6825,1.0,3,1973,Kirkland,202.42
2014-06-25,383000.0,3.0,1.75,1500,13430,1.0,3,1977,Woodinville,255.33
2014-06-25,519000.0,4.0,2.5,1950,2617,1.5,4,1910,Seattle,266.15
2014-06-25,410000.0,3.0,1.5,1250,7700,1.0,5,1968,Newcastle,328.0
2014-06-25,578000.0,4.0,2.5,2070,5415,2.0,3,1996,Issaquah,279.23
2014-06-25,1280000.0,4.0,3.5,4660,17398,2.0,3,2003,Bellevue,274.68
2014-06-25,395000.0,2.0,2.25,1350,1493,2.0,3,2007,Seattle,292.59
2014-06-25,364000.0,3.0,2.5,1800,2790,2.0,3,2011,Seattle,202.22
2014-06-25,240000.0,3.0,2.25,1481,2820,2.0,3,2012,Auburn,162.05
2014-06-25,328423.0,3.0,2.5,1730,3600,2.0,3,2014,Seattle,189.84
2014-06-25,594000.0,4.0,2.75,2720,4613,2.0,3,2005,Kenmore,218.38
2014-06-25,425000.0,3.0,2.5,2320,2267,3.0,3,2009,Seattle,183.19
2014-06-25,309620.0,3.0,2.5,1860,3730,2.0,3,2012,Duvall,166.46
2014-06-25,260000.0,5.0,2.5,2025,7760,2.0,3,2007,Pacific,128.4
2014-06-25,563500.0,3.0,2.5,1400,1312,3.5,3,2007,Seattle,402.5
2014-06-25,975000.0,5.0,3.0,2620,5477,2.0,3,2009,Seattle,372.14
2014-06-26,937000.0,3.0,1.75,2450,2691,2.0,3,1915,Seattle,382.45
2014-06-26,518500.0,3.0,3.5,1590,1102,3.0,3,2010,Seattle,326.1
2014-06-26,563500.0,4.0,1.75,2085,174240,1.0,3,1964,Fall City,270.26
2014-06-26,1050000.0,4.0,3.5,3450,7832,2.0,3,2007,Bellevue,304.35
2014-06-26,350000.0,3.0,2.25,1780,16290,2.0,4,1987,Renton,196.63
2014-06-26,826000.0,4.0,2.5,3060,7140,2.0,3,2006,Issaquah,269.93
2014-06-26,225000.0,3.0,2.0,1700,11475,1.0,5,1945,Burien,132.35
2014-06-26,235867.0,4.0,2.0,1330,5926,1.0,4,1942,Renton,177.34
2014-06-26,399000.0,4.0,3.0,3060,5000,2.0,3,2001,Covington,130.39
2014-06-26,177500.0,3.0,1.5,1220,6000,1.0,3,1968,Renton,145.49
2014-06-26,224000.0,4.0,1.5,1600,9289,1.0,4,1959,Auburn,140.0
2014-06-26,302000.0,4.0,1.75,1530,17664,1.5,3,1968,Renton,197.39
2014-06-26,760000.0,3.0,2.5,1980,13964,1.0,5,1959,Mercer Island,383.84
2014-06-26,460000.0,3.0,2.5,1730,8490,1.0,3,1969,Kirkland,265.9
2014-06-26,415000.0,3.0,1.0,1170,6700,1.0,3,1957,Seattle,354.7
2014-06-26,669000.0,2.0,1.75,1950,10766,1.0,4,1952,Burien,343.08
2014-06-26,254600.0,3.0,2.0,1470,20000,1.0,4,1968,Auburn,173.2
2014-06-26,357250.0,3.0,1.5,1400,8840,1.0,4,1952,Seattle,255.18
2014-06-26,910000.0,4.0,3.5,4040,50479,2.0,3,1987,Woodinville,225.25
2014-06-26,725000.0,6.0,3.0,3110,5000,1.5,5,1921,Seattle,233.12
2014-06-26,670000.0,3.0,1.5,1490,4400,1.5,4,1906,Seattle,449.66
2014-06-26,440000.0,4.0,1.5,1770,5750,2.0,3,1947,Seattle,248.59
2014-06-26,1025000.0,4.0,3.5,3320,19850,1.0,4,1977,Mercer Island,308.73
2014-06-26,320000.0,2.0,1.0,950,5316,1.0,3,1948,Seattle,336.84
2014-06-26,310000.0,4.0,2.5,2430,5499,2.0,3,2002,Covington,127.57
2014-06-26,772650.0,4.0,2.5,2660,10800,1.0,3,1955,Bellevue,290.47
2014-06-26,669950.0,4.0,2.5,2670,11877,2.0,3,1996,Sammamish,250.92
2014-06-26,690000.0,5.0,3.5,2720,7598,2.0,3,1993,Seattle,253.68
2014-06-26,385000.0,4.0,2.5,3200,22651,1.0,5,1970,Kent,120.31
2014-06-26,663000.0,3.0,2.5,2480,37843,1.5,4,1974,Vashon,267.34
2014-06-26,300000.0,3.0,2.25,1780,10395,1.0,3,1967,Renton,168.54
2014-06-26,225500.0,2.0,1.75,1590,11276,1.0,4,1972,Auburn,141.82
2014-06-26,320000.0,3.0,2.0,1550,34175,1.5,3,1999,North Bend,206.45
2014-06-26,775000.0,3.0,2.75,2850,14800,1.0,4,1976,Bellevue,271.93
2014-06-26,805000.0,3.0,2.75,2600,5875,1.5,5,1929,Seattle,309.62
2014-06-26,252750.0,4.0,1.0,1230,7410,1.5,3,1944,Burien,205.49
2014-06-26,254000.0,5.0,2.0,2080,16117,1.0,5,1959,Auburn,122.12
2014-06-26,620000.0,6.0,3.5,3600,6875,2.0,3,2004,Snoqualmie,172.22
2014-06-26,435000.0,4.0,2.75,2110,8751,1.0,3,1962,Bothell,206.16
2014-06-26,460000.0,4.0,2.5,2550,19017,1.0,4,1961,Lake Forest Park,180.39
2014-06-26,268000.0,3.0,2.5,1650,6684,2.0,3,1991,Kent,162.42
2014-06-26,446000.0,2.0,1.5,1370,1221,2.0,3,2008,Seattle,325.55
2014-06-26,285000.0,2.0,1.0,1010,7200,1.0,3,1975,Lake Forest Park,282.18
2014-06-26,530000.0,3.0,2.0,2330,26571,2.5,3,1987,Bellevue,227.47
2014-06-26,402000.0,2.0,1.0,620,2475,1.0,5,1911,Seattle,648.39
2014-06-26,358000.0,3.0,1.5,2450,12497,1.0,4,1967,Snoqualmie,146.12
2014-06-26,354950.0,4.0,2.75,2530,7350,1.0,5,1977,Federal Way,140.3
2014-06-26,405000.0,4.0,2.5,2220,4652,2.0,3,2001,Renton,182.43
2014-06-26,568000.0,4.0,1.75,2110,265716,1.0,4,1979,Redmond,269.19
2014-06-26,575000.0,5.0,3.0,3690,49709,1.0,3,1960,Des Moines,155.83
2014-06-26,315000.0,4.0,2.5,1940,10200,1.0,4,1977,Kent,162.37
2014-06-26,280927.0,4.0,2.25,2070,7350,2.0,4,1977,Kent,135.71
2014-06-26,440000.0,4.0,2.5,2160,7826,1.0,4,1976,Lake Forest Park,203.7
2014-06-26,270000.0,4.0,2.25,2600,9900,1.0,3,1965,Seattle,103.85
2014-06-26,755000.0,4.0,2.75,2880,4000,1.5,3,1912,Seattle,262.15
2014-06-26,289659.0,4.0,2.25,2260,7200,2.0,4,1984,Kent,128.17
2014-06-26,555000.0,5.0,3.0,3640,6930,2.0,3,2004,Maple Valley,152.47
2014-06-26,450000.0,3.0,1.5,1530,23660,1.0,3,1952,Lake Forest Park,294.12
2014-06-26,1145000.0,3.0,2.5,2490,4000,2.0,5,1918,Seattle,459.84
2014-06-26,495000.0,3.0,1.75,1440,11787,1.0,3,1983,Sammamish,343.75
2014-06-26,1250000.0,3.0,3.0,3760,8500,2.5,4,1910,Seattle,332.45
2014-06-26,580000.0,4.0,1.75,1720,6975,1.0,3,1975,Redmond,337.21
2014-06-26,560000.0,4.0,2.5,2480,16360,1.0,5,1959,Kenmore,225.81
2014-06-26,1080000.0,4.0,3.5,3990,5267,2.0,3,2008,Bellevue,270.68
2014-06-26,450000.0,2.0,1.75,840,3340,1.0,3,1912,Seattle,535.71
2014-06-26,815000.0,3.0,2.0,2270,11989,1.0,4,1968,Mercer Island,359.03
2014-06-26,354000.0,4.0,2.5,2580,5476,2.0,3,2005,Kent,137.21
2014-06-26,279900.0,3.0,1.75,1580,6620,1.0,3,1988,Federal Way,177.15
2014-06-26,339000.0,2.0,1.0,950,7954,1.0,4,1941,Seattle,356.84
2014-06-26,1340000.0,4.0,3.5,3190,5040,2.0,3,2003,Seattle,420.06
2014-06-26,710000.0,3.0,3.25,3740,136915,2.5,3,1990,Burien,189.84
2014-06-26,815000.0,4.0,2.75,2620,4743,1.0,4,1949,Seattle,311.07
2014-06-26,800000.0,3.0,1.75,2080,75794,1.0,3,1958,Kirkland,384.62
2014-06-26,638000.0,3.0,2.0,1660,3729,1.0,5,1922,Seattle,384.34
2014-06-26,475580.0,3.0,1.75,1520,11085,1.0,3,1983,Sammamish,312.88
2014-06-26,243800.0,3.0,1.0,1140,27760,1.0,4,1981,Issaquah,213.86
2014-06-26,600000.0,3.0,2.5,3240,8016,2.0,3,2004,Snoqualmie,185.19
2014-06-26,620000.0,3.0,2.0,2460,41343,1.0,4,1988,Issaquah,252.03
2014-06-26,750000.0,4.0,2.75,1750,5080,1.5,3,1903,Seattle,428.57
2014-06-26,626000.0,3.0,1.75,2430,5000,2.0,4,1945,Seattle,257.61
2014-06-26,230000.0,3.0,1.0,1060,9946,1.0,4,1956,SeaTac,216.98
2014-06-26,537000.0,3.0,3.0,2410,7479,2.0,3,1942,Lake Forest Park,222.82
2014-06-26,210000.0,2.0,1.0,720,8040,1.0,3,1943,Burien,291.67
2014-06-26,200500.0,3.0,1.75,1260,9346,1.0,4,1963,Kent,159.13
2014-06-26,253500.0,3.0,1.0,1640,12384,1.0,4,1954,Federal Way,154.57
2014-06-26,150000.0,3.0,1.0,1310,9612,1.0,3,1962,Auburn,114.5
2014-06-26,440000.0,3.0,1.5,2120,6290,1.0,4,1949,Seattle,207.55
2014-06-26,667000.0,3.0,1.75,3320,478288,1.5,4,1933,Enumclaw,200.9
2014-06-26,660000.0,3.0,1.0,1210,9622,1.0,3,1955,Bellevue,545.45
2014-06-26,695000.0,3.0,2.75,2590,12063,2.0,3,1993,Bellevue,268.34
2014-06-26,440000.0,4.0,2.5,2250,7526,2.0,3,1989,Renton,195.56
2014-06-26,1388000.0,4.0,3.0,4040,20001,1.0,3,1972,Clyde Hill,343.56
2014-06-26,219500.0,3.0,1.0,1090,6710,1.5,5,1912,Auburn,201.38
2014-06-26,220000.0,3.0,1.5,1660,15600,2.0,3,1981,Auburn,132.53
2014-06-26,270000.0,2.0,1.0,1780,81021,1.0,4,1954,Auburn,151.69
2014-06-26,900000.0,4.0,3.5,3370,5000,2.0,3,2008,Seattle,267.06
2014-06-26,1990000.0,5.0,3.0,4480,5000,2.5,5,1902,Seattle,444.2
2014-06-26,800000.0,4.0,2.5,2990,16809,2.0,3,1990,Woodinville,267.56
2014-06-26,365000.0,5.0,2.0,2280,19000,1.5,3,1924,Burien,160.09
2014-06-26,1387800.0,3.0,3.0,2480,5500,2.0,3,1950,Seattle,559.6
2014-06-26,451000.0,5.0,2.75,2830,8925,1.5,3,1967,Kirkland,159.36
2014-06-26,202000.0,2.0,1.0,920,7569,1.0,4,1950,Burien,219.57
2014-06-26,1410000.0,4.0,2.25,3250,16684,2.0,3,1979,Medina,433.85
2014-06-26,471000.0,2.0,1.75,1240,6417,1.0,5,1924,Seattle,379.84
2014-06-26,827000.0,4.0,2.5,3230,12100,1.0,3,1977,Bellevue,256.04
2014-06-26,235000.0,5.0,2.5,2500,9583,1.0,3,1979,Des Moines,94.0
2014-06-26,216500.0,2.0,1.75,1390,4482,1.0,4,1980,Des Moines,155.76
2014-06-26,359000.0,5.0,1.75,1940,6654,1.5,4,1953,Burien,185.05
2014-06-26,252500.0,3.0,2.0,1900,8002,1.0,3,1991,Federal Way,132.89
2014-06-26,370000.0,3.0,1.5,2380,14500,1.0,4,1961,Kenmore,155.46
2014-06-26,663000.0,3.0,2.0,1480,3876,1.0,5,1928,Seattle,447.97
2014-06-26,971971.0,4.0,3.75,3460,6738,2.0,3,2013,Renton,280.92
2014-06-26,420000.0,3.0,1.75,1444,249126,1.5,3,2008,Vashon,290.86
2014-06-26,330675.0,4.0,3.0,1930,3031,1.0,3,2006,Duvall,171.33
2014-06-26,240000.0,4.0,1.0,1200,2171,1.5,3,1933,Seattle,200.0
2014-06-26,334888.0,3.0,2.5,1769,7324,2.0,3,2012,Auburn,189.31
2014-06-26,414000.0,3.0,2.5,2490,4540,2.5,3,2012,Renton,166.27
2014-06-26,782900.0,4.0,3.25,3060,3898,2.0,3,2014,Issaquah,255.85
2014-06-26,525000.0,4.0,2.75,3030,6625,2.0,3,2011,Renton,173.27
2014-06-26,429900.0,3.0,2.5,2370,5353,2.0,3,2009,Duvall,181.39
2014-06-26,390000.0,3.0,3.25,1370,913,2.0,3,2006,Seattle,284.67
2014-06-26,224000.0,3.0,1.75,1500,11968,1.0,3,2014,Black Diamond,149.33
2014-06-27,257500.0,3.0,2.25,1715,6819,2.0,3,1995,Federal Way,150.15
2014-06-27,665000.0,2.0,1.0,1110,3200,1.0,3,1925,Seattle,599.1
2014-06-27,327000.0,5.0,2.75,2400,8050,2.0,3,1998,Auburn,136.25
2014-06-27,425000.0,3.0,1.0,1520,213444,1.5,5,1988,Renton,279.61
2014-06-27,687500.0,4.0,2.75,3190,10970,2.0,3,1994,Sammamish,215.52
2014-06-27,672500.0,3.0,2.25,2400,5300,1.5,4,1939,Seattle,280.21
2014-06-27,140000.0,3.0,1.0,1060,7473,1.0,3,1959,Des Moines,132.08
2014-06-27,215500.0,2.0,1.75,1220,15600,1.0,3,1972,Auburn,176.64
2014-06-27,464900.0,4.0,2.25,2020,8424,1.0,4,1979,Kirkland,230.15
2014-06-27,417000.0,4.0,2.25,2300,7700,1.0,3,1959,Seattle,181.3
2014-06-27,453000.0,4.0,2.75,2300,37533,1.0,5,1979,Vashon,196.96
2014-06-27,700000.0,3.0,2.5,1660,1545,2.0,3,2002,Seattle,421.69
2014-06-27,1619999.0,4.0,3.0,3900,9750,1.0,5,1972,Bellevue,415.38
2014-06-27,259500.0,3.0,1.75,1650,12349,1.0,3,1957,SeaTac,157.27
2014-06-27,460000.0,4.0,2.5,2110,35091,1.0,4,1985,Issaquah,218.01
2014-06-27,561500.0,3.0,1.75,1960,6380,1.0,4,1939,Seattle,286.48
2014-06-27,641000.0,4.0,2.5,2770,63118,2.0,3,1997,Carnation,231.41
2014-06-27,330000.0,4.0,1.75,2440,7350,1.0,3,1978,Kent,135.25
2014-06-27,447000.0,2.0,1.0,1320,8380,1.0,3,1953,Seattle,338.64
2014-06-27,320000.0,4.0,2.5,2570,4865,2.0,3,2005,Maple Valley,124.51
2014-06-27,212700.0,2.0,1.0,940,5040,1.0,3,1926,Seattle,226.28
2014-06-27,260000.0,2.0,1.0,700,4800,1.0,3,1922,Seattle,371.43
2014-06-27,410000.0,3.0,2.0,1400,45738,2.0,4,1981,Vashon,292.86
2014-06-27,355000.0,4.0,2.5,1890,7867,2.0,3,1996,Maple Valley,187.83
2014-06-27,275500.0,2.0,1.0,720,11400,1.0,5,1951,Shoreline,382.64
2014-06-27,415000.0,3.0,1.75,2410,8944,1.0,4,1967,Renton,172.2
2014-06-27,279000.0,3.0,2.5,1630,7950,1.0,3,1985,Kent,171.17
2014-06-27,350000.0,5.0,1.75,2330,14322,1.0,4,1968,Renton,150.21
2014-06-27,355000.0,2.0,2.25,1330,10838,2.0,3,1985,Kenmore,266.92
2014-06-27,750000.0,4.0,2.25,3190,11597,2.0,3,1984,Sammamish,235.11
2014-06-27,235000.0,3.0,1.75,1400,6300,1.0,3,1998,Enumclaw,167.86
2014-06-27,209950.0,3.0,1.0,970,9583,1.0,4,1967,Federal Way,216.44
2014-06-27,230000.0,3.0,1.75,1010,9600,1.0,5,1969,Covington,227.72
2014-06-27,725000.0,3.0,2.5,3580,54450,1.5,3,1990,Maple Valley,202.51
2014-06-27,430000.0,2.0,1.0,1050,2570,1.0,5,1927,Seattle,409.52
2014-06-27,661500.0,5.0,2.5,2500,7200,1.0,4,1977,Redmond,264.6
2014-06-27,738000.0,3.0,3.0,2630,4896,2.0,3,2006,Redmond,280.61
2014-06-27,1820000.0,4.0,4.5,6640,53330,2.0,3,1993,Woodinville,274.1
2014-06-27,221000.0,3.0,1.0,910,8789,1.0,3,1966,Seattle,242.86
2014-06-27,665000.0,3.0,2.5,2610,35000,2.0,3,1988,Woodinville,254.79
2014-06-27,255000.0,3.0,2.5,1720,6194,2.0,3,1998,Auburn,148.26
2014-06-27,1195000.0,5.0,2.75,3650,13297,2.0,5,1969,Mercer Island,327.4
2014-06-27,355000.0,3.0,1.75,2040,22693,1.0,4,1980,Kent,174.02
2014-06-27,755000.0,5.0,2.5,3260,24300,1.5,4,1950,Lake Forest Park,231.6
2014-06-27,300000.0,3.0,1.5,1590,8911,1.0,3,1956,Kenmore,188.68
2014-06-27,500000.0,4.0,1.0,1440,7100,1.5,3,1906,Seattle,347.22
2014-06-27,191000.0,2.0,1.0,900,3400,1.0,5,1905,Seattle,212.22
2014-06-27,315000.0,6.0,4.0,3120,4240,2.0,4,1993,Seattle,100.96
2014-06-27,415000.0,3.0,2.5,1060,1536,2.0,3,2000,Seattle,391.51
2014-06-27,394000.0,4.0,2.5,3000,9793,2.0,3,2002,Maple Valley,131.33
2014-06-27,490000.0,3.0,2.5,2230,5348,2.0,3,2000,Snoqualmie,219.73
2014-06-27,523460.0,5.0,1.75,1890,5000,1.5,3,1906,Seattle,276.96
2014-06-27,550000.0,4.0,3.5,4150,16197,2.0,3,2006,Auburn,132.53
2014-06-27,342000.0,3.0,1.75,1780,10409,1.0,3,1981,Renton,192.13
2014-06-27,560000.0,4.0,2.5,2710,6583,2.0,3,2003,Renton,206.64
2014-06-27,1050000.0,4.0,4.25,4390,13833,2.0,3,2003,Issaquah,239.18
2014-06-27,710000.0,2.0,1.5,1640,4080,1.5,5,1916,Seattle,432.93
2014-06-27,1020000.0,3.0,2.25,1670,4800,1.5,3,1903,Seattle,610.78
2014-06-27,399950.0,3.0,2.5,2570,10431,2.0,3,1989,Kent,155.62
2014-06-27,480000.0,2.0,1.0,1500,3420,1.0,3,1902,Seattle,320.0
2014-06-27,410000.0,3.0,1.0,2710,19000,2.0,4,1950,Burien,151.29
2014-06-27,530000.0,4.0,1.75,2860,48351,1.0,3,1978,Woodinville,185.31
2014-06-27,528000.0,2.0,0.75,840,40642,1.0,4,1937,Vashon,628.57
2014-06-27,469900.0,4.0,2.5,2990,8913,2.0,4,1991,Renton,157.16
2014-06-27,397000.0,5.0,1.0,1170,6757,1.0,4,1944,Seattle,339.32
2014-06-27,718500.0,3.0,1.5,1200,6240,1.0,3,1952,Seattle,598.75
2014-06-27,195000.0,2.0,1.0,1020,8100,1.0,3,1940,Seattle,191.18
2014-06-27,285000.0,2.0,1.0,910,8155,1.0,4,1948,Shoreline,313.19
2014-06-27,295000.0,1.0,1.0,700,2500,1.0,4,1907,Seattle,421.43
2014-06-27,602000.0,4.0,1.75,2420,37800,1.0,4,1981,Redmond,248.76
2014-06-27,235000.0,3.0,1.75,1950,8712,1.0,3,1960,Renton,120.51
2014-06-27,465000.0,4.0,2.5,3060,6000,2.0,3,2012,Maple Valley,151.96
2014-06-27,234000.0,4.0,1.0,1390,18000,1.0,3,1955,Kent,168.35
2014-06-27,504200.0,2.0,1.5,1200,1687,3.0,3,2008,Seattle,420.17
2014-06-27,710000.0,3.0,2.5,2440,4153,2.0,3,2003,Redmond,290.98
2014-06-27,589500.0,3.0,3.25,2310,3075,2.0,3,2005,Seattle,255.19
2014-06-27,415000.0,3.0,2.75,2600,64626,1.5,3,2009,Skykomish,159.62
2014-06-27,735000.0,3.0,2.25,1490,1212,2.0,3,2011,Seattle,493.29
2014-06-27,427000.0,3.0,2.5,2432,9391,2.0,3,2005,Federal Way,175.58
2014-06-27,982000.0,4.0,2.75,3610,8580,2.0,3,2014,Kirkland,272.02
2014-06-27,459000.0,4.0,3.0,2530,10000,2.0,3,2013,Burien,181.42
2014-06-27,483453.0,4.0,2.75,2790,5527,2.0,3,2014,North Bend,173.28
2014-06-27,246950.0,3.0,3.0,1670,4440,1.0,3,2014,Enumclaw,147.87
2014-06-27,235000.0,1.0,1.5,1170,1456,2.0,3,2007,Seattle,200.85
2014-06-27,288790.0,4.0,2.0,1350,942,3.0,3,2008,Issaquah,213.92
2014-06-27,229800.0,2.0,1.75,1110,1773,2.0,3,2014,Seattle,207.03
2014-06-27,516500.0,1.0,1.25,1100,638,3.0,3,2014,Seattle,469.55
2014-06-28,1600000.0,3.0,4.25,2820,7200,2.0,4,1930,Seattle,567.38
2014-06-28,234000.0,3.0,1.0,1040,8128,1.0,3,1983,Duvall,225.0
2014-06-28,230000.0,2.0,1.75,1910,3376,2.0,3,1980,Maple Valley,120.42
2014-06-28,300000.0,4.0,1.0,1370,8499,1.0,3,1949,Shoreline,218.98
2014-06-28,470000.0,3.0,1.5,1500,5000,1.5,4,1927,Seattle,313.33
2014-06-28,339900.0,3.0,1.0,1200,9087,1.0,5,1969,Newcastle,283.25
2014-06-28,650000.0,2.0,1.0,1050,2542,1.0,3,1904,Seattle,619.05
2014-06-28,585000.0,5.0,2.5,2670,16777,1.5,4,1920,Seattle,219.1
2014-06-28,699900.0,4.0,2.5,2190,11500,1.0,4,1972,Bellevue,319.59
2014-06-28,598000.0,4.0,2.5,3130,40918,2.0,3,1994,North Bend,191.05
2014-06-28,475000.0,3.0,2.5,1700,9100,1.0,3,1998,Seattle,279.41
2014-06-28,314500.0,3.0,1.75,1700,17355,1.0,3,1978,Maple Valley,185.0
2014-06-29,397000.0,3.0,3.5,1360,1275,2.0,3,2007,Seattle,291.91
2014-06-29,345000.0,3.0,2.0,1610,15005,1.0,4,1986,Carnation,214.29
2014-06-29,325000.0,5.0,2.75,2130,6222,1.0,3,1991,Seattle,152.58
2014-06-29,265000.0,3.0,1.0,1800,7650,1.0,5,1957,Renton,147.22
2014-06-29,402000.0,4.0,2.75,2950,15540,1.0,4,1974,Kent,136.27
2014-06-29,835000.0,3.0,2.25,2120,54014,2.0,4,1964,Bellevue,393.87
2014-06-30,780000.0,4.0,2.5,3500,7048,2.0,3,2005,Redmond,222.86
2014-06-30,250000.0,3.0,2.0,1440,9220,1.0,3,1965,Des Moines,173.61
2014-06-30,1200000.0,4.0,2.0,2120,3360,2.0,3,1905,Seattle,566.04
2014-06-30,935000.0,2.0,2.5,1780,2067,2.0,5,1974,Bellevue,525.28
2014-06-30,300000.0,2.0,1.0,960,8153,1.0,3,1947,Shoreline,312.5
2014-06-30,419000.0,2.0,1.75,1510,4980,1.0,3,2006,Redmond,277.48
2014-06-30,410000.0,1.0,1.5,1010,5750,1.0,3,1911,Seattle,405.94
2014-06-30,1165000.0,3.0,3.0,3790,5001,2.0,3,1989,Seattle,307.39
2014-06-30,461000.0,3.0,1.75,3600,8666,2.0,4,1948,Kirkland,128.06
2014-06-30,385000.0,3.0,1.75,1300,7030,1.0,3,1968,Kirkland,296.15
2014-06-30,669500.0,4.0,2.25,2500,4046,1.5,4,1940,Seattle,267.8
2014-06-30,491950.0,3.0,2.25,2090,10733,1.0,3,1958,Seattle,235.38
2014-06-30,1230000.0,3.0,1.75,2200,14630,1.5,3,1948,Bellevue,559.09
2014-06-30,560000.0,3.0,2.25,2070,15002,1.5,3,1955,Lake Forest Park,270.53
2014-06-30,370000.0,3.0,1.0,1320,7341,1.0,3,1982,Shoreline,280.3
2014-06-30,263400.0,4.0,2.0,1360,60548,1.0,3,1960,Auburn,193.68
2014-06-30,100000.0,2.0,1.0,930,7623,1.0,2,1942,Burien,107.53
2014-06-30,289950.0,3.0,2.5,1760,8584,1.5,5,1937,Burien,164.74
2014-06-30,263000.0,3.0,1.75,1410,8100,2.0,3,1985,Maple Valley,186.52
2014-06-30,397500.0,4.0,2.5,2570,7859,2.0,3,1992,Maple Valley,154.67
2014-06-30,245000.0,3.0,2.75,1300,14197,1.0,3,1996,Kent,188.46
2014-06-30,535000.0,3.0,1.0,1580,6300,1.0,3,1925,Seattle,338.61
2014-06-30,449000.0,4.0,2.5,2960,6031,2.0,3,2005,Maple Valley,151.69
2014-06-30,490000.0,4.0,3.0,2330,3497,2.0,3,2003,Seattle,210.3
2014-06-30,445800.0,4.0,2.25,2070,39446,1.0,3,1977,Lake Forest Park,215.36
2014-06-30,345000.0,2.0,1.0,970,5750,1.0,4,1932,Seattle,355.67
2014-06-30,327500.0,3.0,2.25,2310,7200,2.0,3,1990,Kent,141.77
2014-06-30,436500.0,4.0,2.5,2290,11173,2.0,4,1988,Renton,190.61
2014-06-30,550000.0,3.0,2.25,1720,9600,1.0,4,1967,Redmond,319.77
2014-06-30,441000.0,2.0,1.5,1190,3400,1.0,3,1919,Seattle,370.59
2014-06-30,406500.0,2.0,1.0,870,5750,1.0,4,1947,Seattle,467.24
2014-06-30,243000.0,2.0,1.5,1068,1758,2.0,3,1990,Kenmore,227.53
2014-06-30,359500.0,4.0,2.75,2140,10316,2.0,3,1993,Auburn,167.99
2014-06-30,760000.0,4.0,2.5,3300,165528,2.0,3,1984,Woodinville,230.3
2014-06-30,1925000.0,5.0,4.25,4830,8050,2.5,4,1914,Seattle,398.55
2014-06-30,408000.0,5.0,3.25,2820,6589,1.5,3,1906,Seattle,144.68
2014-06-30,480000.0,4.0,3.0,2440,9664,2.0,3,1981,Kenmore,196.72
2014-06-30,875000.0,4.0,1.5,1800,3245,1.5,4,1929,Seattle,486.11
2014-06-30,308000.0,3.0,1.0,1010,8800,1.0,4,1954,Seattle,304.95
2014-06-30,880000.0,4.0,2.75,3220,4392,1.5,4,1931,Seattle,273.29
2014-06-30,1730000.0,5.0,3.5,5000,26540,2.0,3,2008,Mercer Island,346.0
2014-06-30,170000.0,2.0,1.0,1200,24792,2.0,2,1976,Redmond,141.67
2014-06-30,491500.0,3.0,2.25,1470,4322,2.0,3,1985,Issaquah,334.35
2014-06-30,515000.0,3.0,2.5,2600,4506,2.0,3,2003,Kenmore,198.08
2014-06-30,550000.0,4.0,1.5,2750,128502,1.0,2,1958,Renton,200.0
2014-06-30,255000.0,2.0,1.0,1320,9967,1.0,3,1919,Seattle,193.18
2014-06-30,635000.0,3.0,2.5,3350,4007,2.0,3,2005,Kirkland,189.55
2014-06-30,850000.0,3.0,2.5,2650,2387,2.0,3,1920,Seattle,320.75
2014-06-30,265000.0,2.0,2.0,1860,10856,1.0,3,1952,Seattle,142.47
2014-06-30,349810.0,3.0,1.0,960,8855,1.0,4,1958,Shoreline,364.39
2014-06-30,972000.0,4.0,1.75,2010,6300,1.0,5,1937,Seattle,483.58
2014-06-30,235000.0,2.0,1.0,900,28800,1.0,1,1928,Snoqualmie,261.11
2014-06-30,330000.0,4.0,2.5,2340,11784,2.0,3,1997,Kent,141.03
2014-06-30,500000.0,4.0,3.0,3720,15048,3.0,3,1979,Renton,134.41
2014-06-30,570000.0,3.0,2.0,1890,29185,1.0,3,1949,Bellevue,301.59
2014-06-30,1309500.0,4.0,2.5,2680,12215,1.0,3,1956,Normandy Park,488.62
2014-06-30,544000.0,3.0,2.5,1460,1613,2.0,3,2007,Seattle,372.6
2014-06-30,439000.0,3.0,2.5,3180,7904,1.0,3,2006,Renton,138.05
2014-06-30,530000.0,4.0,2.25,1980,15086,2.0,3,1981,Sammamish,267.68
2014-06-30,427500.0,2.0,2.0,1090,934,3.0,3,2008,Seattle,392.2
2014-06-30,337000.0,4.0,2.5,2230,5970,2.0,4,2002,Covington,151.12
2014-06-30,1095000.0,4.0,2.75,3330,9143,2.0,4,1995,Kirkland,328.83
2014-06-30,435000.0,4.0,2.0,1880,3840,1.0,3,1904,Seattle,231.38
2014-06-30,765000.0,5.0,3.0,2870,5700,1.0,3,1964,Seattle,266.55
2014-06-30,492650.0,4.0,1.75,2120,9786,1.0,3,1967,Shoreline,232.38
2014-06-30,383962.0,4.0,2.5,2700,6998,2.0,3,2001,Tukwila,142.21
2014-06-30,950000.0,4.0,2.5,3670,7680,2.5,3,2007,Issaquah,258.86
2014-06-30,457000.0,3.0,2.5,1220,1330,2.0,3,2008,Seattle,374.59
2014-06-30,1510000.0,5.0,3.25,4390,11250,2.0,3,2007,Mercer Island,343.96
2014-06-30,882566.0,4.0,2.5,3560,5265,3.0,3,2014,Redmond,247.91
2014-06-30,963000.0,4.0,3.25,3530,8589,2.0,3,2007,Kirkland,272.8
2014-06-30,345000.0,4.0,2.5,2280,5000,2.0,3,2006,Maple Valley,151.32
2014-06-30,2065000.0,4.0,3.75,4350,7965,2.0,3,2013,Bellevue,474.71
2014-07-01,800000.0,3.0,3.5,3830,221284,2.0,3,1993,Woodinville,208.88
2014-07-01,314500.0,3.0,2.0,2050,13303,1.0,3,1993,Federal Way,153.41
2014-07-01,530000.0,3.0,2.5,3660,39478,2.0,4,1989,Enumclaw,144.81
2014-07-01,650000.0,4.0,2.5,3350,46748,2.0,3,2004,Black Diamond,194.03
2014-07-01,349500.0,3.0,2.0,1270,3600,1.0,3,1963,Seattle,275.2
2014-07-01,1198000.0,4.0,3.5,3400,3850,2.5,3,2008,Seattle,352.35
2014-07-01,165050.0,3.0,1.0,1200,8514,1.0,3,1959,Enumclaw,137.54
2014-07-01,580000.0,3.0,2.5,2200,11000,2.0,3,1978,Bellevue,263.64
2014-07-01,330000.0,3.0,2.5,1680,11312,1.0,3,1959,Seattle,196.43
2014-07-01,875000.0,5.0,3.5,3840,8279,2.0,3,2001,Sammamish,227.86
2014-07-01,500000.0,2.0,1.0,950,4500,1.0,3,1926,Seattle,526.32
2014-07-01,445000.0,4.0,2.5,2280,42077,2.0,3,1994,Kent,195.18
2014-07-01,274900.0,4.0,2.5,1970,6600,2.0,3,1987,Kent,139.54
2014-07-01,219950.0,3.0,1.5,1620,9310,1.0,4,1967,Covington,135.77
2014-07-01,691500.0,4.0,2.5,2600,7200,2.0,3,1962,Seattle,265.96
2014-07-01,459500.0,2.0,1.0,1250,3825,1.0,3,1929,Seattle,367.6
2014-07-01,955500.0,4.0,1.75,2130,5080,1.5,3,1914,Seattle,448.59
2014-07-01,328950.0,4.0,1.75,2550,8976,1.0,5,1978,Kent,129.0
2014-07-01,307000.0,3.0,1.0,1150,6000,1.5,3,1927,North Bend,266.96
2014-07-01,382500.0,3.0,1.75,1040,9000,1.0,4,1967,Issaquah,367.79
2014-07-01,1150000.0,4.0,2.5,3340,10422,2.0,3,1996,Kirkland,344.31
2014-07-01,1297000.0,6.0,2.75,2630,9420,2.0,5,1900,Seattle,493.16
2014-07-01,478000.0,3.0,2.25,1640,3896,2.0,3,1994,Issaquah,291.46
2014-07-01,260000.0,2.0,1.0,770,7906,1.0,4,1948,Shoreline,337.66
2014-07-01,850000.0,4.0,3.25,4350,112750,1.0,3,2006,Issaquah,195.4
2014-07-01,616000.0,4.0,1.75,1700,5846,1.0,3,1957,Seattle,362.35
2014-07-01,540000.0,3.0,1.75,2050,9580,1.0,3,1984,Sammamish,263.41
2014-07-01,300000.0,3.0,2.25,1660,5128,2.0,3,2001,Duvall,180.72
2014-07-01,507500.0,3.0,1.75,1990,9594,1.0,3,1977,Redmond,255.03
2014-07-01,3800000.0,5.0,5.5,7050,42840,1.0,4,1978,Clyde Hill,539.01
2014-07-01,241000.0,3.0,2.0,1770,7000,1.0,3,1986,Auburn,136.16
2014-07-01,485000.0,3.0,2.25,2440,47916,2.0,3,1991,Redmond,198.77
2014-07-01,695000.0,3.0,2.5,2620,51354,2.0,3,1998,Woodinville,265.27
2014-07-01,548000.0,4.0,2.5,2440,11005,2.0,3,1994,Newcastle,224.59
2014-07-01,345000.0,2.0,1.0,1080,7775,1.0,3,1955,Seattle,319.44
2014-07-01,280000.0,3.0,1.0,1090,10710,1.0,4,1962,Renton,256.88
2014-07-01,450000.0,3.0,1.75,1400,13775,1.0,3,1963,Kenmore,321.43
2014-07-01,515000.0,3.0,2.5,2010,7200,2.0,3,1994,Kenmore,256.22
2014-07-01,1014250.0,3.0,1.0,1640,12855,1.5,5,1920,Bellevue,618.45
2014-07-01,739900.0,5.0,2.5,3290,5029,2.0,3,2004,Sammamish,224.89
2014-07-01,600000.0,2.0,2.5,2510,14878,2.0,3,1990,Bothell,239.04
2014-07-01,370000.0,2.0,1.0,860,6050,1.0,3,1952,Seattle,430.23
2014-07-01,729032.0,4.0,2.5,2840,12866,1.0,4,1977,Bellevue,256.7
2014-07-01,510000.0,3.0,1.75,1750,7020,2.0,3,1934,Black Diamond,291.43
2014-07-01,425000.0,3.0,1.5,1300,19163,1.0,3,1964,Redmond,326.92
2014-07-01,1080000.0,3.0,2.75,3890,7216,2.0,3,1967,Seattle,277.63
2014-07-01,337000.0,3.0,2.25,1460,941,3.0,3,2006,Seattle,230.82
2014-07-01,563000.0,4.0,1.0,1410,3376,1.5,5,1911,Seattle,399.29
2014-07-01,1695000.0,4.0,2.75,3770,10900,2.0,5,1924,Seattle,449.6
2014-07-01,245000.0,3.0,2.0,1190,4072,1.5,5,1907,Seattle,205.88
2014-07-01,590000.0,3.0,2.0,1410,6413,1.0,4,1947,Seattle,418.44
2014-07-01,695000.0,3.0,2.0,2500,4080,1.5,5,1922,Seattle,278.0
2014-07-01,402500.0,2.0,1.0,800,2280,1.0,5,1946,Seattle,503.12
2014-07-01,435000.0,3.0,2.5,2530,13446,2.0,3,1993,Duvall,171.94
2014-07-01,660000.0,3.0,2.0,2570,28500,1.0,3,1983,Redmond,256.81
2014-07-01,300000.0,3.0,2.75,2090,9620,1.0,3,1987,Federal Way,143.54
2014-07-01,600000.0,5.0,2.25,2980,7781,1.0,3,1960,Seattle,201.34
2014-07-01,205000.0,3.0,1.75,1170,8239,1.0,3,1981,Covington,175.21
2014-07-01,357500.0,3.0,3.5,2080,5100,2.0,3,2004,Maple Valley,171.88
2014-07-01,1110000.0,5.0,3.25,3350,4000,2.0,4,1997,Seattle,331.34
2014-07-01,332888.0,2.0,2.5,1050,1029,2.0,3,2007,Seattle,317.04
2014-07-01,174000.0,2.0,1.0,900,13531,1.0,3,1979,Pacific,193.33
2014-07-01,515000.0,2.0,1.0,1050,5000,1.0,5,1907,Seattle,490.48
2014-07-01,392000.0,5.0,2.25,3740,32481,1.5,3,1958,Des Moines,104.81
2014-07-01,485000.0,4.0,1.75,1430,4096,2.0,3,1900,Seattle,339.16
2014-07-01,217500.0,3.0,1.75,1400,9546,1.0,4,1984,Federal Way,155.36
2014-07-01,502000.0,3.0,2.25,1600,45613,2.0,4,1983,Woodinville,313.75
2014-07-01,820000.0,3.0,2.25,2880,9750,2.0,3,1989,Bellevue,284.72
2014-07-01,1640000.0,3.0,3.25,3140,5445,2.0,4,1913,Seattle,522.29
2014-07-01,102500.0,2.0,1.0,820,4320,1.0,3,1937,Seattle,125.0
2014-07-01,925000.0,5.0,5.5,5190,12637,2.0,3,2001,Snoqualmie,178.23
2014-07-01,540000.0,4.0,2.5,2180,10140,1.0,4,1968,Redmond,247.71
2014-07-01,600000.0,2.0,1.0,910,2002,1.5,3,1900,Seattle,659.34
2014-07-01,406000.0,4.0,1.0,1580,8475,1.5,4,1928,Seattle,256.96
2014-07-01,620000.0,4.0,3.0,2130,6325,1.0,5,1948,Seattle,291.08
2014-07-01,1060000.0,4.0,2.5,4570,16015,2.0,3,1990,Sammamish,231.95
2014-07-01,401000.0,3.0,2.0,1240,11172,1.0,3,1984,Sammamish,323.39
2014-07-01,725000.0,3.0,1.75,1860,6000,2.0,4,1959,Seattle,389.78
2014-07-01,276000.0,1.0,0.75,370,1801,1.0,5,1923,Seattle,745.95
2014-07-01,500000.0,5.0,3.25,3130,12087,2.0,3,1975,Issaquah,159.74
2014-07-01,375000.0,3.0,1.75,2530,35150,1.0,4,1977,Kent,148.22
2014-07-01,2300000.0,4.0,4.75,3970,9778,2.0,4,1928,Seattle,579.35
2014-07-01,260000.0,3.0,2.25,1920,9680,1.0,4,1961,Kent,135.42
2014-07-01,1565000.0,4.0,2.75,2970,12750,1.5,4,1918,Bellevue,526.94
2014-07-01,431000.0,4.0,2.5,2300,6087,2.0,3,2001,Renton,187.39
2014-07-01,321000.0,4.0,2.5,1830,9601,2.0,3,2003,Maple Valley,175.41
2014-07-01,433000.0,4.0,1.5,1550,5053,1.0,4,1963,Seattle,279.35
2014-07-01,920000.0,4.0,3.5,4080,10666,2.0,3,2005,Redmond,225.49
2014-07-01,482000.0,3.0,2.25,1710,21485,2.0,3,1989,Sammamish,281.87
2014-07-01,712000.0,3.0,2.5,2375,4094,2.0,3,2002,Redmond,299.79
2014-07-01,505000.0,4.0,2.75,2200,9778,1.0,4,1962,Bellevue,229.55
2014-07-01,2367000.0,3.0,2.25,3530,17450,1.0,3,1930,Mercer Island,670.54
2014-07-01,452000.0,3.0,1.75,1110,9012,1.0,4,1966,Redmond,407.21
2014-07-01,581000.0,4.0,1.0,1630,2566,1.5,3,1921,Seattle,356.44
2014-07-01,952500.0,4.0,1.5,2550,5055,2.0,4,1910,Seattle,373.53
2014-07-01,808000.0,4.0,2.25,2500,8866,2.0,4,1987,Bellevue,323.2
2014-07-01,476000.0,4.0,3.0,2890,6885,1.0,3,1945,Seattle,164.71
2014-07-01,535000.0,4.0,1.75,1420,5000,1.5,4,1945,Seattle,376.76
2014-07-01,1356925.0,4.0,3.5,4270,5800,2.0,5,1937,Seattle,317.78
2014-07-01,629800.0,3.0,2.5,2390,1984,2.0,3,2008,Issaquah,263.51
2014-07-01,417838.0,4.0,2.5,2530,5048,2.0,3,2014,Maple Valley,165.15
2014-07-01,399895.0,4.0,2.5,2701,4500,2.0,3,2014,Auburn,148.05
2014-07-01,825000.0,4.0,2.75,3990,6637,2.0,3,2003,Redmond,206.77
2014-07-01,300000.0,4.0,2.5,2303,3826,2.0,3,2006,Auburn,130.26
2014-07-01,640000.0,2.0,2.25,1540,965,3.0,3,2007,Seattle,415.58
2014-07-01,460000.0,3.0,2.5,1450,1053,2.0,3,2008,Seattle,317.24
2014-07-01,525000.0,2.0,2.5,1160,1458,2.0,3,2012,Seattle,452.59
2014-07-01,499990.0,4.0,2.75,2910,6334,2.0,3,2013,North Bend,171.82
2014-07-01,1020000.0,4.0,3.5,3770,8501,2.0,3,2008,Kirkland,270.56
2014-07-02,675000.0,5.0,2.25,2900,10300,1.0,3,1985,Bellevue,232.76
2014-07-02,512031.0,3.0,1.75,1540,3000,1.0,3,1920,Seattle,332.49
2014-07-02,310000.0,2.0,1.0,700,3000,1.0,4,1918,Seattle,442.86
2014-07-02,1075000.0,3.0,2.5,3280,10302,1.0,3,1970,Seattle,327.74
2014-07-02,255000.0,4.0,2.0,2430,8960,1.0,3,1960,Seattle,104.94
2014-07-02,435000.0,3.0,2.5,1900,7984,2.0,3,1993,Bothell,228.95
2014-07-02,453000.0,3.0,2.0,1660,15050,1.0,3,1983,Kirkland,272.89
2014-07-02,260000.0,4.0,2.0,1620,7992,2.0,4,1975,Kent,160.49
2014-07-02,659000.0,4.0,2.0,2090,10800,1.0,4,1951,Mercer Island,315.31
2014-07-02,223000.0,3.0,2.0,1110,7231,1.0,4,1991,Kent,200.9
2014-07-02,851000.0,5.0,3.25,3760,9792,2.0,3,1984,Bellevue,226.33
2014-07-02,605000.0,3.0,2.25,2080,12134,1.0,4,1973,Redmond,290.87
2014-07-02,895000.0,4.0,2.25,1950,5950,1.0,3,1947,Seattle,458.97
2014-07-02,519000.0,5.0,2.25,2570,13054,1.0,3,1950,Normandy Park,201.95
2014-07-02,535000.0,3.0,1.75,2330,12141,1.0,3,1983,Woodinville,229.61
2014-07-02,489000.0,3.0,3.0,3700,10375,2.0,3,1982,SeaTac,132.16
2014-07-02,250000.0,3.0,2.25,1920,7738,1.0,3,1965,Burien,130.21
2014-07-02,580000.0,3.0,2.25,1900,3960,1.5,3,1905,Seattle,305.26
2014-07-02,1038000.0,4.0,1.75,1440,13296,1.0,4,1967,Bellevue,720.83
2014-07-02,605000.0,4.0,2.25,2940,48788,1.0,5,1961,Kenmore,205.78
2014-07-02,599950.0,4.0,3.5,2500,3080,2.0,3,2008,Redmond,239.98
2014-07-02,700000.0,3.0,2.5,2490,23891,2.0,3,1993,Redmond,281.12
2014-07-02,480000.0,3.0,2.0,1470,10052,1.0,4,1956,Seattle,326.53
2014-07-02,329950.0,4.0,2.5,2120,4558,2.0,3,2002,Maple Valley,155.64
2014-07-02,250000.0,3.0,1.75,1200,24805,1.0,3,1984,Kent,208.33
2014-07-02,345000.0,5.0,2.5,2450,6994,2.0,3,2002,Kent,140.82
2014-07-02,175000.0,4.0,2.5,1780,6000,2.0,3,1991,Des Moines,98.31
2014-07-02,185000.0,5.0,1.0,1590,6700,1.5,3,1942,Seattle,116.35
2014-07-02,411000.0,4.0,2.0,2370,76665,2.0,4,1978,Auburn,173.42
2014-07-02,690000.0,3.0,1.5,1760,4000,2.0,3,1922,Seattle,392.05
2014-07-02,265000.0,4.0,3.0,1940,8170,1.0,4,1948,Shoreline,136.6
2014-07-02,720000.0,4.0,3.0,3550,12327,1.5,4,1990,Bothell,202.82
2014-07-02,256000.0,4.0,2.5,2050,5787,2.0,3,2002,Des Moines,124.88
2014-07-02,255000.0,4.0,2.25,1680,3179,2.0,3,2002,Auburn,151.79
2014-07-02,540000.0,3.0,2.25,1320,1800,2.0,3,1994,Seattle,409.09
2014-07-02,481015.0,3.0,2.25,1550,5511,2.0,3,1987,Kirkland,310.33
2014-07-02,575000.0,3.0,1.75,2680,8625,1.0,5,1974,Issaquah,214.55
2014-07-02,339950.0,3.0,2.5,2390,34041,1.0,3,1984,Kent,142.24
2014-07-02,475000.0,4.0,2.5,2040,7260,2.0,4,1963,Shoreline,232.84
2014-07-02,732000.0,3.0,3.75,2670,6517,2.5,4,1977,Seattle,274.16
2014-07-02,860000.0,4.0,1.75,1880,3720,1.5,4,1924,Seattle,457.45
2014-07-02,389000.0,4.0,1.75,2400,7700,1.5,4,1927,Seattle,162.08
2014-07-02,645000.0,3.0,1.75,2270,11472,1.0,4,1956,Seattle,284.14
2014-07-02,475000.0,4.0,2.5,1850,5444,2.0,5,1981,Kirkland,256.76
2014-07-02,550000.0,4.0,2.75,2160,5005,1.0,3,1987,Seattle,254.63
2014-07-02,305000.0,2.0,1.0,2160,12960,1.0,3,1968,Tukwila,141.2
2014-07-02,782000.0,2.0,1.5,1570,3600,1.5,4,1906,Seattle,498.09
2014-07-02,545000.0,3.0,2.0,1340,7200,1.5,4,1923,Seattle,406.72
2014-07-02,394500.0,4.0,2.5,3002,6042,2.0,3,2004,Kent,131.41
2014-07-02,600000.0,5.0,2.0,2190,9072,1.0,5,1965,Redmond,273.97
2014-07-02,1300000.0,4.0,1.75,2610,21600,1.0,4,1966,Clyde Hill,498.08
2014-07-02,300000.0,2.0,1.0,1010,11919,1.0,3,1947,Shoreline,297.03
2014-07-02,330000.0,4.0,2.5,2105,6093,2.0,3,2003,Kent,156.77
2014-07-02,723000.0,4.0,2.25,2430,4748,1.5,3,1928,Seattle,297.53
2014-07-02,2271150.0,4.0,3.25,4040,18916,1.0,4,1954,Medina,562.17
2014-07-02,480000.0,5.0,2.5,2160,7737,2.0,3,1998,Snoqualmie,222.22
2014-07-02,496000.0,2.0,1.0,900,9260,1.0,3,1946,Seattle,551.11
2014-07-02,625000.0,3.0,3.0,1820,1641,3.0,3,2006,Seattle,343.41
2014-07-02,475000.0,4.0,2.0,2100,13468,1.0,5,1962,Seattle,226.19
2014-07-02,275250.0,3.0,2.25,1520,7199,2.0,4,1992,Maple Valley,181.09
2014-07-02,253000.0,2.0,1.0,1310,7128,1.0,4,1980,Kent,193.13
2014-07-02,630000.0,4.0,2.5,2190,9880,1.0,4,1979,Kirkland,287.67
2014-07-02,660500.0,5.0,2.5,2950,5500,1.5,5,1918,Seattle,223.9
2014-07-02,262000.0,5.0,1.0,1870,7800,1.0,3,1962,Seattle,140.11
2014-07-02,2147500.0,3.0,3.5,4660,5500,2.0,5,1909,Seattle,460.84
2014-07-02,552000.0,3.0,2.5,1840,9900,1.0,3,1978,Bellevue,300.0
2014-07-02,1411600.0,2.0,2.5,3180,9400,2.0,5,1985,Bellevue,443.9
2014-07-02,736000.0,2.0,1.0,1500,4000,1.0,3,1933,Seattle,490.67
2014-07-02,355000.0,3.0,1.75,1730,7416,1.5,3,1954,Shoreline,205.2
2014-07-02,305000.0,3.0,1.0,1580,7424,1.0,3,1962,Renton,193.04
2014-07-02,484998.0,4.0,2.5,1540,1870,2.0,3,2014,Issaquah,314.93
2014-07-02,1054690.0,4.0,3.5,3390,3979,2.0,3,2014,Seattle,311.12
2014-07-02,334500.0,2.0,1.5,830,1858,2.0,3,2005,Seattle,403.01
2014-07-02,475000.0,4.0,2.75,2620,6178,2.0,3,2013,North Bend,181.3
2014-07-02,309780.0,3.0,2.5,2242,4500,2.0,3,2014,Auburn,138.17
2014-07-02,795000.0,4.0,2.5,2890,7798,2.0,3,2005,Bellevue,275.09
2014-07-02,274500.0,3.0,2.25,1450,4050,2.0,3,2010,Maple Valley,189.31
2014-07-02,265050.0,2.0,1.5,800,2119,2.0,3,2008,Seattle,331.31
2014-07-02,567500.0,3.0,2.5,2280,2502,2.0,3,2006,Issaquah,248.9
2014-07-02,915000.0,3.0,4.5,3850,62726,2.0,3,2013,Redmond,237.66
2014-07-03,285000.0,5.0,2.5,2270,6300,2.0,3,1995,Auburn,125.55
2014-07-03,445838.0,3.0,2.5,2250,5692,2.0,3,2000,Seattle,198.15
2014-07-03,304900.0,4.0,1.75,2600,11325,1.0,4,1969,Kent,117.27
2014-07-03,940000.0,4.0,2.0,2490,9525,2.0,5,1968,Mercer Island,377.51
2014-07-03,1127000.0,4.0,2.5,3160,8281,2.0,4,1995,Kirkland,356.65
2014-07-03,835000.0,4.0,4.25,4930,25714,2.0,3,2005,Auburn,169.37
2014-07-03,290000.0,3.0,1.0,1440,11250,1.0,3,1967,Renton,201.39
2014-07-03,250000.0,3.0,1.75,1770,8868,1.0,4,1959,Auburn,141.24
2014-07-03,342000.0,4.0,2.5,2300,6448,2.0,3,2001,Kent,148.7
2014-07-03,1012000.0,4.0,2.5,2980,16263,2.0,3,1989,Bellevue,339.6
2014-07-03,400000.0,4.0,2.25,2230,7200,1.0,4,1963,Shoreline,179.37
2014-07-03,312500.0,3.0,1.75,1830,7969,1.0,3,1950,Renton,170.77
2014-07-03,267000.0,3.0,1.0,1740,10875,1.0,4,1962,Tukwila,153.45
2014-07-03,575000.0,3.0,1.75,1530,6743,1.0,3,1955,Seattle,375.82
2014-07-03,810000.0,3.0,1.5,1520,9041,1.0,4,1954,Bellevue,532.89
2014-07-03,850000.0,3.0,2.5,3230,5000,2.0,5,1945,Seattle,263.16
2014-07-03,1015000.0,3.0,3.25,3620,4000,2.0,3,2005,Seattle,280.39
2014-07-03,1100000.0,4.0,3.75,5070,60123,2.0,3,2000,Redmond,216.96
2014-07-03,240000.0,3.0,1.75,1570,8750,1.0,3,1960,Burien,152.87
2014-07-03,198000.0,4.0,1.75,2080,7200,1.0,4,1966,Auburn,95.19
2014-07-03,565000.0,4.0,2.5,2230,8624,1.0,4,1969,Redmond,253.36
2014-07-03,1195000.0,5.0,3.0,3420,18129,2.0,3,1952,Mercer Island,349.42
2014-07-03,340000.0,8.0,2.75,2790,6695,1.0,3,1977,Shoreline,121.86
2014-07-03,815000.0,4.0,2.5,3150,4203,2.0,3,2002,Kirkland,258.73
2014-07-03,1875000.0,4.0,3.25,3930,10929,2.0,3,2006,Bellevue,477.1
2014-07-03,588000.0,5.0,3.0,2190,4900,2.0,5,1940,Seattle,268.49
2014-07-03,280500.0,4.0,2.5,1890,6962,2.0,3,1997,Auburn,148.41
2014-07-03,390000.0,4.0,2.0,1900,76877,1.0,3,2004,Kent,205.26
2014-07-03,509000.0,2.0,1.5,1930,3521,2.0,3,1989,Bellevue,263.73
2014-07-03,490600.0,3.0,2.5,3316,11447,2.0,3,1986,Federal Way,147.95
2014-07-03,650000.0,3.0,1.5,1380,4500,1.0,5,1960,Mercer Island,471.01
2014-07-03,715000.0,3.0,4.0,2080,2250,3.0,3,1997,Seattle,343.75
2014-07-03,529950.0,3.0,1.0,1240,5000,1.5,5,1909,Seattle,427.38
2014-07-03,265000.0,3.0,1.0,1020,8610,1.0,5,1959,Renton,259.8
2014-07-03,1755000.0,3.0,2.0,2360,4800,2.0,3,1909,Seattle,743.64
2014-07-03,1140000.0,3.0,2.5,2780,33503,1.5,4,1969,Sammamish,410.07
2014-07-03,610000.0,3.0,2.0,2300,13418,1.0,3,1955,Bellevue,265.22
2014-07-03,554729.0,4.0,2.5,2020,4350,2.0,5,1943,Seattle,274.62
2014-07-03,395000.0,5.0,1.75,1840,10453,1.0,3,1948,Burien,214.67
2014-07-03,341000.0,3.0,1.0,1390,4814,1.5,3,1908,Seattle,245.32
2014-07-03,264500.0,4.0,2.25,2060,11385,1.0,4,1962,Federal Way,128.4
2014-07-03,395000.0,4.0,2.75,2640,35070,1.5,3,1963,Kent,149.62
2014-07-03,640000.0,3.0,2.25,1980,10115,1.0,3,1959,Bellevue,323.23
2014-07-03,430000.0,3.0,1.5,1810,5080,1.0,3,1958,Seattle,237.57
2014-07-03,410000.0,4.0,2.5,1700,9000,1.0,5,1972,Kirkland,241.18
2014-07-03,220000.0,4.0,1.0,1200,6000,1.5,3,1923,Seattle,183.33
2014-07-03,1625000.0,4.0,3.25,2980,3600,2.0,3,1999,Seattle,545.3
2014-07-03,405500.0,2.0,2.75,1350,1252,2.0,3,2006,Seattle,300.37
2014-07-03,633000.0,4.0,2.5,2360,10000,1.0,3,1977,Seattle,268.22
2014-07-03,295950.0,2.0,1.0,1190,6200,1.0,3,1948,Shoreline,248.7
2014-07-03,1042031.0,4.0,5.0,4110,43560,2.0,4,1978,Bellevue,253.54
2014-07-03,605000.0,4.0,2.5,2800,10786,1.0,3,1970,Bellevue,216.07
2014-07-03,255000.0,2.0,1.5,920,1598,2.0,3,1995,Seattle,277.17
2014-07-03,474000.0,3.0,1.75,1530,8000,2.0,3,1978,Redmond,309.8
2014-07-03,370000.0,2.0,1.0,860,5040,1.0,3,1956,Seattle,430.23
2014-07-03,288000.0,3.0,2.5,1520,3593,2.0,3,2004,Maple Valley,189.47
2014-07-03,100000.0,2.0,0.75,660,5240,1.0,4,1912,Kent,151.52
2014-07-03,1150000.0,5.0,2.5,3580,8921,2.0,3,2000,Kirkland,321.23
2014-07-03,600000.0,5.0,2.25,3000,13899,2.0,4,1975,Redmond,200.0
2014-07-03,515000.0,5.0,3.25,2740,9629,1.0,5,1977,Bothell,187.96
2014-07-03,345000.0,4.0,2.5,2040,5523,2.0,3,1999,Burien,169.12
2014-07-03,975000.0,6.0,2.75,2520,54160,2.0,3,1954,Seattle,386.9
2014-07-03,850000.0,3.0,2.0,2470,8800,2.0,3,1961,Mercer Island,344.13
2014-07-03,439990.0,3.0,2.5,1930,1348,2.0,3,2005,Seattle,227.97
2014-07-03,554950.0,3.0,2.5,2950,10254,2.0,3,2006,Renton,188.12
2014-07-03,605000.0,3.0,2.5,2610,6405,2.0,3,2001,Snoqualmie,231.8
2014-07-03,609000.0,3.0,1.75,1630,1526,3.0,3,2014,Seattle,373.62
2014-07-03,425000.0,3.0,1.5,1400,1022,3.0,3,2007,Seattle,303.57
2014-07-03,399900.0,2.0,1.75,1410,1005,1.5,3,2011,Issaquah,283.62
2014-07-03,1025000.0,4.0,3.5,4370,10860,2.0,3,2008,Renton,234.55
2014-07-03,2351956.0,4.0,4.25,5010,19412,2.0,3,2014,Mercer Island,469.45
2014-07-03,519995.0,4.0,3.0,2590,6160,2.0,3,2014,Renton,200.77
2014-07-04,625000.0,3.0,1.5,1300,7200,1.0,5,1960,Kirkland,480.77
2014-07-04,600000.0,3.0,2.5,2320,7609,2.0,3,2003,Issaquah,258.62
2014-07-05,1200000.0,4.0,2.5,2700,4275,2.0,3,2004,Seattle,444.44
2014-07-05,1738000.0,4.0,2.25,2920,6513,2.0,4,1937,Seattle,595.21
2014-07-05,671000.0,4.0,3.0,3130,5700,1.5,3,1953,Seattle,214.38
2014-07-05,459500.0,3.0,1.75,1470,4950,1.0,3,1984,Seattle,312.59
2014-07-05,499000.0,3.0,2.5,1540,1326,3.0,3,1995,Seattle,324.03
2014-07-06,1280000.0,4.0,2.5,3160,4620,1.5,3,1917,Seattle,405.06
2014-07-06,395000.0,3.0,1.75,1480,7700,1.0,3,1975,Kirkland,266.89
2014-07-07,861990.0,5.0,2.75,3595,5639,2.0,3,2014,Redmond,239.77
2014-07-07,382500.0,2.0,1.0,1190,4440,1.0,3,1981,Seattle,321.43
2014-07-07,404950.0,4.0,2.25,2340,217014,1.0,4,1982,Auburn,173.06
2014-07-07,530000.0,3.0,1.75,1320,2500,1.0,3,1918,Seattle,401.52
2014-07-07,195000.0,2.0,1.0,1190,27007,1.0,4,1910,Issaquah,163.87
2014-07-07,747500.0,4.0,2.25,2350,18600,2.0,4,1977,Kenmore,318.09
2014-07-07,199990.0,3.0,1.0,1100,8560,1.0,3,1961,Federal Way,181.81
2014-07-07,548800.0,4.0,1.0,1660,4704,1.5,3,1930,Seattle,330.6
2014-07-07,870000.0,4.0,3.0,3040,36246,1.5,3,1923,Sammamish,286.18
2014-07-07,588000.0,3.0,2.0,1860,4777,2.0,5,1908,Seattle,316.13
2014-07-07,775000.0,4.0,3.25,4100,241322,2.0,3,1981,Woodinville,189.02
2014-07-07,670000.0,6.0,3.0,4050,36171,2.0,4,1970,Issaquah,165.43
2014-07-07,445000.0,2.0,2.0,1240,2500,2.0,3,1985,Seattle,358.87
2014-07-07,300000.0,4.0,3.0,2200,10800,1.0,3,1960,Renton,136.36
2014-07-07,480000.0,3.0,2.25,1680,9090,1.0,4,1959,Bellevue,285.71
2014-07-07,300000.0,3.0,1.0,930,5160,1.5,5,1919,Seattle,322.58
2014-07-07,360000.0,3.0,1.5,1800,22000,2.0,3,1931,Tukwila,200.0
2014-07-07,527000.0,6.0,3.5,3000,8401,1.0,3,1979,Seattle,175.67
2014-07-07,875000.0,3.0,1.5,1820,12686,1.0,4,1952,Bellevue,480.77
2014-07-07,266000.0,4.0,2.25,1995,7102,2.0,4,1981,Federal Way,133.33
2014-07-07,866000.0,4.0,3.25,3990,9786,2.0,3,2004,Redmond,217.04
2014-07-07,335950.0,2.0,1.5,800,5192,1.0,5,1951,Seattle,419.94
2014-07-07,215000.0,3.0,1.0,960,9563,1.0,5,1967,Federal Way,223.96
2014-07-07,481000.0,4.0,2.5,2286,8269,2.0,3,2002,Renton,210.41
2014-07-07,320000.0,3.0,1.75,2220,11646,1.0,3,1950,Kenmore,144.14
2014-07-07,295000.0,3.0,1.75,1940,7500,1.5,4,1918,Enumclaw,152.06
2014-07-07,295000.0,3.0,1.5,1640,7222,2.0,4,1908,Seattle,179.88
2014-07-07,320000.0,3.0,1.0,1120,10576,1.0,4,1969,Woodinville,285.71
2014-07-07,780000.0,4.0,2.0,2600,4800,1.0,3,1953,Seattle,300.0
2014-07-07,437500.0,3.0,2.0,1490,4800,2.0,5,1948,Seattle,293.62
2014-07-07,443000.0,5.0,1.75,1650,3000,1.5,3,1902,Seattle,268.48
2014-07-07,575000.0,4.0,2.5,2400,6137,2.0,3,1990,Sammamish,239.58
2014-07-07,245000.0,2.0,1.0,1500,6685,1.0,3,1926,Seattle,163.33
2014-07-07,450000.0,3.0,2.5,1990,12793,2.0,3,1993,Kenmore,226.13
2014-07-07,536000.0,2.0,1.5,1130,746,2.0,3,2009,Seattle,474.34
2014-07-07,685000.0,3.0,3.25,2030,11070,2.0,4,1980,Redmond,337.44
2014-07-07,373000.0,4.0,1.75,1590,7920,2.0,4,1960,Shoreline,234.59
2014-07-07,450000.0,3.0,1.75,1480,8394,1.0,4,1971,Redmond,304.05
2014-07-07,645000.0,4.0,2.5,2690,18653,2.0,3,1985,Sammamish,239.78
2014-07-07,1275000.0,3.0,2.5,3870,46609,2.0,3,1997,Bellevue,329.46
2014-07-07,230000.0,3.0,1.0,1390,6000,1.0,3,1954,Renton,165.47
2014-07-07,593000.0,3.0,2.75,1830,1850,2.0,3,2011,Issaquah,324.04
2014-07-07,558000.0,2.0,2.0,1580,5750,1.0,5,1910,Seattle,353.16
2014-07-07,538250.0,3.0,2.25,2590,15229,2.0,3,1984,Des Moines,207.82
2014-07-07,475000.0,5.0,2.5,2510,8050,1.0,4,1977,Kirkland,189.24
2014-07-07,209950.0,3.0,1.5,1180,7300,1.0,4,1968,Auburn,177.92
2014-07-07,410000.0,3.0,2.25,1450,19206,2.0,3,1989,Sammamish,282.76
2014-07-07,1636000.0,3.0,2.5,3110,6765,2.0,4,1946,Seattle,526.05
2014-07-07,670000.0,5.0,2.5,2860,68519,2.0,5,1958,Snoqualmie,234.27
2014-07-07,821000.0,3.0,2.75,2760,8476,1.0,4,1967,Mercer Island,297.46
2014-07-07,665000.0,5.0,2.0,2800,17788,1.0,4,1963,Kirkland,237.5
2014-07-07,339000.0,3.0,2.5,1450,3748,2.0,3,2004,Snoqualmie,233.79
2014-07-07,631500.0,4.0,2.0,2530,5650,1.5,4,1910,Seattle,249.6
2014-07-07,570000.0,3.0,2.0,1640,2808,1.0,4,1924,Seattle,347.56
2014-07-07,437000.0,3.0,1.75,2220,17568,1.0,4,1967,Woodinville,196.85
2014-07-07,542500.0,3.0,2.5,2040,10086,2.0,3,1987,Redmond,265.93
2014-07-07,229500.0,3.0,1.0,1230,6000,1.0,4,1967,Auburn,186.59
2014-07-07,170500.0,2.0,1.0,1060,7700,1.0,3,1981,Renton,160.85
2014-07-07,391500.0,3.0,2.5,1920,9625,2.0,3,1993,North Bend,203.91
2014-07-07,296475.0,3.0,2.5,1520,4170,2.0,3,2004,Maple Valley,195.05
2014-07-07,1450000.0,4.0,3.25,3770,4103,2.0,5,1925,Seattle,384.62
2014-07-07,888550.0,3.0,2.5,3540,38322,2.0,3,1989,Redmond,251.0
2014-07-07,1360000.0,4.0,3.0,5430,108900,2.0,4,1987,Redmond,250.46
2014-07-07,328000.0,3.0,2.0,2250,7904,1.5,3,1998,Auburn,145.78
2014-07-07,300000.0,4.0,2.5,2090,5195,2.0,3,2007,Kent,143.54
2014-07-07,500000.0,3.0,2.5,1720,3012,2.0,3,2011,Seattle,290.7
2014-07-07,494815.0,3.0,2.5,1910,2091,2.0,3,2014,Issaquah,259.07
2014-07-07,378000.0,3.0,2.5,1601,2491,3.0,3,2007,Seattle,236.1
2014-07-07,505000.0,2.0,2.25,1060,1209,2.0,3,2006,Seattle,476.42
2014-07-07,680000.0,4.0,2.75,2330,3920,2.0,3,2005,Issaquah,291.85
2014-07-07,351999.0,3.0,2.5,2370,4200,2.0,3,2014,Maple Valley,148.52
2014-07-07,510000.0,3.0,2.5,1420,1237,3.0,3,2014,Seattle,359.15
2014-07-07,1300000.0,4.0,2.25,2360,4000,2.0,3,2013,Seattle,550.85
2014-07-07,374000.0,2.0,1.5,1260,1575,2.0,3,2001,Seattle,296.83
2014-07-07,509900.0,3.0,2.5,3030,9053,2.0,3,2009,Renton,168.28
2014-07-07,230000.0,3.0,1.75,1140,1201,2.0,3,2014,Seattle,201.75
2014-07-08,527700.0,5.0,2.5,2820,9375,1.0,4,1968,Bellevue,187.13
2014-07-08,438000.0,2.0,2.0,1270,1372,3.0,3,2000,Seattle,344.88
2014-07-08,900000.0,3.0,2.5,3180,12600,2.0,4,1978,Sammamish,283.02
2014-07-08,1131000.0,3.0,2.25,2790,13791,1.0,3,2006,Normandy Park,405.38
2014-07-08,439000.0,4.0,2.25,2570,9503,2.0,3,1980,Bothell,170.82
2014-07-08,315000.0,2.0,1.0,1080,2674,1.0,4,1919,Seattle,291.67
2014-07-08,765000.0,4.0,4.0,3010,7221,2.0,3,2004,Sammamish,254.15
2014-07-08,332000.0,3.0,2.25,2120,14915,1.0,3,1979,Auburn,156.6
2014-07-08,600000.0,3.0,2.25,1900,46609,1.5,4,1969,Woodinville,315.79
2014-07-08,378500.0,3.0,2.5,2860,43821,2.0,4,1990,Auburn,132.34
2014-07-08,190000.0,3.0,1.0,910,10575,1.0,4,1968,Federal Way,208.79
2014-07-08,645000.0,4.0,2.5,2850,37522,2.0,3,1987,Sammamish,226.32
2014-07-08,780000.0,2.0,2.5,2560,2500,2.0,5,1901,Seattle,304.69
2014-07-08,370000.0,3.0,1.75,1570,16817,2.0,3,1982,North Bend,235.67
2014-07-08,875000.0,4.0,3.5,3110,108464,2.0,4,1979,Sammamish,281.35
2014-07-08,1049000.0,4.0,3.75,4740,126759,2.0,4,1991,Issaquah,221.31
2014-07-08,479000.0,3.0,1.0,1340,13750,1.0,4,1955,Bellevue,357.46
2014-07-08,245000.0,4.0,2.25,2600,6390,1.0,3,1978,Federal Way,94.23
2014-07-08,542000.0,3.0,1.75,1070,8030,1.0,3,1966,Redmond,506.54
2014-07-08,557500.0,3.0,2.25,1820,9670,2.0,3,1984,Redmond,306.32
2014-07-08,480000.0,2.0,1.0,1060,3040,1.0,3,1924,Seattle,452.83
2014-07-08,330000.0,3.0,2.25,2220,4060,1.0,3,1993,Seattle,148.65
2014-07-08,160000.0,3.0,1.0,1350,8700,1.5,3,1942,SeaTac,118.52
2014-07-08,695500.0,5.0,2.75,2510,9180,1.0,4,1975,Redmond,277.09
2014-07-08,235500.0,5.0,2.5,2340,13713,1.0,2,1967,Federal Way,100.64
2014-07-08,326500.0,3.0,1.0,1060,7920,1.0,4,1968,Seattle,308.02
2014-07-08,300000.0,4.0,2.5,2200,8065,2.0,3,1998,Kent,136.36
2014-07-08,267000.0,3.0,1.0,1400,8100,1.5,3,1944,Seattle,190.71
2014-07-08,292600.0,3.0,1.5,1520,7123,1.0,4,1959,Renton,192.5
2014-07-08,362000.0,5.0,3.0,1810,3000,2.0,3,1998,Seattle,200.0
2014-07-08,1087500.0,2.0,2.0,2360,11340,1.5,3,1997,Mercer Island,460.81
2014-07-08,357562.0,2.0,1.75,1210,1032,2.0,3,2014,Issaquah,295.51
2014-07-08,789900.0,3.0,2.5,3420,25150,1.0,4,1987,Bellevue,230.96
2014-07-08,513000.0,3.0,2.5,1810,4592,2.0,3,1992,Issaquah,283.43
2014-07-08,336000.0,3.0,2.25,2760,10160,1.0,3,1969,Renton,121.74
2014-07-08,560000.0,4.0,2.25,1950,9800,1.0,3,1968,Kirkland,287.18
2014-07-08,1150000.0,3.0,2.5,3830,48743,2.0,3,1991,Bellevue,300.26
2014-07-08,410000.0,4.0,2.25,2060,7283,1.0,3,1963,Shoreline,199.03
2014-07-08,371500.0,3.0,1.0,1650,6400,1.0,4,1954,Seattle,225.15
2014-07-08,368000.0,4.0,1.75,2100,11942,1.0,3,1964,Seattle,175.24
2014-07-08,650000.0,4.0,3.0,3720,57499,1.0,3,2003,Carnation,174.73
2014-07-08,308950.0,4.0,2.5,1920,8562,2.0,4,1994,Enumclaw,160.91
2014-07-08,440000.0,3.0,2.0,1860,217800,2.0,3,1998,Renton,236.56
2014-07-08,630000.0,2.0,2.5,2290,3507,2.0,3,2005,Issaquah,275.11
2014-07-08,228950.0,3.0,1.75,1200,9085,1.0,4,1968,Federal Way,190.79
2014-07-08,782000.0,4.0,3.5,5270,53428,2.0,3,2004,Renton,148.39
2014-07-08,245000.0,3.0,2.5,1600,2788,2.0,4,1992,Kent,153.12
2014-07-08,410000.0,4.0,2.5,2560,4020,2.0,3,2006,Maple Valley,160.16
2014-07-08,427550.0,2.0,1.0,880,4000,1.0,3,1940,Seattle,485.85
2014-07-08,235000.0,2.0,1.0,1020,7920,1.0,3,1939,Seattle,230.39
2014-07-08,210000.0,3.0,2.0,960,9380,1.0,3,1949,Seattle,218.75
2014-07-08,485000.0,4.0,2.25,1900,7200,1.0,3,1977,Seattle,255.26
2014-07-08,410000.0,3.0,2.0,1320,6000,1.5,4,1920,Seattle,310.61
2014-07-08,435000.0,4.0,2.75,2230,9640,1.0,3,1998,Seattle,195.07
2014-07-08,300000.0,3.0,1.0,1150,7314,1.0,3,1960,Bellevue,260.87
2014-07-08,455000.0,4.0,3.5,3440,6000,2.0,4,2002,Normandy Park,132.27
2014-07-08,210000.0,3.0,1.0,1070,8179,1.0,3,1949,Seattle,196.26
2014-07-08,1050000.0,4.0,2.75,2250,3433,1.5,3,1927,Seattle,466.67
2014-07-08,458400.0,4.0,2.5,1910,10300,1.0,3,1921,Shoreline,240.0
2014-07-08,390000.0,3.0,1.75,1180,16552,1.0,4,1967,Woodinville,330.51
2014-07-08,148226.0,3.0,1.0,1400,7360,1.0,4,1968,Auburn,105.88
2014-07-08,711600.0,4.0,3.0,3580,9316,2.5,3,1991,Bellevue,198.77
2014-07-08,819000.0,3.0,2.75,3176,13391,2.0,4,1985,Federal Way,257.87
2014-07-08,613000.0,2.0,2.0,1170,1890,1.5,4,1927,Seattle,523.93
2014-07-08,592350.0,2.0,2.0,1570,4665,1.0,3,2006,Redmond,377.29
2014-07-08,232000.0,3.0,1.5,1460,15000,1.0,3,1966,Auburn,158.9
2014-07-08,250000.0,3.0,1.75,1140,10400,1.0,4,1983,Milton,219.3
2014-07-08,115000.0,1.0,2.0,1150,9812,1.0,4,1962,Auburn,100.0
2014-07-08,1115000.0,4.0,2.5,3180,31931,1.0,4,1978,Bellevue,350.63
2014-07-08,585000.0,4.0,2.5,2630,6185,2.0,3,1999,Renton,222.43
2014-07-08,580000.0,3.0,2.25,1940,5980,1.0,3,1987,Issaquah,298.97
2014-07-08,165000.0,1.0,1.0,850,8050,1.0,2,1906,Seattle,194.12
2014-07-08,430000.0,3.0,2.0,1550,6039,1.0,5,1942,Seattle,277.42
2014-07-08,383000.0,3.0,2.25,2090,15000,1.0,3,1961,North Bend,183.25
2014-07-08,1195000.0,4.0,3.5,3960,6654,2.0,3,2006,Seattle,301.77
2014-07-08,201500.0,3.0,1.0,1320,5000,1.5,3,1912,Seattle,152.65
2014-07-08,690000.0,4.0,2.5,3220,35400,2.0,3,1991,Woodinville,214.29
2014-07-08,325000.0,2.0,1.0,800,7260,1.0,3,1953,Seattle,406.25
2014-07-08,375000.0,3.0,1.75,1660,9673,1.0,3,1976,Woodinville,225.9
2014-07-08,600000.0,4.0,2.5,2250,11370,2.0,3,1991,Kirkland,266.67
2014-07-08,340000.0,3.0,2.25,2120,13090,1.0,3,1997,Auburn,160.38
2014-07-08,890000.0,4.0,2.75,2310,4020,3.0,5,1979,Seattle,385.28
2014-07-08,415000.0,4.0,1.75,1920,7700,2.0,4,1970,Newcastle,216.15
2014-07-08,255000.0,3.0,1.75,1550,9720,1.0,3,1976,Black Diamond,164.52
2014-07-08,530000.0,2.0,2.5,1785,779,2.0,3,1975,Bellevue,296.92
2014-07-08,468000.0,3.0,1.5,1830,9848,1.0,5,1962,Newcastle,255.74
2014-07-08,970000.0,5.0,2.75,3500,5040,2.0,3,1927,Seattle,277.14
2014-07-08,599000.0,3.0,2.0,2560,14680,1.0,3,1987,Redmond,233.98
2014-07-08,399500.0,4.0,1.75,1360,4840,1.5,4,1928,Seattle,293.75
2014-07-08,2458000.0,4.0,5.25,6500,14986,2.0,3,2001,Medina,378.15
2014-07-08,1205000.0,4.0,3.5,3150,5500,2.0,3,2014,Seattle,382.54
2014-07-08,325000.0,2.0,1.0,810,4080,1.0,4,1941,Seattle,401.23
2014-07-08,1135250.0,5.0,4.0,7320,217800,2.0,3,1992,Renton,155.09
2014-07-08,568000.0,4.0,1.75,2790,17476,1.0,3,1956,Burien,203.58
2014-07-08,517000.0,2.0,1.5,1920,3408,1.0,4,1912,Seattle,269.27
2014-07-08,469950.0,4.0,2.75,2530,14178,2.0,3,1997,Duvall,185.75
2014-07-08,1675000.0,3.0,2.5,3490,8343,2.0,4,1939,Seattle,479.94
2014-07-08,2180000.0,6.0,2.75,4710,11000,2.0,3,1931,Seattle,462.85
2014-07-08,623000.0,3.0,1.75,2050,16313,1.0,2,1973,Mercer Island,303.9
2014-07-08,720000.0,4.0,2.25,2410,8400,2.0,5,1965,Bellevue,298.76
2014-07-08,205000.0,3.0,1.0,1180,8240,1.0,4,1967,Federal Way,173.73
2014-07-08,148000.0,2.0,1.0,630,4200,1.0,3,1930,Seattle,234.92
2014-07-08,950000.0,3.0,2.5,3480,7800,1.0,4,1941,Seattle,272.99
2014-07-08,405000.0,3.0,1.5,1010,7683,1.5,5,1953,Seattle,400.99
2014-07-08,293000.0,3.0,2.25,1910,3481,2.0,3,2009,Kent,153.4
2014-07-08,550000.0,3.0,3.5,2490,3582,2.0,3,2005,Issaquah,220.88
2014-07-08,435000.0,4.0,2.5,2150,3143,2.0,3,2010,Renton,202.33
2014-07-08,355000.0,4.0,2.75,3000,5470,2.0,3,2005,Maple Valley,118.33
2014-07-08,673000.0,3.0,2.75,2830,3496,2.0,3,2012,Issaquah,237.81
2014-07-08,449990.0,4.0,2.5,2680,5539,2.0,3,2013,North Bend,167.91
2014-07-08,249000.0,2.0,1.5,1090,2686,2.0,3,1982,Kirkland,228.44
2014-07-08,380000.0,4.0,2.5,1984,32400,1.0,3,1962,Des Moines,191.53
2014-07-08,760005.0,4.0,2.75,3090,5859,2.0,3,2010,Sammamish,245.96
2014-07-08,674600.0,4.0,2.5,2610,5140,2.0,3,2006,Seattle,258.47
2014-07-08,812000.0,4.0,3.5,3370,3634,2.0,3,2007,Issaquah,240.95
2014-07-08,333490.0,4.0,2.5,2250,3916,2.0,3,2014,Auburn,148.22
2014-07-08,320000.0,3.0,3.25,1450,1387,2.0,3,2013,Seattle,220.69
2014-07-08,999000.0,4.0,2.5,3130,10849,2.0,3,2013,Kirkland,319.17
2014-07-08,810000.0,2.0,2.75,2700,8572,1.0,3,2007,Redmond,300.0
2014-07-09,399950.0,5.0,2.75,1970,5400,1.0,3,1986,Seattle,203.02
2014-07-09,550000.0,3.0,2.0,1970,4166,2.0,5,1929,Seattle,279.19
2014-07-09,290000.0,3.0,1.5,1950,15954,1.0,4,1959,Federal Way,148.72
2014-07-09,232500.0,3.0,1.5,1940,9887,1.0,4,1969,Federal Way,119.85
2014-07-09,1355000.0,4.0,3.5,3550,11000,1.0,3,1999,Bellevue,381.69
2014-07-09,565000.0,3.0,2.5,2500,7394,2.0,3,1990,Woodinville,226.0
2014-07-09,749950.0,4.0,2.75,2910,18700,1.0,3,1957,Shoreline,257.71
2014-07-09,720500.0,4.0,2.5,3350,35298,2.0,4,1985,Redmond,215.07
2014-07-09,507000.0,3.0,1.75,2140,40098,1.0,5,1950,Renton,236.92
2014-07-09,989000.0,5.0,4.5,4030,13474,2.0,3,2000,Sammamish,245.41
2014-07-09,463000.0,4.0,2.5,1980,6660,2.0,4,1974,Kirkland,233.84
2014-07-09,310000.0,3.0,1.5,1460,9908,1.0,3,1952,Des Moines,212.33
2014-07-09,284000.0,4.0,1.75,1880,8800,1.0,3,1960,Seattle,151.06
2014-07-09,737500.0,3.0,1.75,2320,10900,2.0,3,1935,Seattle,317.89
2014-07-09,569000.0,3.0,3.25,2220,8227,1.5,5,1929,Seattle,256.31
2014-07-09,700000.0,3.0,1.0,1410,7200,2.0,4,1901,Seattle,496.45
2014-07-09,660000.0,3.0,1.0,1240,3500,1.0,4,1927,Seattle,532.26
2014-07-09,275000.0,4.0,2.0,2030,8426,2.0,3,1944,Tukwila,135.47
2014-07-09,570000.0,6.0,3.75,4000,6015,2.0,3,2004,Renton,142.5
2014-07-09,150000.0,3.0,0.75,490,38500,1.5,4,1959,Skykomish,306.12
2014-07-09,356000.0,3.0,2.5,1590,3411,2.0,3,2000,Snoqualmie,223.9
2014-07-09,610000.0,3.0,2.5,2630,5827,2.0,3,2001,Redmond,231.94
2014-07-09,498800.0,2.0,1.75,1350,4614,1.0,3,2008,Redmond,369.48
2014-07-09,226550.0,3.0,1.0,990,4440,1.0,3,1943,Seattle,228.84
2014-07-09,692500.0,4.0,2.75,3710,7984,2.0,3,1999,Snoqualmie,186.66
2014-07-09,250000.0,3.0,1.0,990,8062,1.0,4,1960,Des Moines,252.53
2014-07-09,660000.0,4.0,2.5,2510,4543,2.0,3,2002,Sammamish,262.95
2014-07-09,295000.0,2.0,1.0,800,6500,1.0,4,1953,Shoreline,368.75
2014-07-09,154950.0,4.0,1.0,1600,10183,1.0,4,1966,Auburn,96.84
2014-07-09,409124.0,5.0,3.25,3320,11340,2.0,4,1999,Kent,123.23
2014-07-09,287000.0,5.0,1.5,1730,9230,1.0,3,1962,Renton,165.9
2014-07-09,810000.0,4.0,1.75,2000,3988,1.0,4,1958,Seattle,405.0
2014-07-09,525000.0,4.0,2.75,2910,6308,1.0,3,1985,Bothell,180.41
2014-07-09,525000.0,4.0,1.75,1710,10440,1.0,4,1955,Bellevue,307.02
2014-07-09,275000.0,3.0,1.0,1200,7800,1.0,4,1954,Seattle,229.17
2014-07-09,583000.0,3.0,2.5,2600,5100,2.0,3,1998,Renton,224.23
2014-07-09,237950.0,2.0,1.75,1460,7926,1.0,4,1987,Covington,162.98
2014-07-09,1065000.0,4.0,3.75,4260,9800,2.0,3,2008,Kirkland,250.0
2014-07-09,679000.0,4.0,2.75,2100,4480,1.5,4,1928,Seattle,323.33
2014-07-09,1465000.0,6.0,4.5,4230,6420,2.0,4,1916,Seattle,346.34
2014-07-09,410000.0,3.0,1.75,1660,6250,1.0,3,1980,Seattle,246.99
2014-07-09,306000.0,3.0,1.0,1450,7200,1.0,3,1969,Kirkland,211.03
2014-07-09,215000.0,4.0,1.5,1860,5040,1.5,5,1920,Enumclaw,115.59
2014-07-09,594950.0,4.0,2.5,2720,10006,2.0,3,1989,Sammamish,218.73
2014-07-09,1250000.0,4.0,2.5,2920,5500,1.0,3,1957,Seattle,428.08
2014-07-09,305000.0,3.0,1.5,1800,12196,1.0,4,1966,Federal Way,169.44
2014-07-09,425000.0,2.0,1.0,1320,8830,1.0,3,1939,Seattle,321.97
2014-07-09,215000.0,3.0,1.75,1770,29004,1.0,3,1959,Federal Way,121.47
2014-07-09,480000.0,5.0,2.75,2550,7725,1.0,5,1967,Newcastle,188.24
2014-07-09,550000.0,4.0,1.75,2150,9000,1.0,4,1966,Redmond,255.81
2014-07-09,750000.0,4.0,2.5,3020,7465,2.0,3,2004,Sammamish,248.34
2014-07-09,137124.0,3.0,1.0,960,27442,1.0,4,1970,Renton,142.84
2014-07-09,840000.0,3.0,2.0,2783,11177,2.0,3,1910,Seattle,301.83
2014-07-09,624800.0,3.0,2.0,2250,14274,1.0,4,1964,Mercer Island,277.69
2014-07-09,630000.0,3.0,1.75,1710,8767,1.0,4,1986,Kirkland,368.42
2014-07-09,590000.0,3.0,2.5,2650,9380,1.0,5,1975,Lake Forest Park,222.64
2014-07-09,599950.0,3.0,3.25,1830,1804,3.0,3,2014,Seattle,327.84
2014-07-09,299880.0,3.0,2.5,1460,3044,2.0,3,2000,Seattle,205.4
2014-07-09,400000.0,3.0,2.0,1760,6875,1.0,4,1967,Woodinville,227.27
2014-07-09,560000.0,3.0,2.5,1960,6058,2.0,3,2002,Sammamish,285.71
2014-07-09,229000.0,4.0,2.25,2010,7688,1.0,3,1979,Federal Way,113.93
2014-07-09,525000.0,4.0,2.5,3670,9958,2.0,3,2005,Renton,143.05
2014-07-09,737000.0,2.0,2.25,2290,9772,1.0,3,2007,Redmond,321.83
2014-07-09,680000.0,3.0,2.0,1780,5720,1.0,5,1925,Seattle,382.02
2014-07-09,635000.0,4.0,2.5,3080,35430,2.0,3,1997,Redmond,206.17
2014-07-09,740000.0,4.0,2.5,3360,15091,2.0,3,1997,Redmond,220.24
2014-07-09,335500.0,3.0,1.0,1370,6780,2.0,3,1930,Seattle,244.89
2014-07-09,270000.0,4.0,2.5,1660,8063,1.0,4,1978,Des Moines,162.65
2014-07-09,1037000.0,4.0,3.5,4440,10660,2.0,3,2003,Newcastle,233.56
2014-07-09,450000.0,5.0,2.5,2850,209523,1.0,4,1925,Renton,157.89
2014-07-09,379000.0,3.0,2.5,1530,2913,2.0,4,1986,Kirkland,247.71
2014-07-09,468000.0,4.0,2.5,2100,8400,1.0,4,1976,Woodinville,222.86
2014-07-09,321500.0,1.0,1.0,730,1942,1.0,3,2008,Seattle,440.41
2014-07-09,443000.0,3.0,2.25,1920,8223,2.0,4,1989,Bothell,230.73
2014-07-09,340000.0,3.0,1.0,1600,7324,1.0,4,1958,Renton,212.5
2014-07-09,470000.0,4.0,2.25,2380,17199,2.0,3,1979,Kenmore,197.48
2014-07-09,545000.0,3.0,2.5,2760,17377,2.0,3,2002,Renton,197.46
2014-07-09,415000.0,4.0,1.5,1840,11367,1.5,4,1950,Shoreline,225.54
2014-07-09,599000.0,7.0,2.5,2580,5750,1.0,4,1901,Seattle,232.17
2014-07-09,759000.0,4.0,1.75,2100,4750,1.0,3,1975,Seattle,361.43
2014-07-09,300000.0,4.0,1.75,1820,5015,1.0,4,1926,Seattle,164.84
2014-07-09,1681000.0,5.0,5.25,4830,18707,2.0,5,1952,Mercer Island,348.03
2014-07-09,359000.0,3.0,1.5,1550,4980,1.0,3,1978,Seattle,231.61
2014-07-09,550000.0,4.0,1.0,1440,3600,1.5,4,1924,Seattle,381.94
2014-07-09,395000.0,2.0,1.0,930,6380,1.0,4,1940,Seattle,424.73
2014-07-09,486000.0,4.0,2.5,3560,12047,2.0,3,1988,Federal Way,136.52
2014-07-09,187000.0,2.0,1.0,840,11600,1.0,3,1952,Burien,222.62
2014-07-09,734950.0,4.0,3.25,4280,47179,2.0,3,2002,Auburn,171.72
2014-07-09,284000.0,3.0,1.5,1500,10018,1.0,4,1957,Renton,189.33
2014-07-09,696000.0,4.0,3.5,3650,38546,2.0,3,1996,North Bend,190.68
2014-07-09,380000.0,2.0,1.0,780,3910,1.0,3,1918,Seattle,487.18
2014-07-09,625000.0,4.0,1.0,1600,5500,1.5,4,1946,Seattle,390.62
2014-07-09,252000.0,4.0,1.75,1120,8250,1.0,4,1966,Renton,225.0
2014-07-09,560000.0,2.0,1.0,1010,9219,1.0,4,1960,Kirkland,554.46
2014-07-09,395000.0,4.0,2.75,1970,37026,1.0,4,1961,Vashon,200.51
2014-07-09,900000.0,4.0,2.5,2230,4372,2.0,5,1935,Seattle,403.59
2014-07-09,2680000.0,5.0,3.0,4290,20445,2.0,4,1985,Medina,624.71
2014-07-09,625000.0,3.0,1.75,3160,76230,1.0,4,1978,Auburn,197.78
2014-07-09,580000.0,3.0,1.75,1850,5100,1.0,3,1909,Seattle,313.51
2014-07-09,309000.0,3.0,2.25,1980,8755,1.0,4,1963,Des Moines,156.06
2014-07-09,412000.0,4.0,3.5,3360,9767,2.0,3,1990,Federal Way,122.62
2014-07-09,495000.0,3.0,2.0,2660,192099,1.0,4,1964,Enumclaw,186.09
2014-07-09,215000.0,3.0,1.0,1200,7280,1.0,4,1967,Kent,179.17
2014-07-09,741500.0,2.0,2.5,2150,5760,1.0,3,2010,Redmond,344.88
2014-07-09,749000.0,3.0,2.75,2820,5348,2.0,3,2008,Redmond,265.6
2014-07-09,659950.0,4.0,2.75,3510,9400,2.0,3,2014,Renton,188.02
2014-07-09,530000.0,3.0,2.5,1790,3078,2.0,3,2010,Issaquah,296.09
2014-07-09,749000.0,4.0,2.75,2700,6000,2.0,4,1910,Seattle,277.41
2014-07-09,2321000.0,5.0,4.75,5780,17004,2.0,3,2006,Mercer Island,401.56
2014-07-09,595000.0,4.0,3.25,3730,4560,2.0,3,2013,Seattle,159.52
2014-07-09,487000.0,4.0,2.5,2540,5001,2.0,3,2005,Seattle,191.73
2014-07-09,760000.0,4.0,2.25,3300,8365,3.0,3,2014,Seattle,230.3
2014-07-09,1240000.0,5.0,3.5,5430,10327,2.0,3,2007,Bellevue,228.36
2014-07-09,435000.0,4.0,2.5,2550,5200,2.0,3,2009,Renton,170.59
2014-07-09,374950.0,3.0,2.25,1390,1484,3.0,3,2007,Seattle,269.75
2014-07-09,440000.0,3.0,1.5,1270,1413,3.0,3,2007,Seattle,346.46
2014-07-10,360000.0,4.0,2.5,2380,5000,2.0,3,2005,Maple Valley,151.26
2014-07-10,879000.0,4.0,2.5,3360,22111,2.0,3,1994,Sammamish,261.61
2014-07-10,1550000.0,5.0,4.25,6070,171626,2.0,3,1999,Fall City,255.35
2014-07-10,505000.0,2.0,1.0,1240,57000,1.0,3,1962,Sammamish,407.26
2014-07-10,545000.0,2.0,2.0,2930,14057,1.0,4,1980,Vashon,186.01
2014-07-10,600000.0,2.0,2.5,2410,102366,1.0,4,1912,Fall City,248.96
2014-07-10,775000.0,6.0,2.75,2980,5000,1.5,3,1916,Seattle,260.07
2014-07-10,725000.0,2.0,1.75,1950,2719,1.0,5,1919,Seattle,371.79
2014-07-10,610000.0,4.0,2.75,2600,36583,1.0,5,1976,Sammamish,234.62
2014-07-10,350000.0,4.0,1.0,1170,8147,1.5,3,1959,Seattle,299.15
2014-07-10,410000.0,3.0,1.0,1470,6500,1.0,4,1953,Burien,278.91
2014-07-10,639000.0,4.0,2.0,1840,5419,1.0,4,1942,Seattle,347.28
2014-07-10,439000.0,4.0,2.0,1560,7500,1.0,4,1968,Kirkland,281.41
2014-07-10,499950.0,4.0,1.75,1520,7700,1.0,4,1967,Kirkland,328.91
2014-07-10,800000.0,3.0,2.75,2220,4000,2.0,3,1914,Seattle,360.36
2014-07-10,350000.0,4.0,2.5,2800,9538,2.0,3,1993,Federal Way,125.0
2014-07-10,279000.0,2.0,1.0,670,6300,1.0,5,1942,Seattle,416.42
2014-07-10,290256.0,3.0,2.25,1720,7885,2.0,3,1983,Federal Way,168.75
2014-07-10,355000.0,3.0,2.5,2110,4038,2.0,4,1989,Kent,168.25
2014-07-10,263000.0,3.0,1.75,1580,9187,1.0,3,1993,Maple Valley,166.46
2014-07-10,880000.0,6.0,2.5,2640,3680,2.0,5,1922,Seattle,333.33
2014-07-10,426500.0,4.0,2.5,2700,6515,2.0,3,1998,Renton,157.96
2014-07-10,735000.0,3.0,2.5,2820,8159,2.0,3,2004,Issaquah,260.64
2014-07-10,720000.0,4.0,2.5,3340,8930,2.0,3,1999,Snoqualmie,215.57
2014-07-10,265000.0,3.0,2.5,1530,6000,2.0,4,1991,Maple Valley,173.2
2014-07-10,840000.0,4.0,3.5,3840,85728,2.0,3,1998,Carnation,218.75
2014-07-10,657500.0,3.0,2.0,2320,10960,1.0,3,1956,Bellevue,283.41
2014-07-10,850000.0,5.0,2.0,2310,13430,1.5,4,1966,Bellevue,367.97
2014-05-02,436110.0,3.0,2.5,1770,1235,3.0,3,2007,Seattle,246.39
2014-05-08,589900.0,2.0,3.0,3160,66646,2.0,3,1993,Woodinville,186.68
2014-05-12,620000.0,3.0,1.5,1620,6630,1.0,3,1954,Seattle,382.72
2014-05-16,254000.0,4.0,2.0,1510,4235,1.0,3,1955,Seattle,168.21
2014-06-05,375000.0,3.0,1.75,960,8106,1.0,3,1962,Redmond,390.62
2014-06-06,455000.0,4.0,2.25,1740,8449,1.0,4,1958,Bellevue,261.49
2014-06-06,445000.0,4.0,2.0,1470,8395,1.0,4,1965,Bellevue,302.72
2014-06-07,568500.0,4.0,2.5,2460,4200,2.0,3,1998,Sammamish,231.1
2014-06-11,352500.0,3.0,1.75,1170,8182,1.0,3,1962,Shoreline,301.28
2014-06-24,342500.0,2.0,1.75,1210,7507,1.0,3,1982,Kirkland,283.06
2014-06-25,299950.0,3.0,2.5,1870,7942,2.0,3,1990,Auburn,160.4
2014-07-01,425000.0,3.0,2.5,1950,5689,2.0,3,2009,Snoqualmie,217.95
2014-07-09,561000.0,4.0,2.5,2570,5250,2.0,3,1990,Issaquah,218.29
2014-05-27,455500.0,3.0,2.0,1460,10311,1.0,4,1975,Redmond,311.99
2014-06-24,400000.0,3.0,2.5,2970,23100,1.0,3,1967,Woodinville,134.68
2014-06-20,443500.0,4.0,2.5,2040,21781,2.0,3,1994,Carnation,217.4
2014-06-20,1234582.0,5.0,3.25,3240,6551,1.5,4,1939,Seattle,381.04
2014-05-22,370000.0,4.0,2.75,3150,67518,1.0,4,1965,Auburn,117.46
2014-05-22,475000.0,3.0,2.25,1820,8008,1.0,3,1981,Redmond,260.99
2014-07-08,580000.0,4.0,2.5,2130,35752,1.0,3,1980,Sammamish,272.3
2014-05-06,518000.0,3.0,1.5,1430,8000,1.0,4,1956,Bellevue,362.24
2014-05-09,525000.0,3.0,2.5,2030,6970,2.0,4,1991,Issaquah,258.62
2014-06-24,236000.0,4.0,2.75,2000,5827,2.0,3,1997,Maple Valley,118.0
2014-06-10,278500.0,4.0,2.25,1940,6206,2.0,3,1990,Federal Way,143.56
2014-06-23,205425.0,2.0,1.75,880,6780,1.0,4,1945,Seattle,233.44
2014-07-01,248000.0,3.0,1.0,950,9400,1.0,4,1954,Bellevue,261.05
2014-05-23,505000.0,3.0,2.25,1670,1596,2.0,3,2002,Seattle,302.4
2014-05-22,657500.0,3.0,2.5,2670,10496,2.0,3,1989,Sammamish,246.25
2014-07-10,670000.0,3.0,2.5,2700,1438,2.0,3,2003,Seattle,248.15
2014-07-01,202000.0,1.0,1.0,590,833,1.0,4,1926,Seattle,342.37
2014-05-02,440000.0,4.0,2.25,2160,8119,1.0,3,1966,Bellevue,203.7
2014-05-26,690000.0,4.0,2.5,2700,8810,2.0,3,2004,Redmond,255.56
2014-05-08,375000.0,6.0,2.25,3206,5793,2.0,3,2012,Kent,116.97
2014-05-20,291000.0,3.0,1.75,1560,9788,1.0,3,1964,Seattle,186.54
2014-06-16,230000.0,3.0,1.75,1400,6956,1.0,4,1957,Kent,164.29
2014-05-22,850000.0,4.0,3.25,3090,6744,2.0,3,2013,Shoreline,275.08
2014-06-01,84350.0,4.0,2.0,2630,16475,2.0,4,1953,Yarrow Point,32.07
2014-06-23,12899000.0,3.0,2.5,2190,11394,1.0,3,1956,Seattle,5889.95
2014-05-08,2110000.0,4.0,1.0,2100,9200,1.0,3,1959,Tukwila,1004.76
2014-05-05,2199900.0,4.0,1.5,1120,5427,1.0,3,1969,Covington,1964.2
2014-05-14,188000.0,4.0,2.75,3260,19542,1.0,4,1968,Medina,57.67
2014-07-03,26590000.0,3.0,2.0,1180,7793,1.0,4,1992,Kent,22533.9
2014-05-06,7800.0,2.0,1.0,780,16344,1.0,1,1942,Tukwila,10.0
2014-05-02,237227.86,4.0,2.5,2200,9397,2.0,3,1987,Auburn,107.83
2014-05-05,117833.33,3.0,1.0,1340,306848,1.0,3,1953,Duvall,87.94
2014-05-05,0.0,3.0,1.75,1490,10125,1.0,4,1962,Federal Way,0.0
2014-05-05,744312.5,4.0,2.5,2800,5900,1.0,3,1963,Seattle,265.83
2014-05-05,0.0,4.0,2.75,2600,5390,1.0,4,1960,Seattle,0.0
2014-05-05,0.0,6.0,2.75,3200,9200,1.0,4,1953,Burien,0.0
2014-05-06,0.0,5.0,3.5,3480,36615,2.0,4,1983,Issaquah,0.0
2014-05-06,439333.33,3.0,3.5,3020,4082,2.0,3,1954,Seattle,145.47
2014-05-06,280000.0,3.0,2.25,1970,11088,1.0,4,1967,Lake Forest Park,142.13
2014-05-07,0.0,5.0,1.5,1500,7112,1.0,5,1920,Burien,0.0
2014-05-07,0.0,4.0,4.0,3680,18804,2.0,3,1990,Sammamish,0.0
2014-05-07,176225.0,3.0,2.0,1570,7200,1.0,4,1952,Shoreline,112.25
2014-05-07,500324.0,3.0,2.5,2280,2289,2.0,3,2006,Issaquah,219.44
2014-05-07,444845.0,3.0,2.5,1600,3573,2.0,3,2013,Renton,278.03
2014-05-07,330000.0,3.0,3.0,1680,1570,3.0,3,2014,Seattle,196.43
2014-05-08,292285.71,3.0,1.75,1890,13860,1.0,5,1966,Kent,154.65
2014-05-08,160000.0,2.0,1.0,520,22334,1.0,2,1951,SeaTac,307.69
2014-05-08,274333.33,3.0,2.25,1780,191228,2.0,3,1988,North Bend,154.12
2014-05-08,537500.0,4.0,3.0,2920,33976,1.0,5,1964,Bellevue,184.08
2014-05-08,232333.33,3.0,2.25,2430,73151,1.0,3,1974,Renton,95.61
2014-05-08,237333.33,3.0,2.75,3010,1842,2.0,3,2011,Sammamish,78.85
2014-05-09,346750.0,3.0,1.0,1620,30736,1.5,4,1911,Bellevue,214.04
2014-05-09,0.0,2.0,2.5,2200,188200,1.0,3,2007,Enumclaw,0.0
2014-05-09,1020000.0,3.0,2.25,2950,78843,1.5,3,2006,Sammamish,345.76
2014-05-09,0.0,4.0,2.25,2170,10500,1.0,4,1960,Normandy Park,0.0
2014-05-12,254000.0,3.0,1.5,1770,17208,1.0,3,1959,Bellevue,143.5
2014-05-12,238750.0,3.0,1.0,1830,8209,1.0,3,1942,Kenmore,130.46
2014-05-12,268971.88,4.0,2.5,2380,7066,2.0,4,1997,Kent,113.01
2014-05-12,642000.0,4.0,2.5,2550,10000,1.0,3,1964,Bellevue,251.76
2014-05-12,571986.11,3.0,2.5,3720,11610,2.0,3,1982,Sammamish,153.76
2014-05-12,0.0,5.0,4.5,4630,6324,2.0,3,2006,Snoqualmie,0.0
2014-05-13,0.0,5.0,4.0,4430,9000,2.0,3,2013,Bellevue,0.0
2014-05-13,554250.0,3.0,2.5,1490,1709,3.0,3,2004,Seattle,371.98
2014-05-13,0.0,4.0,4.5,5030,11023,2.0,3,2008,Mercer Island,0.0
2014-05-13,0.0,4.0,1.5,2180,22870,1.0,4,1954,Kent,0.0
2014-05-14,107500.0,4.0,1.5,1590,131551,1.0,4,1966,Enumclaw,67.61
2014-05-15,300000.0,3.0,2.0,1510,7066,1.0,3,1973,Seattle,198.68
2014-05-15,0.0,4.0,3.5,4210,10308,2.0,3,2006,Bellevue,0.0
2014-05-15,540833.33,3.0,2.0,1640,9972,1.0,4,1977,Sammamish,329.78
2014-05-15,274750.0,4.0,2.5,1840,1562,2.0,3,2004,Seattle,149.32
2014-05-15,148612.5,3.0,1.0,1040,5000,1.0,3,1959,Seattle,142.9
2014-05-16,326428.57,3.0,1.0,1250,4800,1.0,4,1951,Seattle,261.14
2014-05-16,0.0,5.0,3.25,3690,12353,2.0,5,1977,Lake Forest Park,0.0
2014-05-16,135333.33,4.0,1.0,1530,7200,1.5,3,1948,Seattle,88.45
2014-05-16,577437.5,4.0,2.5,2110,3750,2.0,3,2000,Seattle,273.67
2014-05-16,440825.0,3.0,1.75,2150,4333,1.0,3,1956,Seattle,205.03
2014-05-19,195000.0,5.0,3.75,5340,10655,2.5,4,1912,Seattle,36.52
2014-05-19,257500.0,4.0,1.75,2420,7672,1.0,3,1979,Issaquah,106.4
2014-05-19,692000.0,4.0,3.25,5010,34460,2.0,3,1988,Bellevue,138.12
2014-05-19,176400.0,2.0,1.0,910,9612,1.0,4,1981,Renton,193.85
2014-05-19,193000.0,3.0,1.5,2200,5000,1.5,3,1932,Seattle,87.73
2014-05-19,646212.5,4.0,2.5,3430,64441,2.0,3,2013,Woodinville,188.4
2014-05-20,268971.88,4.0,2.5,1860,6687,1.0,4,1983,Kent,144.61
2014-05-20,0.0,4.0,3.75,3300,4545,1.5,3,1926,Seattle,0.0
2014-05-20,317061.88,3.0,1.75,1280,10716,1.0,4,1969,Renton,247.7
2014-05-20,83300.0,3.0,2.0,1490,7770,1.0,4,1990,Covington,55.91
2014-05-21,0.0,5.0,2.25,2880,11965,2.0,4,1990,Covington,0.0
2014-05-21,266066.67,4.0,1.0,1310,5200,1.5,3,1945,Seattle,203.1
2014-05-22,342246.43,4.0,2.5,1980,7403,2.0,3,1988,Federal Way,172.85
2014-05-22,0.0,5.0,2.25,2000,7900,1.0,4,1986,SeaTac,0.0
2014-05-22,0.0,3.0,3.0,1860,7440,1.0,5,1954,Seattle,0.0
2014-05-22,0.0,4.0,3.0,1990,6180,2.0,3,1990,Federal Way,0.0
2014-05-22,240015.33,4.0,2.25,1720,8300,1.0,4,1973,Federal Way,139.54
2014-05-23,83300.0,3.0,2.0,1370,78408,1.0,5,1964,Covington,60.8
2014-05-23,316850.0,4.0,3.0,4060,35621,1.0,3,1989,Auburn,78.04
2014-05-23,259585.57,4.0,2.5,1960,9898,2.0,3,2001,Kent,132.44
2014-05-27,328211.9,4.0,2.5,1720,9600,1.0,3,1961,Auburn,190.82
2014-05-27,673476.82,4.0,2.5,2740,12899,2.0,4,1990,Sammamish,245.79
2014-05-27,0.0,4.0,1.0,1360,13372,1.0,3,1955,Kenmore,0.0
2014-05-27,425000.0,3.0,2.5,1870,5449,2.0,3,2003,Bothell,227.27
2014-05-28,127160.0,2.0,1.0,720,4222,1.0,4,1942,Renton,176.61
2014-05-28,341750.0,3.0,2.25,2180,7741,2.0,3,1986,Sammamish,156.77
2014-05-28,178650.0,3.0,1.5,1430,8960,1.0,4,1953,Burien,124.93
2014-05-28,87500.0,2.0,1.0,780,6685,1.0,4,1948,Auburn,112.18
2014-05-28,282508.89,3.0,1.0,1180,5002,1.5,3,1946,Shoreline,239.41
2014-05-28,450385.71,3.0,2.0,1300,3731,1.0,3,1993,Seattle,346.45
2014-05-28,435000.0,4.0,3.0,4260,18000,2.0,3,2000,Mercer Island,102.11
2014-05-28,532500.0,2.0,1.75,2050,11900,1.0,4,1950,Bellevue,259.76
2014-05-29,408900.0,3.0,1.75,2930,19876,1.0,3,1993,Woodinville,139.56
2014-05-29,156766.67,2.0,1.0,1500,4120,1.5,3,1928,Renton,104.51
2014-05-29,452500.0,5.0,3.5,5960,13703,2.0,3,1984,Bellevue,75.92
2014-05-29,308830.77,2.0,1.0,810,4800,1.0,3,1919,Seattle,381.27
2014-05-29,484991.67,4.0,2.75,2320,4344,2.0,3,2012,Renton,209.05
2014-05-30,287919.78,2.0,1.0,1090,5000,1.0,4,1942,Seattle,264.15
2014-05-30,247875.0,2.0,1.0,1000,4776,1.0,4,1942,Seattle,247.88
2014-05-30,309487.5,3.0,2.5,2260,19821,2.0,3,1994,Renton,136.94
2014-05-30,173666.67,4.0,1.0,1290,5000,1.5,3,1957,Seattle,134.63
2014-05-30,237481.25,3.0,2.0,2120,7560,1.0,3,1991,Renton,112.02
2014-05-30,326983.33,3.0,2.25,1490,4522,2.0,3,2009,Kenmore,219.45
2014-05-30,790000.0,4.0,2.5,2310,5100,2.0,3,2013,Seattle,341.99
2014-06-02,0.0,1.0,1.0,720,6000,1.0,3,1940,Seattle,0.0
2014-06-02,678333.33,3.0,2.5,1840,3035,1.0,3,1926,Seattle,368.66
2014-06-02,542804.75,5.0,2.75,2910,36250,1.0,3,1977,Sammamish,186.53
2014-06-02,723243.75,4.0,2.75,3270,12880,2.0,3,2014,Kirkland,221.18
2014-06-03,667781.25,5.0,2.75,3040,10257,2.0,3,1993,Bellevue,219.66
2014-06-03,108333.33,3.0,1.0,1200,9936,1.0,4,1969,Maple Valley,90.28
2014-06-03,0.0,5.0,2.75,2740,5616,1.5,5,1925,Seattle,0.0
2014-06-03,535000.0,4.0,2.25,2290,5350,2.0,4,1958,Seattle,233.62
2014-06-03,596165.43,4.0,2.0,2580,6000,1.0,5,1950,Seattle,231.07
2014-06-03,269187.5,3.0,1.75,1590,27200,1.5,4,1926,Maple Valley,169.3
2014-06-03,148612.5,3.0,1.0,1040,6860,2.0,3,1942,Seattle,142.9
2014-06-03,0.0,3.0,1.0,1300,6710,1.0,4,1952,Mercer Island,0.0
2014-06-03,0.0,5.0,2.5,2090,4698,2.0,3,1998,Maple Valley,0.0
2014-06-03,341166.67,5.0,2.75,2670,3800,2.0,3,2014,Renton,127.78
2014-06-04,132500.0,4.0,1.0,1540,115434,1.5,4,1923,Kent,86.04
2014-06-04,557125.0,4.0,2.75,3370,12447,2.0,3,1991,Woodinville,165.32
2014-06-04,228944.44,3.0,1.75,1730,11325,1.0,5,1972,Kent,132.34
2014-06-05,592105.71,3.0,2.5,1640,29970,2.0,3,1992,Redmond,361.04
2014-06-05,535000.0,4.0,2.25,2980,8051,1.5,4,1935,Seattle,179.53
2014-06-05,420642.86,3.0,2.0,1330,8100,1.0,4,1969,Kirkland,316.27
2014-06-05,132250.0,4.0,2.25,2192,12128,2.0,3,2006,Kent,60.33
2014-06-05,237227.86,4.0,2.5,2068,7242,2.0,4,1976,Auburn,114.71
2014-06-05,440825.0,3.0,1.75,1980,6250,1.0,5,1910,Seattle,222.64
2014-06-05,2560498.33,3.0,2.5,1710,1664,2.0,5,2003,Seattle,1497.37
2014-06-06,423050.93,2.0,1.0,890,4590,1.0,3,1923,Seattle,475.34
2014-06-06,1337044.2,4.0,3.5,4280,9583,2.0,3,2005,Bellevue,312.39
2014-06-06,315368.7,3.0,2.5,3080,12476,2.0,3,1990,Maple Valley,102.39
2014-06-06,417985.71,4.0,2.25,2070,7500,2.0,4,1977,Kirkland,201.93
2014-06-06,723243.75,4.0,2.75,3010,7215,2.0,3,2014,Kirkland,240.28
2014-06-09,259950.0,4.0,2.0,2030,9300,1.0,4,1976,Redmond,128.05
2014-06-09,0.0,4.0,3.75,4060,19290,2.0,3,2002,Sammamish,0.0
2014-06-10,237333.33,3.0,2.75,2340,16500,1.0,4,1972,Sammamish,101.42
2014-06-10,426090.0,3.0,2.5,2340,5957,2.0,3,1995,Kenmore,182.09
2014-06-10,458663.89,2.0,1.0,1470,7137,1.0,3,1941,Seattle,312.02
2014-06-10,812650.0,4.0,2.5,3700,21755,1.0,3,1988,Bellevue,219.64
2014-06-10,135333.33,4.0,1.0,1200,7200,1.5,3,1944,Seattle,112.78
2014-06-11,0.0,5.0,2.75,2910,53898,1.0,5,1979,Woodinville,0.0
2014-06-11,0.0,5.0,2.0,1910,7200,1.0,4,1951,Seattle,0.0
2014-06-11,0.0,3.0,2.5,2880,13500,1.0,5,1950,Clyde Hill,0.0
2014-06-11,0.0,5.0,2.75,3240,6863,2.0,3,2013,Renton,0.0
2014-06-12,387884.62,3.0,1.75,1590,8219,1.5,5,1938,Kirkland,243.95
2014-06-12,437500.0,5.0,3.5,3690,11928,2.0,3,2006,Sammamish,118.56
2014-06-12,641633.33,3.0,2.5,2480,5137,2.0,3,2000,Redmond,258.72
2014-06-12,681965.78,4.0,2.5,2683,40386,2.0,4,1987,Redmond,254.18
2014-06-12,229629.5,2.0,1.0,1100,8281,1.0,4,1947,Shoreline,208.75
2014-06-12,0.0,4.0,1.0,2080,3500,1.5,5,1926,Seattle,0.0
2014-06-12,210614.29,3.0,2.5,2210,10119,1.0,4,1966,Kent,95.3
2014-06-12,790000.0,4.0,3.25,2420,4000,1.5,5,1911,Seattle,326.45
2014-06-12,435500.0,3.0,3.5,1240,1666,2.0,3,2008,Seattle,351.21
2014-06-13,738190.86,3.0,2.5,2300,3060,1.5,3,1930,Seattle,320.95
2014-06-13,497333.33,3.0,1.75,1760,12874,1.0,4,1967,Bellevue,282.58
2014-06-13,300000.0,3.0,2.0,2020,8555,1.0,4,1957,Seattle,148.51
2014-06-15,1036200.0,4.0,3.25,2500,5801,1.5,3,1926,Seattle,414.48
2014-06-16,163785.71,2.0,1.0,760,5500,1.5,3,1947,Seattle,215.51
2014-06-16,351250.0,4.0,1.75,1580,5340,1.0,3,1947,Seattle,222.31
2014-06-17,645325.0,3.0,2.5,2670,10481,2.0,3,2003,Kirkland,241.69
2014-06-17,171224.8,3.0,1.0,1140,8366,1.0,5,1943,Renton,150.2
2014-06-17,0.0,5.0,3.75,3870,8225,2.0,3,1998,Sammamish,0.0
2014-06-17,540000.0,3.0,2.75,2750,18029,1.0,5,1978,Bellevue,196.36
2014-06-17,233166.67,3.0,2.0,1570,7000,2.0,4,1971,Seattle,148.51
2014-06-17,329333.33,3.0,1.75,1160,22470,1.0,4,1976,Kenmore,283.91
2014-06-17,225279.43,3.0,2.25,2110,7665,1.0,4,1973,Federal Way,106.77
2014-06-17,331366.67,3.0,2.5,1270,2509,2.0,3,2004,Seattle,260.92
2014-06-17,460886.92,4.0,2.5,3250,4500,2.0,3,2009,Renton,141.81
2014-06-18,337945.75,2.0,1.0,940,9839,1.0,3,1910,Seattle,359.52
2014-06-18,0.0,4.0,1.5,2310,68824,2.0,4,1968,Black Diamond,0.0
2014-06-18,243069.23,3.0,1.0,1130,12519,1.0,3,1958,Renton,215.11
2014-06-18,0.0,6.0,3.0,3020,13783,2.0,3,1952,Mercer Island,0.0
2014-06-18,690408.62,4.0,2.5,3210,14910,2.0,3,1995,Sammamish,215.08
2014-06-19,592105.71,3.0,2.5,2650,40705,2.0,3,1994,Redmond,223.44
2014-06-19,220083.33,3.0,1.75,1150,8079,1.0,4,1983,Kent,191.38
2014-06-19,280000.0,3.0,3.0,3910,19023,2.0,3,1985,Carnation,71.61
2014-06-19,297857.14,4.0,2.5,3490,5000,2.0,3,2003,Covington,85.35
2014-06-19,950833.33,5.0,3.0,3330,19126,2.0,4,1977,Mercer Island,285.54
2014-06-19,323833.33,4.0,1.0,1940,5753,1.5,3,1947,Seattle,166.92
2014-06-19,309000.0,3.0,2.5,1800,2700,2.0,3,2011,Seattle,171.67
2014-06-20,248400.0,3.0,1.75,1880,11249,1.0,3,1985,Auburn,132.13
2014-06-20,994500.0,4.0,2.25,2870,6280,1.5,4,1905,Seattle,346.52
2014-06-20,0.0,4.0,2.5,1960,11600,1.0,5,1931,Auburn,0.0
2014-06-20,0.0,4.0,1.0,1810,7500,1.0,2,1959,Seattle,0.0
2014-06-22,0.0,2.0,2.25,1490,6770,1.5,3,1926,Seattle,0.0
2014-06-23,0.0,3.0,4.5,5230,17826,2.0,3,2005,Mercer Island,0.0
2014-06-23,288500.0,5.0,2.5,3390,9760,1.0,5,1978,Renton,85.1
2014-06-23,379509.17,2.0,1.0,880,6413,1.0,3,1950,Seattle,431.26
2014-06-23,180785.71,2.0,1.0,2550,21675,1.0,4,1958,Des Moines,70.9
2014-06-23,950100.0,4.0,2.5,3160,13194,2.0,5,1965,Mercer Island,300.66
2014-06-24,0.0,4.0,5.0,4550,18641,1.0,3,2002,Sammamish,0.0
2014-06-24,542500.0,5.0,2.75,3831,13800,2.0,3,1959,Mercer Island,141.61
2014-06-24,362750.0,2.0,1.75,1240,3000,1.5,3,1906,Seattle,292.54
2014-06-24,234975.0,4.0,2.75,2520,14021,2.0,3,1999,Duvall,93.24
2014-06-24,672500.0,4.0,2.25,2420,10200,2.0,4,1973,Mercer Island,277.89
2014-06-24,391400.0,4.0,1.75,1250,7400,1.0,5,1959,Bellevue,313.12
2014-06-24,0.0,3.0,2.75,1310,7300,1.0,3,1957,Bellevue,0.0
2014-06-24,198995.0,3.0,1.0,1410,8053,1.0,4,1951,Seattle,141.13
2014-06-24,278900.0,3.0,1.0,990,9798,1.0,3,1968,Woodinville,281.72
2014-06-24,171758.33,3.0,1.0,1000,8512,1.0,3,1991,Enumclaw,171.76
2014-06-24,325187.5,3.0,1.75,2000,7560,1.0,4,1968,Renton,162.59
2014-06-25,190368.75,2.0,1.0,1120,5650,1.0,3,1944,Seattle,169.97
2014-06-25,375000.0,5.0,3.25,3370,7947,2.0,3,2001,Kirkland,111.28
2014-06-25,216000.0,3.0,2.75,2210,4000,2.0,3,2008,Redmond,97.74
2014-06-25,0.0,5.0,3.5,2640,6895,2.0,3,2001,Snoqualmie,0.0
2014-06-25,360500.0,3.0,2.5,1150,887,3.0,3,2007,Seattle,313.48
2014-06-26,677099.57,4.0,2.5,2150,27540,2.0,3,1997,Redmond,314.93
2014-06-26,405125.0,4.0,2.75,4230,31747,2.0,4,1985,Woodinville,95.77
2014-06-26,289987.5,3.0,1.75,1570,15330,1.0,3,1956,Burien,184.71
2014-06-26,264270.0,3.0,2.5,1630,7700,1.0,3,1978,Kent,162.13
2014-06-26,602761.0,4.0,2.5,2770,10274,2.0,3,1989,Issaquah,217.6
2014-06-26,251555.56,3.0,1.0,1750,7800,1.0,4,1956,Burien,143.75
2014-06-26,214750.0,3.0,1.5,1090,8160,1.0,3,1967,Renton,197.02
2014-06-26,258125.0,2.0,1.0,930,7740,1.0,3,1924,Seattle,277.55
2014-06-26,0.0,4.0,2.0,2100,4857,2.0,3,1965,Lake Forest Park,0.0
2014-06-27,677099.57,4.0,2.5,2540,38677,2.0,3,1987,Redmond,266.57
2014-06-27,0.0,2.0,1.0,810,8424,1.0,4,1959,Federal Way,0.0
2014-06-27,0.0,2.0,1.5,1520,8040,1.0,5,1951,Seattle,0.0
2014-06-27,167500.0,1.0,1.0,690,1950,1.0,3,1928,Seattle,242.75
2014-06-27,471500.0,4.0,3.0,2370,3672,1.5,5,1916,Seattle,198.95
2014-06-28,0.0,4.0,4.25,3500,8750,1.0,5,1951,Seattle,0.0
2014-06-29,464600.0,2.0,1.0,840,3400,1.0,4,1924,Seattle,553.1
2014-06-30,132250.0,4.0,2.25,1830,8734,2.0,4,1991,Kent,72.27
2014-06-30,433111.11,3.0,2.25,1370,1524,3.0,3,2005,Seattle,316.14
2014-06-30,542500.0,5.0,2.75,2520,16100,1.0,4,1960,Mercer Island,215.28
2014-07-01,0.0,2.0,2.25,2130,4920,1.5,4,1941,Seattle,0.0
2014-07-01,368112.5,4.0,2.5,2590,8483,2.0,3,1991,Bothell,142.13
2014-07-01,673476.82,4.0,2.5,1820,20011,2.0,3,1987,Sammamish,370.04
2014-07-01,558653.85,3.0,2.5,1530,3210,1.5,5,1928,Seattle,365.13
2014-07-02,0.0,4.0,2.5,4080,18362,2.0,4,1983,Clyde Hill,0.0
2014-07-02,168333.33,2.0,1.0,1050,6600,1.5,3,1964,Burien,160.32
2014-07-02,268971.88,4.0,2.5,1954,4805,2.0,3,2005,Kent,137.65
2014-07-02,318000.0,2.0,1.75,1530,3503,1.0,4,1916,Seattle,207.84
2014-07-02,550607.14,4.0,2.0,1660,4800,1.5,3,1922,Seattle,331.69
2014-07-02,1288333.33,6.0,4.5,3830,4800,3.0,3,1919,Seattle,336.38
2014-07-02,584000.0,3.0,1.75,1490,1036,2.0,3,2008,Seattle,391.95
2014-07-02,0.0,3.0,1.0,1520,9030,1.0,3,1956,Bellevue,0.0
2014-07-02,0.0,5.0,6.25,8020,21738,2.0,3,2001,Bellevue,0.0
2014-07-02,245000.0,3.0,3.0,2470,7410,2.0,5,1977,Seattle,99.19
2014-07-03,287919.78,2.0,1.0,870,4600,1.0,4,1942,Seattle,330.94
2014-07-05,672500.0,4.0,2.25,2110,12653,2.0,4,1972,Mercer Island,318.72
2014-07-06,454790.0,2.0,1.75,1990,4000,1.0,5,1952,Seattle,228.54
2014-07-07,282508.89,3.0,1.0,1560,7552,1.0,4,1948,Shoreline,181.1
2014-07-07,473200.0,3.0,1.5,1740,4200,1.5,4,1920,Seattle,271.95
2014-07-07,406062.5,2.0,1.0,1290,4650,1.0,4,1906,Seattle,314.78
2014-07-07,282766.67,4.0,2.0,1700,8640,1.0,3,1955,Bellevue,166.33
2014-07-07,486445.83,3.0,1.75,1880,10032,1.0,4,1984,Bellevue,258.75
2014-07-07,486895.0,3.0,1.0,1890,3330,1.5,4,1901,Seattle,257.62
2014-07-07,430277.78,3.0,2.25,1620,1075,3.0,3,2009,Issaquah,265.6
2014-07-08,229629.5,2.0,1.0,770,8149,1.0,3,1948,Shoreline,298.22
2014-07-08,0.0,4.0,2.25,2890,18226,3.0,3,1984,Renton,0.0
2014-07-08,182805.0,3.0,1.0,1040,8892,1.0,4,1958,Federal Way,175.77
2014-07-08,380680.56,4.0,2.5,2620,8331,2.0,3,1991,Renton,145.3
2014-07-08,396166.67,3.0,1.75,1880,5752,1.0,4,1945,Seattle,210.73
2014-07-08,252980.0,4.0,2.5,2530,8169,2.0,3,1993,Federal Way,99.99
2014-07-08,289373.31,3.0,2.5,2538,4600,2.0,3,2013,Auburn,114.02
2014-07-09,210614.29,3.0,2.5,1610,7223,2.0,3,1994,Kent,130.82
2014-07-09,308166.67,3.0,1.75,1510,6360,1.0,4,1954,Seattle,204.08
2014-07-09,534333.33,3.0,2.5,1460,7573,2.0,3,1983,Bellevue,365.98
2014-07-09,416904.17,3.0,2.5,3010,7014,2.0,3,2009,Renton,138.51
2014-07-10,203400.0,4.0,2.0,2090,6630,1.0,3,1974,Seattle,97.32
2014-07-10,220600.0,3.0,2.5,1490,8102,2.0,4,1990,Covington,148.05
